{
  "name": "Zhang-Cui-Liu 3",
  "degree": 20,
  "test_tolerance": 9.646e-16,
  "data": {
    "centroid": [[0.0125376079944966565735856367723948]],
    "d3_aa": [
      [
        0.0274718698764242137484535496073598,
        0.0097652722770514230413646914294237,
        0.0013984195353918235239233631597867,
        0.009292102625185182630428203403033, 0.016577876032366925326023625035184
      ],
      [
        0.2158743059329919731902545438401828,
        0.0753767665297472780972854309459163,
        0.0103008281372217921136862160096969,
        0.4936022112987001655119208321450536,
        0.461550938106925296741048710291518
      ]
    ],
    "d3_ab": [
      [
        0.0206677623486650769614219700129729,
        0.0208222355211545073068785561993297,
        0.009568638419849060688875845045832,
        0.0244527709689724638856439207024089,
        0.0031557306306305340038264003207296,
        0.0121367963653212969370133090807574,
        0.0149664801438864490365249118515707,
        0.0063275933217777395693240327504398,
        0.0013425603120636958849798512981433,
        0.0027760769163475540677293561558015,
        0.0107398444741849415551734474479517,
        0.0053678057381874532052474100212697
      ],
      [
        0.3286214064242369933034974609509133,
        0.2604803617865687564195930170811535, 0.1370742358464553,
        0.146726945872299784304160988487453, 0.02699897774255329,
        0.0618717859336170268417124700122339,
        0.0477243674276219962083526801042934,
        0.1206005151863643799672337870400794,
        0.0026971477967097876716489145012827,
        0.003015633277942362657276259823471,
        0.0299053757884570188069287738643386,
        0.0067566542224609885399458175192278
      ],
      [
        0.4293405702582103752139588004663984,
        0.1015775342809694461687550061961797,
        0.7100659730011301599879040745464079,
        0.4985454776784148493896226967076119,
        0.0491867226725820016197037125775872,
        0.7796601465405693953603506190768108,
        0.3704915391495476369201496202567388,
        0.8633469487547526484979879960925217,
        0.0561949381877455029878923019865887,
        0.2086750067484213509575944630613577,
        0.7211512409120340910281041502050941,
        0.6400554419405418899040536682721647
      ]
    ]
  }
}
