{
  "name": "Zhang-Cui-Liu 2",
  "degree": 14,
  "test_tolerance": 8.362e-16,
  "data": {
    "centroid": [[0.058596285226028594127893806347756]],
    "d3_aa": [
      [
        0.0017351512297252675680618638808094,
        0.0261637825586145217778288591819783,
        0.0039197292424018290965208275701454,
        0.0122473597569408660972869899262505,
        0.0281996285032579601073663071515657,
        0.050887087185959485296034827545454,
        0.0504534399016035991910208971341189
      ],
      [
        0.0099797608064584324152935295820524,
        0.4799778935211883898105528650883899, 0.1538119591769669,
        0.07402347711698781, 0.13035468250333,
        0.2306172260266531342996053700983831,
        0.4223320834191478241144087137913939
      ]
    ],
    "d3_ab": [
      [
        0.0170636442122334512900253993849472,
        0.0096834664255066004075209630934194,
        0.0363857559284850056220113277642717,
        0.0069646633735184124253997225042413
      ],
      [
        0.78623738593466100332962211403309,
        0.6305521436606074416224090755688129,
        0.6265773298563063142335123137534265,
        0.9142099849296254122399670993850469
      ],
      [
        0.1906163600319009042461432828653034,
        0.3623231377435471446183267343597729,
        0.2907712058836674150248168174816732,
        0.0711657108777507625475924502924336
      ]
    ]
  }
}
