{
  "name": "Zhang-Cui-Liu 1",
  "degree": 8,
  "test_tolerance": 4.997e-16,
  "data": {
    "centroid": [[0.1443156076777871682510911104890646]],
    "d3_aa": [
      [
        0.103217370534718250281791550292129,
        0.0324584976231980803109259283417806,
        0.0950916342672846247938961043885843
      ],
      [
        0.1705693077517602066222935014914645,
        0.0505472283170309754584235505965989,
        0.4592925882927231560288155144941693
      ]
    ],
    "d3_ab": [
      [0.0272303141744349942648446900739089],
      [0.2631128296346381134217857862846436],
      [0.0083947774099576053372138345392944]
    ]
  }
}
