{
  "name": "Witherden-Vincent 11",
  "domain": "C2",
  "degree": 11,
  "test_tolerance": 1.152e-15,
  "weight factor": 0.25,
  "data": {
    "d4_a0": [
      [0.21740043986871200551566672515052291339],
      [0.71461782966460591762942382404176367266]
    ],
    "d4_aa": [
      [
        0.27727410298385108795028691796804462632,
        0.21393363787824810450280500660206134837
      ],
      [
        0.27365721017145961383557026431906649027,
        0.63660393221230104405852833198974404207
      ]
    ],
    "d4_ab": [
      [
        0.044074569114983092054304271154112061776,
        0.10162134051961130896131640398557349419
      ],
      [
        0.95163038878403345881049829363696371918,
        0.34620720004764544118747320724330043979
      ],
      [
        0.81556543368963841306389865463928759233,
        0.93556787148759108135480212161830515337
      ]
    ]
  }
}
