{
  "name": "Witherden-Vincent 5",
  "domain": "C2",
  "degree": 5,
  "test_tolerance": 1.305e-15,
  "weight factor": 0.25,
  "data": {
    "d4_a0": [
      [0.8163265306122448979591836734693877551],
      [0.68313005106397322554806924536807013272]
    ],
    "d4_aa": [
      [0.1836734693877551020408163265306122449],
      [0.8819171036881968635005385845464201419]
    ]
  }
}
