{
  "name": "Rabinowitz-Richter 5",
  "domain": "S2",
  "degree": 13,
  "test_tolerance": 2.115e-15,
  "weight factor": 0.318309886183790671537767526745028724068919291480912897495,
  "data": {
    "zero2": [[0.1604310638138027]],
    "d4_a0": [
      [0.1424323658922069, 0.0556845391070962, 0.1114444717392537],
      [0.3879803784555729, 0.9358527527678654, 0.7134059509780893]
    ],
    "d4_aa": [
      [0.0449789946826613, 0.1347199228191621],
      [0.6759153919798939, 0.3835039628013994]
    ],
    "d4_ab": [
      [0.0316618826416774, 0.0963531689601313],
      [0.3464101615137754, 0.7106593341863341],
      [0.9066277008560241, 0.3816598192059473]
    ]
  }
}
