{
  "name": "Rabinowitz-Richter 4",
  "domain": "S2",
  "degree": 11,
  "test_tolerance": 1.526e-15,
  "weight factor": 0.318309886183790671537767526745028724068919291480912897495,
  "data": {
    "d4_a0": [
      [0.0478396326404247, 0.159700391745659, 0.2016322022034297],
      [0.9669004345445009, 0.7226054070052285, 0.3233163607428629]
    ],
    "d4_aa": [
      [0.0165089733783664, 0.1801837855454157],
      [0.7036534680827588, 0.4638891735186042]
    ],
    "d4_ab": [[0.0897665889420765], [0.4135214625627066], [0.8138386408455507]]
  }
}
