{
  "name": "Rabinowitz-Richter 2",
  "domain": "S2",
  "degree": 9,
  "test_tolerance": 9.417e-15,
  "weight factor": 0.318309886183790671537767526745028724068919291480912897495,
  "data": {
    "zero2": [[0.004317395418843]],
    "d4_a0": [
      [0.0734867016303473, 0.3295210136662689],
      [0.9499490053854548, 0.4184300297249359]
    ],
    "d4_aa": [[0.0046091399966757], [0.848528137423857]],
    "d4_ab": [[0.1883509796247228], [0.3830079234911947], [0.7409163950514299]]
  }
}
