{
  "name": "Rabinowitz-Richter 1",
  "domain": "S2",
  "degree": 9,
  "test_tolerance": 1.814e-15,
  "weight factor": 0.318309886183790671537767526745028724068919291480912897495,
  "data": {
    "d4_aa": [[0.2296152967863584], [0.550560990672436]],
    "d4_a0": [
      [0.185195876524645, 0.2930225148631698],
      [0.8377170225998396, 0.392439314231581]
    ],
    "d4_ab": [[0.0387822376116376], [0.4249164962326038], [0.9112013890413142]]
  }
}
