{
  "name": "Griener-Schmid 2",
  "domain": "T2",
  "degree": 6,
  "test_tolerance": 4.996e-16,
  "data": {
    "swap_ab": [
      [
        0.12493284637910931301, 0.05736898913621279825, 0.12547963681681714946,
        0.08681653242072448544
      ],
      [
        0.62261842170067743793, 0.86560137104657306697, 0.56391552905457826463,
        0.19794325221245567307
      ],
      [
        0.29681206443213099158, 0.05848274947077690073, 0.06887470996336075494,
        0.04812894161425963489
      ]
    ],
    "s2_static": [
      [0.21037615383745954659, 0.00042783665681296109],
      [0.30783381768828903704, -0.17255363572833024944]
    ]
  }
}
