{
  "name": "Griener-Schmid 1",
  "domain": "T2",
  "degree": 6,
  "test_tolerance": 3.886e-16,
  "data": {
    "swap_ab": [
      [
        0.00051542875928455448, 0.1047953131328468099, 0.14855110930104331913,
        0.09497723917756742321
      ],
      [
        1.28867990757340236072, 0.78822920956686404839, 0.40172877323475981682,
        0.64933214716985020413
      ],
      [
        -0.00879199714420631034, 0.0646888060560109094, 0.07682571684908210504,
        0.29502511936941515372
      ]
    ],
    "s2_static": [
      [0.09099352359044946853, 0.21132829566806631803],
      [0.08533316117031069729, 0.35369054666996447962]
    ]
  }
}
