{
  "name": "Dunavant 9",
  "domain": "C2",
  "degree": 19,
  "test_tolerance": 2.776e-15,
  "weight factor": 2.5e-1,
  "comments": ["precision improved with quadpy-optimize"],
  "data": {
    "d4_a0": [
      [3.8205406871461678e-2, 1.3536850297652131e-1],
      [9.4396283180824003e-1, 5.369184343760135e-1]
    ],
    "d4_aa": [
      [
        5.7737085586641364e-3, 6.7460759759472952e-2, 1.4089911522789234e-1,
        4.7466627685662587e-2
      ],
      [
        9.7398107639416953e-1, 7.4299553532760954e-1, 2.8501005218891651e-1,
        6.8354569272491186e-2
      ]
    ],
    "d4_ab": [
      [
        7.8619467342982488e-2, 9.497916951139436e-2, 2.2331162356015191e-2,
        5.5594877793784969e-2, 6.0490545063761336e-3, 2.4839207949609469e-2
      ],
      [
        8.0295200439854353e-1, 6.3424467280788199e-1, 9.7835070690822712e-1,
        9.0167271441038943e-1, 1.0070184493831162, 9.4516145357347137e-1
      ],
      [
        2.0334553416333115e-1, 4.2657217299287631e-1, 2.9583077662099488e-1,
        5.4198303732787068e-1, 6.6941479878393428e-1, 8.295014214778238e-1
      ]
    ]
  }
}
