{
  "name": "Dunavant 8",
  "domain": "C2",
  "degree": 17,
  "test_tolerance": 1.832e-15,
  "weight factor": 2.5e-1,
  "comments": ["precision improved with quadpy-optimize"],
  "data": {
    "d4_a0": [
      [2.0614915919990914e-2, 1.2802571617990902e-1],
      [9.8935307451260057e-1, 3.7628520715797537e-1]
    ],
    "d4_aa": [
      [5.511739534031777e-3, 3.9207712457141823e-2, 7.6396945079864817e-2],
      [9.7884827926223339e-1, 8.8579472916411628e-1, 1.717561238383486e-1]
    ],
    "d4_ab": [
      [
        1.4151372994997241e-1, 8.3903279363797517e-2, 6.0394163649684536e-2,
        5.7387752969212641e-2, 2.1922559481863724e-2
      ],
      [
        5.9049927380600276e-1, 7.9907913191686331e-1, 8.0374396295874462e-1,
        9.3650627612749471e-1, 9.8132117980545219e-1
      ],
      [
        3.1950503663457441e-1, 5.9797245192945736e-1, 5.8344481776549925e-2,
        3.4738631616620225e-1, 7.0600028779864576e-1
      ]
    ]
  }
}
