{
  "name": "Dunavant 5",
  "domain": "C2",
  "degree": 11,
  "test_tolerance": 1.457e-15,
  "weight factor": 2.5e-1,
  "comments": ["precision improved with quadpy-optimize"],
  "data": {
    "zero2": [[3.6537952558590331e-1]],
    "d4_a0": [
      [2.7756165564204349e-2, 2.4427205775175351e-1],
      [1.0444029154098131, 7.6979906839664936e-1]
    ],
    "d4_aa": [
      [3.4265103851229259e-2, 3.0899303613371348e-1],
      [9.357870124405403e-1, 4.134919534491141e-1]
    ],
    "d4_ab": [
      [1.466843776513117e-1],
      [8.8302550852569028e-1],
      [5.7565359584046494e-1]
    ]
  }
}
