{
  "name": "Dunavant 10",
  "domain": "C2",
  "degree": 21,
  "test_tolerance": 2.665e-15,
  "weight factor": 2.5e-1,
  "comments": ["precision improved with quadpy-optimize"],
  "data": {
    "d4_a0": [
      [1.9503841092683456e-2, 8.9012127744266992e-2, 1.1456858470274736e-1],
      [9.8088314883288275e-1, 6.7815270033657171e-1, 2.405992822758618e-1]
    ],
    "d4_aa": [
      [7.4636273591058653e-3, 5.0585943594705168e-2, 7.461386518421334e-2],
      [9.6517699492916142e-1, 7.4969853931276109e-1, 5.6898392550081467e-1]
    ],
    "d4_ab": [
      [
        2.3501091310143652e-2, 1.1588562644143895e-2, 2.3073245798172121e-2,
        1.5702217744723163e-3, 4.9102258016275643e-2, 4.2512352239127166e-2,
        6.7270936863160796e-2, 1.0350733651564401e-1
      ],
      [
        9.7108614284316674e-1, 9.8345394785496931e-1, 9.3392770702721151e-1,
        1.0140864989150375, 8.7791484215549498e-1, 8.8224688264012618e-1,
        7.4132445331459507e-1, 4.6957021771064333e-1
      ],
      [
        3.5583213227457883e-1, 6.4558813919655633e-1, 8.2192024923436491e-1,
        8.6218509956656364e-1, 1.6891407245025591e-1, 5.6811358016677649e-1,
        3.71360260002216e-1, 2.3733335919354454e-1
      ]
    ]
  }
}
