{
  "name": "Dunavant 6",
  "domain": "C2",
  "degree": 13,
  "test_tolerance": 2.22e-15,
  "weight factor": 2.5e-1,
  "comments": ["precision improved with quadpy-optimize"],
  "data": {
    "d4_a0": [
      [5.6561696937636506e-3, 1.9244386747039594e-1],
      [1.0860561585739712, 6.582081970425846e-1]
    ],
    "d4_aa": [
      [5.1668329797729673e-3, 2.0030255962213805e-1, 2.2812517591253631e-1],
      [1.0013006029917286, 5.8463616877594626e-1, 2.4679561272026146e-1]
    ],
    "d4_ab": [
      [1.1749692697449154e-1, 6.665577018620554e-2],
      [9.0025881528720086e-1, 9.2986670556077966e-1],
      [3.0472067857987017e-1, 7.4505272013116874e-1]
    ]
  }
}
