{
  "name": "Dunavant 7",
  "domain": "C2",
  "degree": 15,
  "test_tolerance": 1.998e-15,
  "weight factor": 2.5e-1,
  "comments": ["precision improved with quadpy-optimize"],
  "data": {
    "zero2": [[-1.7689798272070571e-3]],
    "d4_a0": [
      [1.2816726617511681e-2, 1.1989787310134672e-1, 2.1088545220880026e-1],
      [1.0273143577193671, 8.5676677614764296e-1, 3.2733299818972283e-1]
    ],
    "d4_aa": [
      [6.392720128215186e-3, 1.0441568078857988e-1],
      [9.6722374002850531e-1, 7.3216890174971061e-1]
    ],
    "d4_ab": [
      [1.680530472038157e-1, 7.6169694452294559e-2, 2.8794154400063571e-2],
      [6.2197442799680458e-1, 9.2861848006835146e-1, 9.6045747488751632e-1],
      [3.2169669492100883e-1, 4.5512417812117889e-1, 8.0986368408121745e-1]
    ]
  }
}
