{
  "name": "Zhang-Cui-Liu 1",
  "domain": "T3",
  "degree": 8,
  "test_tolerance": 4.758e-17,
  "data": {
    "s31": [
      [
        0.006397147779902321321451420335173,
        0.0401904480209661724881611584798178,
        0.0243079755047703211748691087719226,
        0.0548588924136974404669241239903914
      ],
      [
        0.0396754230703899012650713295393895,
        0.3144878006980963137841605626971483, 0.1019866930627033,
        0.1842036969491915122759464173489092
      ]
    ],
    "s22": [
      [0.0357196122340991824649509689966176],
      [0.0634362877545398924051412387018983]
    ],
    "s211": [
      [
        0.0071831906978525394094511052198038,
        0.0163721819453191175409381397561191
      ],
      [
        0.0216901620677280048026624826249302,
        0.2044800806367957142413355748727453
      ],
      [
        0.7199319220394659358894349533527348,
        0.5805771901288092241753981713906204
      ]
    ]
  }
}
