{
  "name": "Zhang-Cui-Liu 2",
  "domain": "T3",
  "degree": 14,
  "test_tolerance": 2.379e-17,
  "data": {
    "s31": [
      [
        0.0040651136652707670436208836835636,
        0.0022145385334455781437599569500071,
        0.0058134382678884505495373338821455,
        0.0196255433858357215975623333961715,
        0.0003875737905908214364538721248394
      ],
      [
        0.3272533625238485639093096692685289,
        0.0447613044666850808837942096478842,
        0.0861403311024363536537208740298857,
        0.2087626425004322968265357083976176,
        0.0141049738029209600635879152102928
      ]
    ],
    "s211": [
      [
        0.0116429719721770369855213401005552,
        0.0052890429882817131317736883052856,
        0.0018310854163600559376697823488069,
        0.008249647377214645206744966917366
      ],
      [
        0.1021653241807768123476692526982584,
        0.4075700516600107157213295651301783,
        0.0156640007402803585557586709578084,
        0.2254963562525029053780724154201103
      ],
      [
        0.5739463675943338202814002893460107, 0.09222787013902013,
        0.7012810959589440327139967673208426,
        0.4769063974420887115860583354107011
      ]
    ],
    "s1111": [
      [
        0.0030099245347082451376888748208987,
        0.0008047165617367534636261808760312,
        0.0029850412588493071187655692883922,
        0.0056896002418760766963361477811973,
        0.0041590865878545715670013980182613,
        0.0007282389204572724356136429745654,
        0.0054326500769958248216242340651926
      ],
      [
        0.3905984281281458, 0.1061350679989021455556139029848079,
        0.5636383731697743896896816630648502,
        0.3676255095325860844092206775991167,
        0.7192323689817295295023401840796991,
        0.5278249952152987298409240075817276,
        0.5483674544948190728994910505607746
      ],
      [
        0.2013590544123922168123077327235092,
        0.032735818681726928494400407791266,
        0.2302920722300657454502526874135652,
        0.2078851380230044950717102125250735,
        0.1763279118019329762157993033636973,
        0.4372890892203418165526238760841918,
        0.3447815506171641228703671870920331
      ],
      [
        0.0161122880710300298578026931548371,
        0.0035979076537271666907971523385925,
        0.1907199341743551862712487790637898, 0.3312104885193449,
        0.0207602362571310090754973440611644,
        0.009220165185664194946317755494922,
        0.0867217283322215394629438740085828
      ]
    ]
  }
}
