{
  "name": "Vioreanu-Rokhlin 1",
  "domain": "T3",
  "degree": 2,
  "test_tolerance": 2.379e-17,
  "weight factor": 0.75,
  "data": {
    "s31": [[0.3333333333333333], [0.1381966011250106]]
  }
}
