{
  "name": "Vioreanu-Rokhlin 2",
  "domain": "T3",
  "degree": 3,
  "test_tolerance": 2.379e-17,
  "weight factor": 0.75,
  "data": {
    "s31": [[0.06722501662827225], [0.07714091970968884]],
    "s22": [[0.1774055444700407], [0.4059745208742446]]
  }
}
