{
  "name": "Vioreanu-Rokhlin 3",
  "domain": "T3",
  "degree": 5,
  "test_tolerance": 4.758e-17,
  "weight factor": 0.75,
  "data": {
    "s31": [
      [0.03647345460966428, 0.1335462682596192],
      [0.0699427920782677, 0.3097442551731893]
    ],
    "s211": [[0.05443787015468327], [0.06164442753123828], [0.5838467212163365]]
  }
}
