{
  "name": "Vioreanu-Rokhlin 4",
  "domain": "T3",
  "degree": 6,
  "test_tolerance": 1.19e-16,
  "weight factor": 0.75,
  "data": {
    "s4": [[0.1217684000224085]],
    "s31": [[0.01115617800911627], [0.04481876259019502]],
    "s22": [[0.02932785970523123], [0.4535094091980409]],
    "s211": [
      [0.02149874196554802, 0.0610823466213746],
      [0.04431548387057316, 0.2272082578263463],
      [0.700956892176399, 0.05104553962651259]
    ]
  }
}
