{
  "name": "Vioreanu-Rokhlin 5",
  "domain": "T3",
  "degree": 7,
  "test_tolerance": 3.331e-16,
  "weight factor": 0.75,
  "data": {
    "s31": [
      [0.009851051861183095, 0.06514655955538516],
      [0.04717778359328573, 0.1953741548049375]
    ],
    "s211": [
      [
        0.008393257975516334, 0.01823867305835592, 0.02884515620851804,
        0.03063482006319787
      ],
      [
        0.0340323740420172, 0.04026038652328617, 0.1847132125389332,
        0.3851844624255586
      ],
      [
        0.7679769895445143, 0.5785386005230662, 0.0398678720977424,
        0.1892713069674117
      ]
    ]
  }
}
