{
  "name": "Vioreanu-Rokhlin 6",
  "domain": "T3",
  "degree": 9,
  "test_tolerance": 3.569e-16,
  "weight factor": 0.75,
  "data": {
    "s31": [
      [0.004945914135463306, 0.02522896190677588, 0.03402441161166769],
      [0.03556631480914729, 0.32261178636784, 0.1512007882172118]
    ],
    "s22": [
      [0.009250687037503105, 0.0471468051015252],
      [0.02788965124806808, 0.3437976739841325]
    ],
    "s211": [
      [0.004285129606204518, 0.007439006613987653, 0.01453642863447186],
      [0.02746372670954444, 0.02958339293908863, 0.1464088963597444],
      [0.8069307625165607, 0.6778165664396495, 0.0303638573266477]
    ],
    "s1111": [
      [0.0176260188178152],
      [0.5071064293713055],
      [0.3193022325264996],
      [0.1429601001927085]
    ]
  }
}
