{
  "name": "Vioreanu-Rokhlin 7",
  "domain": "T3",
  "degree": 10,
  "test_tolerance": 1.76e-15,
  "weight factor": 0.75,
  "data": {
    "s31": [
      [0.001262683197423406, 0.02170104502184572, 0.03203729014727367],
      [0.01941122489301828, 0.1255838222754385, 0.2892110643292711]
    ],
    "s211": [
      [
        0.003816360181044174, 0.003858627669230225, 0.005401271899284645,
        0.006749263744790283, 0.01078862373479965, 0.01326836978850226,
        0.02545990060255948
      ],
      [
        0.02703350840562557, 0.02648226491257816, 0.02233333002918325,
        0.1204991798045645, 0.4304204597375166, 0.2743983921192598,
        0.1317016306156411
      ],
      [
        0.7293926850123016, 0.8346860742795041, 0.5855325724314953,
        0.0221861063547546, 0.1136247661434978, 0.02644624205083912,
        0.4510721858498442
      ]
    ],
    "s1111": [
      [0.0117175103510257],
      [0.580822433215129],
      [0.2655436309321665],
      [0.1265978171994966]
    ]
  }
}
