{
  "name": "Vioreanu-Rokhlin 8",
  "domain": "T3",
  "degree": 11,
  "test_tolerance": 7.613e-16,
  "weight factor": 0.75,
  "data": {
    "s4": [[0.03302611141250949]],
    "s31": [
      [0.001959903828226847, 0.01324205607746111],
      [0.02617103277295219, 0.1006862685057424]
    ],
    "s22": [
      [0.00229274449573136, 0.01508897928856845],
      [0.01375236581886419, 0.3881547512699796]
    ],
    "s211": [
      [
        0.0009695447888568765, 0.002802692325922526, 0.003118388063437694,
        0.004365256048613347, 0.008645355473711726, 0.009480997640758474,
        0.01806093108194538, 0.01842574822070229
      ],
      [
        0.02388787886656957, 0.01903349443211699, 0.100859667399371,
        0.02434906451212993, 0.3718666283348195, 0.2247178848749781,
        0.1171336251346634, 0.2516437633635237
      ],
      [
        0.8705443116154074, 0.7970471485218408, 0.01436337595093029,
        0.6322506459263664, 0.2352758046590782, 0.02248198827546399,
        0.5212126864871611, 0.1073345337250223
      ]
    ],
    "s1111": [
      [0.005950359199919208, 0.008415560627784396],
      [0.6716079793211197, 0.5181755993267751],
      [0.2028653638555222, 0.3567323365469498],
      [0.1012015873047946, 0.1028384582772451]
    ]
  }
}
