{
  "name": "Vioreanu-Rokhlin 9",
  "domain": "T3",
  "degree": 13,
  "test_tolerance": 8.089e-16,
  "weight factor": 0.75,
  "data": {
    "s211": [
      [
        0.0005973324616573234, 0.001530602010365591, 0.001747170153157562,
        0.002084303013925438, 0.002673796478110494, 0.01066709630566213,
        0.01229281709786569, 0.01250759519378543, 0.01404082813990796,
        0.005719278052186033, 0.006394220575258051
      ],
      [
        0.01330521685089425, 0.0176839959771713, 0.01529671184250192,
        0.01653903692788761, 0.08507539000069664, 0.09719941787513314,
        0.3463288089439753, 0.09576008835067273, 0.2204649331210681,
        0.4469402940184373, 0.1891121490910459
      ],
      [
        0.9020031738386604, 0.8196215282360872, 0.7011322545807197,
        0.5552429363123564, 0.01623321259293437, 0.4601344642402377,
        0.215505487067166, 0.6023289518800232, 0.09329765691467751,
        0.08675844882562167, 0.01892485052021575
      ]
    ],
    "s31": [
      [
        0.0009867179979395793, 0.005506829153098441, 0.006875685401153072,
        0.02136208805503387
      ],
      [
        0.02195048789714021, 0.3276176808608863, 0.08433252216723813,
        0.2136603304379895
      ]
    ],
    "s1111": [
      [0.003095950883546983, 0.005138056712393536, 0.00640547478413641],
      [0.7235027978629237, 0.5990133535361137, 0.4568679514095241],
      [0.1786655410279764, 0.2979840982969011, 0.3253255095768594],
      [0.07971539172604925, 0.08413051172360086, 0.1994214547588828]
    ]
  }
}
