{
  "name": "Cools-Haegemans 13-1",
  "domain": "E2r",
  "degree": 13,
  "test_tolerance": 2.639e-4,
  "data": {
    "d4_ab": [
      [0.349576159382e-3, 0.81181788018e-7],
      [0.440868750107e1, 0.612875813778e1],
      [0.846137441898e1, 0.184172396974e2]
    ],
    "d4_aa": [
      [0.221639541537e-1, 0.235237743266e-5],
      [0.333571127362e1, 0.107069623452e2]
    ],
    "d4_a0": [
      [0.215329671891, 0.117545924716e-1, 0.501144236799e-4],
      [0.164604838529e1, 0.547313346063e1, 0.117345213439e2]
    ]
  }
}
