{
  "name": "Witherden-Vincent 7",
  "domain": "T2",
  "degree": 7,
  "test_tolerance": 6.314e-16,
  "data": {
    "d3_aa": [
      [1.6545050110792131e-2, 7.7086646185986069e-2, 1.2794417123015558e-1],
      [3.373064855458785e-2, 4.7430969250471822e-1, 2.4157738259540357e-1]
    ],
    "d3_ab": [
      [5.5878732903199779e-2],
      [4.7036644652595216e-2],
      [1.9868331479735168e-1]
    ]
  }
}
