{
  "name": "Witherden-Vincent 8",
  "domain": "T2",
  "degree": 8,
  "test_tolerance": 1.02e-15,
  "data": {
    "centroid": [[1.4431560767778717e-1]],
    "d3_aa": [
      [3.2458497623198079e-2, 9.5091634267284619e-2, 1.0321737053471824e-1],
      [5.0547228317030957e-2, 4.5929258829272313e-1, 1.7056930775176021e-1]
    ],
    "d3_ab": [
      [2.7230314174434993e-2],
      [8.3947774099575878e-3],
      [2.6311282963463811e-1]
    ]
  }
}
