{
  "name": "Witherden-Vincent 9",
  "domain": "T2",
  "degree": 9,
  "test_tolerance": 5.343e-16,
  "data": {
    "centroid": [[9.7135796282798836e-2]],
    "d3_aa": [
      [
        2.5577675658698031e-2, 3.1334700227139071e-2, 7.7827541004774278e-2,
        7.9647738927210249e-2
      ],
      [
        4.4729513394452691e-2, 4.8968251919873762e-1, 4.3708959149293664e-1,
        1.8820353561903275e-1
      ]
    ],
    "d3_ab": [
      [4.3283539377289376e-2],
      [3.6838412054736258e-2],
      [2.2196298916076568e-1]
    ]
  }
}
