{
  "name": "Witherden-Vincent 10",
  "domain": "T2",
  "degree": 10,
  "test_tolerance": 5.551e-16,
  "data": {
    "centroid": [[8.1743329146285973e-2]],
    "d3_aa": [
      [1.3352968813149567e-2, 4.5957963604744731e-2],
      [3.2055373216943517e-2, 1.4216110105656438e-1]
    ],
    "d3_ab": [
      [2.5297757707288385e-2, 3.4184648162959429e-2, 6.3904906396424044e-2],
      [2.8367665339938453e-2, 2.9619889488729734e-2, 1.4813288578382056e-1],
      [1.637017337371825e-1, 3.6914678182781102e-1, 3.2181299528883545e-1]
    ]
  }
}
