{
  "name": "Witherden-Vincent 11",
  "domain": "T2",
  "degree": 11,
  "test_tolerance": 6.037e-16,
  "data": {
    "centroid": [[8.5761179732224219e-2]],
    "d3_aa": [
      [
        1.0431870512894697e-2, 1.6606273054585369e-2, 3.8630759237019321e-2,
        6.7316154079468296e-2, 7.0515684111716576e-2
      ],
      [
        2.84854176143719e-2, 4.9589190096589092e-1, 1.0263548271224643e-1,
        4.384659267643522e-1, 2.1021995670317828e-1
      ]
    ],
    "d3_ab": [
      [1.0290289572953278e-2, 4.0332476640500554e-2],
      [7.3254276860644785e-3, 4.6010500165429957e-2],
      [1.4932478865208237e-1, 2.8958112563770588e-1]
    ]
  }
}
