{
  "name": "Witherden-Vincent 12",
  "domain": "T2",
  "degree": 12,
  "test_tolerance": 6.453e-16,
  "data": {
    "d3_aa": [
      [
        7.9316425099736389e-3, 2.4266838081452032e-2, 2.8486052068877544e-2,
        4.9918334928060942e-2, 6.2541213195902765e-2
      ],
      [
        2.4646363436335583e-2, 4.8820375094554153e-1, 1.0925782765935427e-1,
        4.4011164865859309e-1, 2.7146250701492608e-1
      ]
    ],
    "d3_ab": [
      [1.5083677576511438e-2, 2.1783585038607559e-2, 4.3227363659414209e-2],
      [2.1382490256170616e-2, 2.3034156355267121e-2, 1.1629601967792658e-1],
      [1.2727971723358933e-1, 2.9165567973834094e-1, 2.5545422863851736e-1]
    ]
  }
}
