{
  "name": "Witherden-Vincent 13",
  "domain": "T2",
  "degree": 13,
  "test_tolerance": 5.044e-16,
  "data": {
    "centroid": [[6.796003658683164e-2]],
    "d3_aa": [
      [
        6.0523371035391717e-3, 2.3994401928894731e-2, 5.5601967530453329e-2,
        5.8278485119199981e-2
      ],
      [
        2.1509681108843159e-2, 4.8907694645253935e-1, 4.2694141425980042e-1,
        2.2137228629183292e-1
      ]
    ],
    "d3_ab": [
      [
        9.5906810035432631e-3, 1.4965401105165668e-2, 2.4179039811593819e-2,
        3.4641276140848373e-2
      ],
      [
        5.1263891023823893e-3, 2.4370186901093827e-2, 8.7895483032197297e-2,
        6.8012243554206653e-2
      ],
      [
        2.725158177734297e-1, 1.1092204280346341e-1, 1.6359740106785048e-1,
        3.0844176089211778e-1
      ]
    ]
  }
}
