{
  "name": "Witherden-Vincent 14",
  "domain": "T2",
  "degree": 14,
  "test_tolerance": 5.603e-16,
  "data": {
    "d3_aa": [
      [
        4.9234036024000819e-3, 1.4433699669776668e-2, 2.1883581369428889e-2,
        3.2788353544125348e-2, 4.2162588736993016e-2, 5.1774104507291585e-2
      ],
      [
        1.9390961248701044e-2, 6.1799883090872587e-2, 4.8896391036217862e-1,
        4.1764471934045394e-1, 1.7720553241254344e-1, 2.7347752830883865e-1
      ]
    ],
    "d3_ab": [
      [
        5.0102288385006719e-3, 1.443630811353384e-2, 2.4665753212563674e-2,
        3.8571510787060684e-2
      ],
      [
        1.2683309328720416e-3, 1.4646950055654417e-2, 5.7124757403647919e-2,
        9.2916249356971847e-2
      ],
      [
        1.1897449769695684e-1, 2.9837288213625779e-1, 1.7226668782135557e-1,
        3.3686145979634496e-1
      ]
    ]
  }
}
