{
  "name": "Witherden-Vincent 15",
  "domain": "T2",
  "degree": 15,
  "test_tolerance": 5.031e-16,
  "data": {
    "centroid": [[4.4335387382184073e-2]],
    "d3_aa": [
      [
        2.9607746379053754e-3, 9.5738461824600857e-3, 1.6444737562625163e-2,
        1.7396148000763414e-2, 4.2713781571460566e-2, 4.678336172870963e-2
      ],
      [
        1.5811726250988645e-2, 4.949969567691262e-1, 7.0173552899986003e-2,
        4.7417068143801977e-1, 4.053622141339755e-1, 2.263787134203496e-1
      ]
    ],
    "d3_ab": [
      [
        4.0298533720180994e-3, 1.1672621181575846e-2, 1.5602572830575964e-2,
        2.8720586925201342e-2, 3.1315476284969286e-2
      ],
      [
        9.1392370373084009e-3, 1.8638713728166389e-2, 1.8376112385681043e-2,
        9.4242053592155428e-2, 9.5796723647608606e-2
      ],
      [
        7.094860523645552e-2, 1.6806864522241438e-1, 3.1464824281245085e-1,
        1.9053558947639393e-1, 3.3895061147527716e-1
      ]
    ]
  }
}
