{
  "name": "Witherden-Vincent 16",
  "domain": "T2",
  "degree": 16,
  "test_tolerance": 6.765e-16,
  "data": {
    "centroid": [[4.526456607381879e-2]],
    "d3_aa": [
      [
        4.418546312150569e-3, 1.4781634690224404e-2, 2.5974333298277159e-2,
        2.94184096989881e-2, 4.0711833312425359e-2, 4.1092923143698952e-2
      ],
      [
        5.0e-1, 8.5355566586700349e-2, 4.7528072754594208e-1,
        1.6191864419127122e-1, 4.155848968854205e-1, 2.4599007046714172e-1
      ]
    ],
    "d3_ab": [
      [
        1.6544667148350482e-3, 5.3911871168488114e-3, 7.947593933392498e-3,
        1.5008601784285806e-2, 1.8938272464415699e-2, 3.1983610079370069e-2
      ],
      [
        8.55220420022762e-3, 5.9363500168222449e-3, 1.9030129743697444e-2,
        1.8931778280405931e-2, 5.4755174914703109e-2, 1.026061902393981e-1
      ],
      [
        2.3203427768813678e-2, 1.8744178248378207e-1, 8.0696166985873008e-2,
        3.3176452347414764e-1, 1.9107476364052906e-1, 3.0824496919635402e-1
      ]
    ]
  }
}
