{
  "name": "Witherden-Vincent 17",
  "domain": "T2",
  "degree": 17,
  "test_tolerance": 4.372e-16,
  "data": {
    "d3_aa": [
      [
        2.7738875776376422e-3, 1.2459000802305442e-2, 2.5019450950497357e-2,
        2.6312630588017985e-2, 2.7310926528102106e-2, 3.7716237152795283e-2
      ],
      [
        1.4755491660753961e-2, 6.6654063479596903e-2, 4.6559787161889032e-1,
        1.8035811626637061e-1, 4.1710344436159918e-1, 2.8570650243658663e-1
      ]
    ],
    "d3_ab": [
      [
        4.584348401735867e-3, 7.9783002059295935e-3, 8.6922145010011921e-3,
        1.0398439955839537e-2, 2.0557898320454519e-2, 2.2487772546691067e-2,
        2.6171625935336989e-2
      ],
      [
        1.1575175903180634e-2, 1.6017642362119278e-2, 1.3135870834002694e-2,
        1.3229672760086908e-2, 7.8042340568282409e-2, 6.7349377867361171e-2,
        1.5750547792686992e-1
      ],
      [
        7.2505470799002492e-2, 1.5919228747279268e-1, 2.7179187005535488e-1,
        4.1547545929522905e-1, 1.6872251349525946e-1, 3.0628159174618652e-1,
        2.9921894247697023e-1
      ]
    ]
  }
}
