{
  "name": "Witherden-Vincent 18",
  "domain": "T2",
  "degree": 18,
  "test_tolerance": 8.864e-16,
  "data": {
    "centroid": [[3.6355735301426668e-2]],
    "d3_aa": [
      [
        7.1293260197189704e-3, 1.2046647633999711e-2, 1.6559159952003247e-2,
        1.8949171506778866e-2, 3.3304470033390134e-2, 3.6475089408943638e-2
      ],
      [
        3.8830256088685622e-2, 4.8758030157486953e-1, 9.1947742121643194e-2,
        4.6180950640644924e-1, 3.9995562806757623e-1, 2.4226470251427196e-1
      ]
    ],
    "d3_ab": [
      [
        1.2229481269610898e-3, 4.5305345022570651e-3, 5.0106608745797221e-3,
        6.8401101196071817e-3, 1.3759616234942205e-2, 1.7747489102020404e-2,
        2.3781910900152831e-2, 2.5482175311824441e-2
      ],
      [
        5.4836004204228406e-4, 3.8976110334733582e-3, 5.2983351866098261e-3,
        1.3462016741444982e-2, 4.5804915859860795e-2, 4.0260283469908065e-2,
        1.2269675737192753e-1, 1.2058769516392465e-1
      ],
      [
        2.7090910995162032e-2, 3.9568343433226971e-1, 2.3577218495819174e-1,
        1.0819579379103328e-1, 1.8382270792546401e-1, 3.1975162452537731e-1,
        2.0634925743383792e-1, 3.3349352944988075e-1
      ]
    ]
  }
}
