{
  "name": "Witherden-Vincent 19",
  "domain": "T2",
  "degree": 19,
  "test_tolerance": 8.708e-16,
  "data": {
    "centroid": [[3.4469397704012333e-2]],
    "d3_aa": [
      [
        1.7653227764428477e-3, 7.1092565977981309e-3, 1.0321755142944282e-2,
        1.52343510930183e-2, 2.2983590026741607e-2, 2.4651914848190855e-2,
        3.1537534893154973e-2, 3.1753019366003075e-2
      ],
      [
        1.1639461183789446e-2, 5.2523890351208968e-2, 4.9251267504133689e-1,
        1.1144887332302139e-1, 4.5919420103954367e-1, 1.7817010478176432e-1,
        4.0396972255190122e-1, 2.5516163291360772e-1
      ]
    ],
    "d3_ab": [
      [
        2.9263151034702004e-3, 3.2820765518358193e-3, 3.3272013628593881e-3,
        8.455887499536496e-3, 9.6954844868550466e-3, 1.6102162764024108e-2,
        1.8107944931212452e-2, 2.6346321977390733e-2
      ],
      [
        5.0072882573544697e-3, 2.0689258966047896e-3, 9.7760258008882106e-3,
        1.4924052081984052e-2, 3.9145859331692234e-2, 4.0888011196016927e-2,
        7.4560294601626664e-2, 1.2931256447015782e-1
      ],
      [
        1.4242575736575636e-1, 3.6461778097461106e-1, 6.0086275322306704e-2,
        2.4189457896057953e-1, 1.3069767626803241e-1, 3.5402800973527515e-1,
        2.214348854323312e-1, 3.1131762980954125e-1
      ]
    ]
  }
}
