{
  "name": "Witherden-Vincent 20",
  "domain": "T2",
  "degree": 20,
  "test_tolerance": 7.988e-16,
  "data": {
    "centroid": [[2.7820221402906232e-2]],
    "d3_aa": [
      [
        1.5976815821332397e-3, 4.3225508213311547e-3, 1.4203650606816881e-2,
        1.5660461552149067e-2, 1.8346925948505829e-2, 1.8904799866464896e-2,
        2.7576101258140917e-2, 2.8166402615040494e-2
      ],
      [
        1.0976141028397779e-2, 3.731088059888471e-2, 4.7624561154049899e-1,
        1.093835967117146e-1, 1.8629499774454095e-1, 4.4555105695592478e-1,
        3.9342534781709987e-1, 2.545792676733391e-1
      ]
    ],
    "d3_ab": [
      [
        2.2597392042517312e-3, 4.4057948371169948e-3, 7.1564004769153703e-3,
        7.3913630005105957e-3, 8.2914230552277157e-3, 1.197279715790938e-2,
        1.544521564419846e-2, 1.7334451134438666e-2, 2.3383491463655474e-2
      ],
      [
        4.8549376076237327e-3, 7.570780504696506e-3, 1.0737212856011091e-2,
        9.8315482928025832e-3, 3.8363684775374607e-2, 4.6560364907664298e-2,
        1.0622720472027003e-1, 5.4987479142986795e-2, 1.398080719917999e-1
      ],
      [
        6.409058560843417e-2, 1.5913370765706725e-1, 2.8058141142366533e-1,
        4.2002375881622411e-1, 9.9952296288138731e-2, 1.9851813222878817e-1,
        2.1560705739009439e-1, 3.3313481730958761e-1, 3.17860123835772e-1
      ]
    ]
  }
}
