{
  "name": "Vioreanu-Rokhlin 1",
  "domain": "T2",
  "degree": 2,
  "test_tolerance": 4.441e-16,
  "weight factor": 0.5,
  "data": {
    "d3_aa": [[0.6666666666666667], [0.1666666666666666]]
  }
}
