{
  "name": "Vioreanu-Rokhlin 2",
  "domain": "T2",
  "degree": 4,
  "test_tolerance": 1.943e-16,
  "weight factor": 0.5,
  "data": {
    "d3_aa": [
      [0.2199034873106437, 0.4467631793560229],
      [0.09157621350977074, 0.4459484909159649]
    ]
  }
}
