{
  "name": "Vioreanu-Rokhlin 5",
  "domain": "T2",
  "degree": 8,
  "test_tolerance": 3.608224830031759e-16,
  "weight factor": 5.0e-1,
  "data": {
    "d3_aa": [
      [2.742901497279237e-2, 1.487952181468723e-1, 1.700290633543832e-1],
      [3.140574908616158e-2, 1.960193586021937e-1, 4.044619997476535e-1]
    ],
    "d3_ab": [
      [7.681169098008592e-2, 8.339499411622348e-2],
      [7.876424086913709e-1, 5.846327552774035e-1],
      [1.711304259088916e-1, 3.760587728225379e-1]
    ]
  }
}
