{
  "name": "Vioreanu-Rokhlin 6",
  "domain": "T2",
  "degree": 10,
  "test_tolerance": 6.939e-16,
  "weight factor": 0.5,
  "data": {
    "centroid": [[0.1616325201016875]],
    "d3_aa": [
      [0.01476326579239448, 0.05295777200299426, 0.1002186284617503],
      [0.02270664031285163, 0.485348136374769, 0.155015517336223]
    ],
    "d3_ab": [
      [0.04700420842576995, 0.05705224549121469, 0.1183682929374979],
      [0.8385517073803943, 0.6669206010596079, 0.520560306058803],
      [0.1300534505181612, 0.302790097367537, 0.3307142459409231]
    ]
  }
}
