{
  "name": "Vioreanu-Rokhlin 7",
  "domain": "T2",
  "degree": 12,
  "test_tolerance": 9.437e-16,
  "weight factor": 0.5,
  "data": {
    "d3_aa": [
      [
        0.01028270043936957, 0.06327928525696251, 0.0934833183420127,
        0.124915651076609
      ],
      [
        0.01936521090242771, 0.1204308315691905, 0.4400056902104356,
        0.2715246320004977
      ]
    ],
    "d3_ab": [
      [
        0.02962870765800639, 0.03661864493599948, 0.03805169894228333,
        0.08305380423956715
      ],
      [
        0.8693738668822796, 0.562233442343925, 0.7251033518679713,
        0.617412891519986
      ],
      [
        0.1064079463998051, 0.4142620534704672, 0.2520140866025368,
        0.2661098644687711
      ]
    ]
  }
}
