{
  "name": "Vioreanu-Rokhlin 8",
  "domain": "T2",
  "degree": 14,
  "test_tolerance": 9.853e-16,
  "weight factor": 0.5,
  "data": {
    "d3_aa": [
      [
        0.009245822342306463, 0.02868577367294062, 0.03479644587892285,
        0.09077217553424359, 0.1043845857523602
      ],
      [
        0.01882509916959152, 0.4902491099383723, 0.08197254165164569,
        0.2205308355657246, 0.3861241892782913
      ]
    ],
    "d3_ab": [
      [
        0.01640816380096723, 0.02378718386790235, 0.02625170156645367,
        0.05786246094287929, 0.07508142156474396
      ],
      [
        0.8878227753643443, 0.7672861632419925, 0.6333499392824316,
        0.7075530184664951, 0.5413832148281223
      ],
      [
        0.09679127647080299, 0.2144781573208718, 0.3481451468117782,
        0.2006420156473703, 0.3613457256370317
      ]
    ]
  }
}
