{
  "name": "Vioreanu-Rokhlin 9",
  "domain": "T2",
  "degree": 15,
  "test_tolerance": 1.87e-15,
  "weight factor": 0.5,
  "data": {
    "centroid": [[0.08955059638519497]],
    "d3_aa": [
      [
        0.007824200812069266, 0.03306745127432806, 0.04123294071127868,
        0.0639307974597223
      ],
      [
        0.01765199295744602, 0.07717038421937095, 0.4593717976173819,
        0.2049228975887788
      ]
    ],
    "d3_ab": [
      [
        0.01134785787074061, 0.01795815646302081, 0.02143319371076641,
        0.02344716086061786, 0.05044870660380054, 0.05163995025251897,
        0.06910551304563631
      ],
      [
        0.903429699782029, 0.8103865759434584, 0.7028946639162473,
        0.5646364646839406, 0.5844785840367163, 0.7170308522994707,
        0.4722454082469039
      ],
      [
        0.08351364433882746, 0.170743649147708, 0.2806822966077874,
        0.419465101758232, 0.3330420610061661, 0.1925132338590613,
        0.3361189502955325
      ]
    ]
  }
}
