{
  "name": "Vioreanu-Rokhlin 12",
  "domain": "T2",
  "degree": 20,
  "test_tolerance": 7.563e-16,
  "weight factor": 0.5,
  "_ERR": "TODO upstream specifies degree 25",
  "data": {
    "centroid": [[0.05588291294116084]],
    "d3_aa": [
      [
        0.001981116311676655, 0.01281698730101485, 0.01392802401503369,
        0.03334681223797469, 0.0335028775832723, 0.04485139589079629
      ],
      [
        0.00857077238529913, 0.05153054050512629, 0.4946593404139001,
        0.4373258129156083, 0.1322939953811165, 0.2152388243446085
      ]
    ],
    "d3_ab": [
      [
        0.005467709119029015, 0.007742473857383334, 0.008312467601083283,
        0.008627498419980478, 0.01154875711587518, 0.01999959677480471,
        0.02307726195136485, 0.02369686209775543, 0.02421557796764804,
        0.03460060715098293, 0.035335027066165, 0.05118206871784994
      ],
      [
        0.9434081460978755, 0.7951998698231925, 0.7244281320245196,
        0.8751176817691593, 0.6212422292784825, 0.8232841624668943,
        0.735502973872643, 0.5246041585348024, 0.630873630515176,
        0.6455563794140737, 0.5396524559908187, 0.451386500463365
      ],
      [
        0.04662176991883149, 0.1946139250445256, 0.2654962893143091,
        0.1142006223365933, 0.3694621789345873, 0.1214321743895611,
        0.2119739663759458, 0.4224769939458884, 0.3199584180281884,
        0.2344684215615388, 0.3377292371070699, 0.3288194899950024
      ]
    ]
  }
}
