{
  "name": "Vioreanu-Rokhlin 15",
  "domain": "T2",
  "degree": 25,
  "test_tolerance": 1.826316875508383e-14,
  "weight factor": 5.0e-1,
  "_ERR": "TODO upstream specifies degree 40",
  "data": {
    "centroid": [[3.826701851913608e-2]],
    "d3_aa": [
      [
        8.0675386146771e-4, 4.097892115004283e-3, 1.211112026594376e-2,
        1.54524875884165e-2, 2.231585558112485e-2, 3.128109303881626e-2,
        3.244705526178029e-2
      ],
      [
        5.714338858235501e-3, 2.724942860041305e-2, 7.665566577105028e-2,
        4.821356843648168e-1, 1.495232577953754e-1, 4.225303647062225e-1,
        2.350176639422176e-1
      ]
    ],
    "d3_ab": [
      [
        1.311972096436326e-3, 2.363506362139495e-3, 3.863355202490067e-3,
        5.205141497072693e-3, 6.079727960822166e-3, 6.573861622100788e-3,
        6.803487273786743e-3, 7.191212414413001e-3, 1.040593989374674e-2,
        1.279192792167477e-2, 1.429054259568935e-2, 1.516598018295722e-2,
        1.68853900992746e-2, 2.008864157361215e-2, 2.241379810029351e-2,
        2.379359758143972e-2, 2.647059913816042e-2, 2.99529560621963e-2,
        3.604773047889458e-2
      ],
      [
        9.687384811816047e-1, 9.359144655917553e-1, 8.857374205718442e-1,
        8.16939712186544e-1, 7.340782657828873e-1, 6.417536443370579e-1,
        5.452017126279256e-1, 8.996729746963569e-1, 8.367547459062148e-1,
        7.600188208086751e-1, 6.728787209737528e-1, 5.787663357295154e-1,
        7.763864794675132e-1, 6.952811838413355e-1, 6.045565788562537e-1,
        5.068512266778034e-1, 6.176053774986454e-1, 5.232704635329519e-1,
        4.313080820678358e-1
      ],
      [
        2.643876732033549e-2, 5.824206555180869e-2, 1.079576738803041e-1,
        1.764040981552595e-1, 2.592064443745984e-1, 3.515058813634386e-1,
        4.479594537557827e-1, 6.922855544770595e-2, 1.294504367233967e-1,
        2.050928184004981e-1, 2.921172033658086e-1, 3.858474444747327e-1,
        1.411732702594833e-1, 2.206947014887102e-1, 3.107793948406748e-1,
        4.0737446198968e-1, 2.30766928655952e-1, 3.230026381964959e-1,
        3.302766805172659e-1
      ]
    ]
  }
}
