{
  "name": "Vioreanu-Rokhlin 18",
  "domain": "T2",
  "degree": 30,
  "test_tolerance": 2.895e-14,
  "weight factor": 0.5,
  "_ERR": "TODO upstream specifies degree 56",
  "data": {
    "centroid": [[0.02755469669500557]],
    "d3_aa": [
      [
        0.0002080920498080747, 0.001877148751955068, 0.004299628792430796,
        0.006406881016605737, 0.01251955161595251, 0.01506858712064191,
        0.01826854949412279, 0.02385853496758131, 0.02453173764475642
      ],
      [
        0.002608491000431257, 0.01990812153294286, 0.4975087113412017,
        0.05385439207707809, 0.110234628175723, 0.4684661559784883,
        0.1736926677159306, 0.4106683190498226, 0.2495567569827484
      ]
    ],
    "d3_ab": [
      [
        0.0007518913835433728, 0.001154870004006195, 0.001991717031244021,
        0.002765519137778876, 0.00328697960629342, 0.003472694932533848,
        0.00365929391975805, 0.003961477829953188, 0.004201348686946968,
        0.005524182463187656, 0.006938018810550618, 0.007854103946718304,
        0.008646992113227546, 0.009107048758455513, 0.009352458725195483,
        0.009811590648958873, 0.01098766970890707, 0.0125721314658825,
        0.0138872646259526, 0.01475656889369171, 0.0149929194783671,
        0.01704360284846234, 0.01852458099436215, 0.01931061251567118,
        0.02112479538645548, 0.02312761369900372, 0.0264135805421229
      ],
      [
        0.9800308095795568, 0.9562102405858892, 0.9189913779151198,
        0.8692664466320263, 0.8081619299397496, 0.9310154147287887,
        0.7381403634684718, 0.661964863274292, 0.5811891751088626,
        0.8842745775669243, 0.8276391902761688, 0.762587568566484,
        0.6901187105603424, 0.8383185674548238, 0.6118094166659663,
        0.529148852224488, 0.7785895798158033, 0.7106237856180184,
        0.6342776548440681, 0.5526266878876758, 0.7168716727412066,
        0.6455704828993845, 0.5668437382309666, 0.4844003417247089,
        0.5784773569731281, 0.4962828293018632, 0.4165686000247035
      ],
      [
        0.01601681168443359, 0.04006532345029712, 0.07648940225038126,
        0.1258779912839826, 0.1869847407351458, 0.04796345919056944,
        0.2569958014486482, 0.3331182254489627, 0.4138466578415511,
        0.09118147427886308, 0.1469434211958456, 0.2120668395053681,
        0.2843425563045865, 0.1014214624944148, 0.3623623076988831,
        0.4448358539636972, 0.1599640542533872, 0.2278939844937914,
        0.3035627151200351, 0.3845600729954156, 0.1716461034078638,
        0.2422544084436082, 0.3195812184485557, 0.4011021537488086,
        0.2459515013922275, 0.3259426273239289, 0.3312037434390103
      ]
    ]
  }
}
