{
  "name": "Cools-Haegemans 13-1",
  "domain": "E2r2",
  "degree": 13,
  "test_tolerance": 3.717e-12,
  "data": {
    "d4_ab": [
      [0.544547236359e-2, 0.241102849399e-4],
      [0.931824022776, 0.996253426173],
      [0.177924673891e1, 0.303043606537e1]
    ],
    "d4_aa": [
      [0.57725718269e-1, 0.162059050315e-3],
      [0.846249988448, 0.198553133992e1]
    ],
    "d4_a0": [
      [0.141803698741, 0.38078501759e-1, 0.129085688395e-2],
      [0.546084415259, 0.13764866797e1, 0.235893226198e1]
    ]
  }
}
