{
  "name": "Cools-Haegemans 9-2",
  "domain": "E2r2",
  "degree": 9,
  "test_tolerance": 2.112e-12,
  "data": {
    "d4_ab": [[0.429405757101e-3], [0.116038205568e1], [0.252696741024e1]],
    "d4_aa": [[0.393820098682e-1], [0.108766387358e1]],
    "d4_a0": [
      [0.188925845284, 0.208333333333e-1],
      [0.681250038633, 0.173205080757e1]
    ]
  }
}
