{
  "name": "Piessens-Haegemans",
  "degree": 9,
  "test_tolerance": 9.81e-16,
  "weight factor": 0.318309886183790671537767526745028724068919291480912897495,
  "data": {
    "c2_a0": [[0.32090673961381781518], [0.51286789206607718656]],
    "c2_0a": [
      [0.16042870730308439624, 0.36089243784037735036],
      [0.88859953503035797854, 0.3533551736935300769]
    ],
    "sxy": [
      [
        0.1293726159842295867, 0.77785540900483355115e-2, 0.22713305094453060651
      ],
      [0.86686876801492291622, 0.6392530693919911468, 0.48645191470776426796],
      [0.28376671812094800827, 0.95409639862933054563, 0.63982457013387676359]
    ]
  }
}
