{
  "name": "Heo-Xu 21b",
  "domain": "U3",
  "degree": 21,
  "test_tolerance": 2.905e-15,
  "comments": ["precision improved with quadpy-optimize"],
  "data": {
    "a1": [[-4.709932316794127e-3]],
    "a2": [[6.599231780109943e-3]],
    "a3": [[-7.545260195389883e-3]],
    "llm2": [
      [7.200919394149722e-3, 8.304183972741741e-3],
      [2.95937832153309e-1, 5.194722530028539e-1]
    ],
    "pq02": [
      [6.872624447030361e-3, 6.895630527482037e-3],
      [4.460071760014486e-1, 1.653191622272188e-1]
    ],
    "rsw2": [
      [6.3931311231015e-3],
      [5.668065277132158e-1],
      [7.827847162863628e-1]
    ]
  }
}
