{
  "name": "Heo-Xu 35",
  "domain": "U3",
  "degree": 35,
  "test_tolerance": 3.875e-13,
  "comments": ["precision improved with quadpy-optimize"],
  "data": {
    "a3": [[2.515482567654785e-3]],
    "llm2": [
      [
        1.527515527352143e-3, 2.054028839716502e-3, 2.318417781130965e-3,
        2.45161844250739e-3, 2.504293398644164e-3, 2.51360641266369e-3,
        2.529886682752019e-3, 1.275574307102862e-3
      ],
      [
        6.915681308175087e-2, 1.751484584828751e-1, 2.852877930851829e-1,
        3.924055525785884e-1, 4.913062033497098e-1, 6.456418844866045e-1,
        6.909211508233009e-1, 7.071014762184122e-1
      ]
    ],
    "pq02": [
      [2.417442375640166e-3, 1.910951282177268e-3],
      [4.715986911513325e-1, 2.102725228569312e-1]
    ],
    "rsw2": [
      [
        2.512236854562522e-3, 2.496644054553537e-3, 2.416930044325824e-3,
        2.236607760438726e-3
      ],
      [
        5.905157048925409e-1, 5.550152361076027e-1, 4.502330382581713e-1,
        3.344363145341935e-1
      ],
      [
        7.999278543857148e-1, 7.717462626916494e-1, 8.689460322873117e-1,
        9.371809858554405e-1
      ]
    ]
  }
}
