{
  "name": "Heo-Xu 31",
  "domain": "U3",
  "degree": 31,
  "test_tolerance": 2.742e-14,
  "comments": ["precision improved with quadpy-optimize"],
  "data": {
    "a3": [[5.783294943352434e-4]],
    "llm2": [
      [
        3.06152210363429e-3, 2.631322890034707e-3, 2.821112765378488e-3,
        2.96304628671369e-3
      ],
      [
        9.785572131791857e-2, 3.367340480415295e-1, 5.211975456046611e-1,
        6.583388027233746e-1
      ]
    ],
    "pq02": [
      [2.854170188103023e-3, 2.771653332776831e-3, 2.626546226462467e-3],
      [6.359573318446079e-1, 4.753630415014882e-1, 2.91089031267813e-1]
    ],
    "rsw2": [
      [
        2.893976171661241e-3, 2.837749321100896e-3, 2.715804587593673e-3,
        2.424728107369891e-3
      ],
      [
        6.222882655731109e-1, 5.051173626578158e-1, 4.613918151786784e-1,
        2.893620459054649e-1
      ],
      [
        7.606139008216497e-1, 7.866690920037986e-1, 8.69489953689583e-1,
        9.432972483540542e-1
      ]
    ]
  }
}
