{
  "name": "Heo-Xu 23b",
  "domain": "U3",
  "degree": 23,
  "test_tolerance": 1.137e-14,
  "comments": ["precision improved with quadpy-optimize"],
  "data": {
    "a3": [[5.651017860510205e-3]],
    "llm2": [
      [
        4.259841568887455e-3, 5.294395887006126e-3, 5.588219406127391e-3,
        5.591297404097934e-3, 2.936895883296702e-3
      ],
      [
        1.155352090704586e-1, 2.824333587767818e-1, 4.415605304693679e-1,
        6.705256241251637e-1, 7.068323726613258e-1
      ]
    ],
    "pq02": [[5.051846064614796e-3], [3.457702197611284e-1]],
    "rsw2": [
      [5.530248916233087e-3],
      [5.251185724436425e-1],
      [8.360360154824585e-1]
    ]
  }
}
