{
  "name": "Heo-Xu 39b",
  "domain": "U3",
  "degree": 39,
  "test_tolerance": 3.376e-10,
  "comments": ["precision improved with quadpy-optimize"],
  "data": {
    "llm2": [
      [
        1.861255445116553e-3, 1.793884347514472e-3, 1.974756952318831e-3,
        1.692017043735136e-3
      ],
      [
        7.639292606639617e-2, 3.387720226325827e-1, 4.544204218204811e-1,
        6.884788524827992e-1
      ]
    ],
    "pq02": [[1.863462236329936e-3], [5.191104051330744e-1]],
    "rsw2": [
      [
        1.291965569472066e-3, 1.931700942558044e-3, 1.947222608444975e-3,
        1.433019874182393e-3, 1.705425391020046e-3, 1.83227897635505e-3,
        1.646505348926598e-3, 1.064763221352523e-3, 1.894382988492767e-3,
        1.493380400021399e-3
      ],
      [
        5.706641936045875e-1, 5.959197415172433e-1, 6.463780124327863e-1,
        5.888629811500117e-1, 3.85384000329551e-1, 4.763871230378159e-1,
        5.123795217410889e-1, 2.550684801829192e-1, 2.272522729267336e-1,
        3.752307666353589e-1
      ],
      [
        6.531319150545019e-1, 7.12690180340438e-1, 7.591631728502961e-1,
        7.758286540116888e-1, 9.031757286536308e-1, 8.23112602590393e-1,
        8.469314166084985e-1, 9.441081522829256e-1, 9.70698830741507e-1,
        9.251973355053518e-1
      ]
    ]
  }
}
