{
  "name": "Heo-Xu 27a",
  "domain": "U3",
  "degree": 27,
  "test_tolerance": 1.221e-14,
  "comments": ["precision improved with quadpy-optimize"],
  "data": {
    "a3": [[4.20550841846542e-3]],
    "llm2": [
      [
        3.927799570949034e-3, -4.071128523370549e-4, 3.694205328707067e-3,
        4.136341725136708e-3, 4.20251217629535e-3, 4.176738238556893e-3
      ],
      [
        1.107683193472922e-1, 2.226962554617075e-1, 3.223202226714428e-1,
        4.62107300704081e-1, 6.607126674625917e-1, 7.024506655986418e-1
      ]
    ],
    "pq02": [[4.229582700647209e-3], [5.257311121191333e-1]],
    "rsw2": [
      [4.07146759383098e-3, 4.080914225780496e-3],
      [5.244939240922367e-1, 3.233484542692894e-1],
      [8.193433888191202e-1, 9.392279297499158e-1]
    ]
  }
}
