{
  "name": "Heo-Xu 19b",
  "domain": "U3",
  "degree": 19,
  "test_tolerance": 4.796e-15,
  "comments": ["precision improved with quadpy-optimize"],
  "data": {
    "a3": [[6.159164864673621e-3]],
    "llm2": [
      [
        7.661426125515406e-3, 6.632044976552618e-3, 6.075982031496089e-3,
        5.261983871604822e-3
      ],
      [
        1.544806891452555e-1, 4.141672959173982e-1, 6.672931712797017e-1,
        7.034464773382503e-1
      ]
    ],
    "rsw2": [
      [6.991087353303258e-3],
      [4.493328323269558e-1],
      [8.822700112603226e-1]
    ]
  }
}
