{
  "name": "Heo-Xu 25a",
  "domain": "U3",
  "degree": 25,
  "test_tolerance": 8.545e-15,
  "comments": ["precision improved with quadpy-optimize"],
  "data": {
    "a3": [[4.313243133051636e-3]],
    "llm2": [
      [
        3.986365505453849e-3, 3.663031548503089e-3, 4.204049921581701e-3,
        4.269004376172791e-3, 4.203472415480735e-3
      ],
      [
        1.11691690918815e-1, 3.150671668212447e-1, 4.594620145408782e-1,
        6.607534971560262e-1, 7.021549451663549e-1
      ]
    ],
    "pq02": [[4.142483117647788e-3], [5.320202557315989e-1]],
    "rsw2": [
      [4.090305598510252e-3, 3.789950436894516e-3],
      [5.196950515085526e-1, 3.29337385202677e-1],
      [8.223599116864071e-1, 9.382009660264476e-1]
    ]
  }
}
