{
  "name": "Heo-Xu 23c",
  "domain": "U3",
  "degree": 23,
  "test_tolerance": 4.534e-15,
  "comments": ["precision improved with quadpy-optimize"],
  "data": {
    "a3": [[-1.30791513917109e-2]],
    "llm2": [
      [
        2.613177651322405e-3, 4.69607156426622e-3, 1.007447428939853e-2,
        5.747985285622688e-3
      ],
      [
        8.382074327250666e-2, 2.088904255653506e-1, 5.271462960556141e-1,
        6.841940329264921e-1
      ]
    ],
    "pq02": [
      [5.78126271414031e-3, 5.394066440640509e-3],
      [5.99358474983088e-1, 3.642979796325355e-1]
    ],
    "rsw2": [
      [5.859672925923159e-3],
      [4.616476951797647e-1],
      [8.471346750790938e-1]
    ]
  }
}
