{
  "name": "Heo-Xu 39a",
  "domain": "U3",
  "degree": 39,
  "test_tolerance": 2.463e-9,
  "comments": ["precision improved with quadpy-optimize"],
  "data": {
    "llm2": [
      [
        1.461069421400071e-3, 2.081064409778688e-3, 2.003883065034212e-3,
        1.868396175717626e-3
      ],
      [
        6.710285844720396e-2, 3.389066132507098e-1, 4.482342572180409e-1,
        7.018084381471152e-1
      ]
    ],
    "pq02": [[1.974705095122263e-3], [6.334047397437956e-1]],
    "rsw2": [
      [
        1.120631378481731e-3, 1.626513861951469e-3, 1.822889216416246e-3,
        1.943309158083652e-3, 1.76660711680558e-3, 1.361185849833856e-3,
        1.852624963948483e-3, 1.383169229470457e-3, 1.483291433005376e-3,
        1.778552041810045e-3
      ],
      [
        5.638184638517898e-1, 6.288845430094785e-1, 5.681350023976537e-1,
        4.907296184665993e-1, 5.899886536778517e-1, 4.93911290190422e-1,
        4.152754183382675e-1, 3.504572562485904e-1, 2.784979000485036e-1,
        2.054957200461535e-1
      ],
      [
        6.516766378326123e-1, 7.317651994257892e-1, 8.088967125133316e-1,
        8.182480553211047e-1, 7.053420999537113e-1, 8.680095302704336e-1,
        8.919878689549214e-1, 9.352132750801496e-1, 9.408314437652574e-1,
        9.755189610530614e-1
      ]
    ]
  }
}
