{
  "name": "Heo-Xu 21f",
  "domain": "U3",
  "degree": 21,
  "test_tolerance": 6.703e-15,
  "comments": ["precision improved with quadpy-optimize"],
  "data": {
    "a3": [[5.200472756186447e-3]],
    "llm2": [
      [5.028347402869828e-3, 4.910500721270264e-3],
      [1.247876160607726e-1, 3.826429653641278e-1]
    ],
    "rsw2": [
      [4.214767939537121e-3, 5.272844391219116e-3, 5.509551481142636e-3],
      [5.80333662379063e-1, 6.00802371830973e-1, 3.716772516510818e-1],
      [7.295485239123977e-1, 7.897699297741007e-1, 9.18768165963033e-1]
    ]
  }
}
