{
  "name": "Heo-Xu 29",
  "domain": "U3",
  "degree": 29,
  "test_tolerance": 1.203e-14,
  "comments": ["precision improved with quadpy-optimize"],
  "data": {
    "llm2": [
      [
        1.894697145857187e-3, 3.783811492324757e-3, 3.012182158993706e-3,
        2.724403360536208e-3, 3.559107906161402e-3, 3.227454716281691e-3
      ],
      [
        7.250557344007316e-2, 3.104811613537583e-1, 4.409927736699784e-1,
        5.275827107327564e-1, 6.599241194926e-1, 6.997299904512737e-1
      ]
    ],
    "rsw2": [
      [
        2.024884515650534e-3, 3.467968867542019e-3, 3.229411195623359e-3,
        3.010240364439929e-3
      ],
      [
        5.941692501739979e-1, 5.311074982651302e-1, 4.266659993454966e-1,
        2.474548999747018e-1
      ],
      [
        8.027484314489503e-1, 8.066048593398205e-1, 8.982098909462898e-1,
        9.637157427720924e-1
      ]
    ]
  }
}
