{
  "name": "Heo-Xu 21d",
  "domain": "U3",
  "degree": 21,
  "test_tolerance": 5.275e-15,
  "comments": ["precision improved with quadpy-optimize"],
  "data": {
    "llm2": [
      [4.843132969094235e-3, 5.906722557418185e-3, 5.570538352041805e-3],
      [1.21942991995835e-1, 4.051720135443902e-1, 6.356920888354094e-1]
    ],
    "pq02": [[4.679374356750244e-3], [6.01743299291446e-1]],
    "rsw2": [
      [4.559352813117e-3, 5.774096402564094e-3],
      [5.950062261824157e-1, 3.680905807368105e-1],
      [7.74595852604705e-1, 9.194224625566132e-1]
    ]
  }
}
