{
  "name": "Heo-Xu 21c",
  "domain": "U3",
  "degree": 21,
  "test_tolerance": 9.461e-15,
  "comments": ["precision improved with quadpy-optimize"],
  "data": {
    "a3": [[-5.909794989783747e-2]],
    "llm2": [
      [5.922907575354054e-3, 6.504946197883874e-3, 2.55789723835888e-2],
      [1.360454127937127e-1, 3.213216685319196e-1, 5.472396335212575e-1]
    ],
    "pq02": [
      [3.940466270585527e-3, 6.943311404379733e-3],
      [6.457510795819045e-1, 4.076850911817764e-1]
    ],
    "rsw2": [
      [6.237689733743585e-3],
      [5.689973671192858e-1],
      [7.849865128933606e-1]
    ]
  }
}
