{
  "name": "Heo-Xu 37",
  "domain": "U3",
  "degree": 37,
  "test_tolerance": 1.784e-11,
  "comments": ["precision improved with quadpy-optimize"],
  "data": {
    "a3": [[1.436589472778043e-3]],
    "llm2": [
      [
        2.233871811033691e-3, 2.119180524889011e-3, 2.28145872659622e-3,
        1.86403522263605e-3, 1.858409064719571e-3
      ],
      [
        1.816652043538492e-1, 3.034272422244444e-1, 4.835291494343227e-1,
        6.254636806223242e-1, 7.050746197937807e-1
      ]
    ],
    "pq02": [[2.336486555268774e-3], [4.445725761079339e-1]],
    "rsw2": [
      [
        1.818751796843254e-3, 1.96171336594693e-3, 1.611967438868176e-3,
        1.942087580117862e-3, 2.245940978837293e-3, 1.967307858338884e-3,
        1.561575959768479e-3, 1.137835823244441e-3
      ],
      [
        6.307134902987871e-1, 5.96705492976271e-1, 5.870466611073575e-1,
        5.054642223256266e-1, 4.587462996879704e-1, 3.695398398586737e-1,
        2.776392252946279e-1, 1.169566620555872e-1
      ],
      [
        7.462743881335754e-1, 7.245609361604035e-1, 8.071693116765177e-1,
        8.446566244509445e-1, 8.249945382135886e-1, 9.150940226575122e-1,
        9.589746978483074e-1, 9.92865475735901e-1
      ]
    ]
  }
}
