{
  "name": "Heo-Xu 33",
  "domain": "U3",
  "degree": 33,
  "test_tolerance": 2.114e-12,
  "comments": ["precision improved with quadpy-optimize"],
  "data": {
    "a3": [[2.848140682006918e-3]],
    "llm2": [
      [
        2.449327061680826e-3, 2.179377451050361e-3, 2.653179506517622e-3,
        2.817792197502089e-3, 2.832643891085114e-3, 2.776115720838859e-3
      ],
      [
        8.764236251387925e-2, 2.44826259450629e-1, 3.736134689961812e-1,
        4.839604712852639e-1, 6.483589405084853e-1, 6.923651528314424e-1
      ]
    ],
    "pq02": [[2.634851611527388e-3], [4.246809865918788e-1]],
    "rsw2": [
      [
        1.044959201531643e-3, 2.552267148060663e-3, 2.771951327070081e-3,
        2.540900744807833e-3, 2.276921078094173e-3
      ],
      [
        6.635307170203983e-1, 5.603425627164691e-1, 5.441035828583833e-1,
        4.082513237216086e-1, 2.599024365458771e-1
      ],
      [
        7.471739703457538e-1, 8.213579658207415e-1, 7.846674584810671e-1,
        8.923270166450801e-1, 9.621603093024405e-1
      ]
    ]
  }
}
