{
  "name": "Heo-Xu 21e",
  "domain": "U3",
  "degree": 21,
  "test_tolerance": 4.916e-15,
  "comments": ["precision improved with quadpy-optimize"],
  "data": {
    "llm2": [
      [4.256407290474455e-3, 5.470376179072889e-3, 6.041707752692298e-3],
      [1.147310000779958e-1, 5.057503980649877e-1, 6.827418646456977e-1]
    ],
    "pq02": [[6.47852917660049e-3], [5.907853034465049e-1]],
    "rsw2": [
      [4.792379399262799e-3, 4.917443734650468e-3],
      [4.67118005205329e-1, 3.442524173430795e-1],
      [8.384053313673374e-1, 9.301592445136889e-1]
    ]
  }
}
