{
  "name": "Heo-Xu 13",
  "domain": "U3",
  "degree": 13,
  "test_tolerance": 3.531e-15,
  "comments": ["precision improved with quadpy-optimize"],
  "data": {
    "a1": [[1.386659210450215e-2]],
    "llm2": [
      [1.305093186259185e-2, 1.320642322308067e-2],
      [2.86640146766504e-1, 6.599050016563905e-1]
    ],
    "pq02": [[1.194266355486862e-2], [5.394900987058648e-1]]
  }
}
