{
  "name": "Heo-Xu 19a",
  "domain": "U3",
  "degree": 19,
  "test_tolerance": 4.654e-15,
  "comments": ["precision improved with quadpy-optimize"],
  "data": {
    "a1": [[6.231186663599847e-3]],
    "a2": [[7.913582690846081e-3]],
    "a3": [[8.55957570109135e-3]],
    "llm2": [
      [7.736373931323874e-3, 4.644831901554377e-3],
      [2.017423066530842e-1, 6.75586904540603e-1]
    ],
    "pq02": [[7.625284539988769e-3], [4.436682078062135e-1]],
    "rsw2": [
      [6.646198191056432e-3],
      [4.961882891085467e-1],
      [8.148920331884282e-1]
    ]
  }
}
