{
  "name": "Heo-Xu 23a",
  "domain": "U3",
  "degree": 23,
  "test_tolerance": 4.556e-15,
  "comments": ["precision improved with quadpy-optimize"],
  "data": {
    "a1": [[5.026500921733932e-3]],
    "llm2": [
      [
        5.279416072772383e-3, 3.732271633416418e-3, 6.051284348789064e-3,
        5.561610886714392e-3
      ],
      [
        1.76588660459363e-1, 3.39207318489704e-1, 4.98904016242931e-1,
        6.798387737340317e-1
      ]
    ],
    "pq02": [
      [5.177363547489269e-3, 5.381929440220988e-3],
      [6.155206707493008e-1, 3.645548483250032e-1]
    ],
    "rsw2": [
      [4.613082753415338e-3],
      [4.919030425831087e-1],
      [8.427321708625479e-1]
    ]
  }
}
