{
  "name": "Heo-Xu 25b",
  "domain": "U3",
  "degree": 25,
  "test_tolerance": 2.481e-14,
  "comments": ["precision improved with quadpy-optimize"],
  "data": {
    "llm2": [
      [
        3.6942978427336e-3, 3.835709610037391e-3, 4.019086733651913e-3,
        3.295936329382943e-3, 4.023268501429877e-3
      ],
      [
        1.070868587548892e-1, 3.338792229375889e-1, 5.156544120626947e-1,
        6.688119413051634e-1, 7.02834079288799e-1
      ]
    ],
    "rsw2": [
      [3.428775431336563e-3, 3.917073181757144e-3, 4.053335211621741e-3],
      [5.205133759259652e-1, 5.236497999911301e-1, 3.204090523866814e-1],
      [7.927823858918497e-1, 8.450788224169752e-1, 9.403179429773678e-1]
    ]
  }
}
