{
  "name": "Heo-Xu 21a",
  "domain": "U3",
  "degree": 21,
  "test_tolerance": 9.167e-15,
  "comments": ["precision improved with quadpy-optimize"],
  "data": {
    "a1": [[5.570590570193609e-3]],
    "a2": [[4.620905358087339e-3]],
    "a3": [[-5.699559846729338e-2]],
    "llm2": [
      [6.173897540122092e-3, 6.304034637642206e-3, 2.54472558596129e-2],
      [1.867981086654906e-1, 3.668867215138179e-1, 6.070956562324061e-1]
    ],
    "pq02": [[6.599388582407415e-3], [3.996519719618199e-1]],
    "rsw2": [
      [6.218761273860553e-3],
      [5.732538857053373e-1],
      [7.950856577369975e-1]
    ]
  }
}
