{
  "name": "Heo-Xu 27b",
  "domain": "U3",
  "degree": 27,
  "test_tolerance": 1.546e-14,
  "comments": ["precision improved with quadpy-optimize"],
  "data": {
    "a1": [[-1.001399849741592e-3]],
    "a3": [[4.145413997638105e-3]],
    "llm2": [
      [
        4.007770759811383e-3, 3.60910126475766e-3, 4.065377803210969e-3,
        4.167019227297244e-3, 4.176827652231897e-3
      ],
      [
        1.032718894079971e-1, 3.260150488107696e-1, 4.644768691750214e-1,
        6.610428384052447e-1, 7.024270750661522e-1
      ]
    ],
    "rsw2": [
      [3.963497360397687e-3, 2.254418391061505e-3, 4.036641876497579e-3],
      [5.236331335803743e-1, 5.263857493303299e-1, 3.240142653154192e-1],
      [8.186408612951552e-1, 8.495643294697675e-1, 9.391468323661809e-1]
    ]
  }
}
