{
  "name": "Heo-Xu 27c",
  "domain": "U3",
  "degree": 27,
  "test_tolerance": 8.274e-15,
  "comments": ["precision improved with quadpy-optimize"],
  "data": {
    "llm2": [
      [
        3.893829077478528e-3, 3.606286203202214e-3, 3.808504359152235e-3,
        2.4216340846012e-3, 4.077606558264674e-3
      ],
      [
        1.103329786240758e-1, 3.190754015518875e-1, 4.531177795527922e-1,
        6.144315514061174e-1, 7.02545464356561e-1
      ]
    ],
    "pq02": [[4.062279726900268e-3], [5.301185129074015e-1]],
    "rsw2": [
      [2.263516691237916e-3, 3.782934834288544e-3, 3.851811803007306e-3],
      [6.222834318053718e-1, 5.172773855252051e-1, 3.260968774773576e-1],
      [7.081966346796038e-1, 8.2649516026881e-1, 9.390544873860378e-1]
    ]
  }
}
