{
  "name": "Cools-Haegemans 1",
  "domain": "T2",
  "degree": 8,
  "test_tolerance": 9.159339953157541e-16,
  "weight factor": 2.0,
  "comments": ["precision improved with quadpy-optimize"],
  "data": {
    "c3_ab": [
      [
        1.605834385668929e-10, 2.653062443478039e-2, 2.928571764016587e-2,
        4.390955679122082e-2, 6.694076763991619e-2
      ],
      [
        3.457920111682521e-1, 6.510199345893908e-2, 6.517753036487953e-1,
        3.132512106717249e-1, 5.13346920639454e-1
      ],
      [
        3.623168221569064, 8.70165101563563e-1, 3.134778875237335e-1,
        6.306214343189565e-1, 2.810412473151108e-1
      ]
    ]
  }
}
