{
  "name": "Dunavant 19",
  "domain": "T2",
  "degree": 19,
  "test_tolerance": 9.6267224993503122e-15,
  "comments": ["precision improved with quadpy-optimize"],
  "data": {
    "centroid": [[3.2906331388918145e-2]],
    "d3_aa": [
      [
        1.0330731891272114e-2, 2.2387247263016344e-2, 3.0266125869467642e-2,
        3.0490967802197348e-2, 2.4159212741640682e-2, 1.6050803586800871e-2,
        8.0845802617841127e-3, 2.079362027484865e-3
      ],
      [
        4.8960998707300485e-1, 4.5453689269789033e-1, 4.0141668064942987e-1,
        2.5555165440309735e-1, 1.7707794215212791e-1, 1.1006105322795084e-1,
        5.5528624251839021e-2, 1.2621863777228966e-2
      ]
    ],
    "d3_ab": [
      [
        3.8848769049818119e-3, 2.5574160612021626e-2, 8.8809035733382856e-3,
        1.6124546761731515e-2, 2.4919418174907636e-3, 1.8242840118950523e-2,
        1.0258563736198557e-2, 3.7999288553019085e-3
      ],
      [
        3.957547873569518e-1, 3.0792998388043358e-1, 2.6456694840652617e-1,
        3.5853935220595179e-1, 1.5780740596860005e-1, 7.5050596975910377e-2,
        1.4242160111338437e-1, 6.5494628082939821e-2
      ],
      [
        6.0063379479463519e-1, 5.5760326158878448e-1, 7.2098702581735896e-1,
        5.9452706895586704e-1, 8.3933147368083305e-1, 7.0108797892617392e-1,
        8.2293132406985614e-1, 9.2434425262078224e-1
      ]
    ]
  }
}
