{
  "name": "Dunavant 20",
  "domain": "T2",
  "degree": 20,
  "test_tolerance": 1.2049183458906599e-14,
  "comments": ["precision improved with quadpy-optimize"],
  "data": {
    "centroid": [[3.3057055541624088e-2]],
    "d3_aa": [
      [
        8.6701918566369635e-4, 1.1660052716447027e-2, 2.2876936356420716e-2,
        3.0448982673937881e-2, 3.0624891725354621e-2, 2.4368057676800465e-2,
        1.5997432032023921e-2, 7.698301815604219e-3, -6.3206049748950905e-4,
        1.7511343011927351e-3
      ],
      [
        5.0095046435219537e-1, 4.8821295793472708e-1, 4.5513668195028179e-1,
        4.0199625931828897e-1, 2.5589290975942114e-1, 1.7648825599510604e-1,
        1.0417085533675824e-1, 5.3068963840928046e-2, 4.1618715196045972e-2,
        1.1581921406821852e-2
      ]
    ],
    "d3_ab": [
      [
        1.6465839189575806e-2, 4.8390335404848101e-3, 2.5804906534650025e-2,
        8.4710910544406881e-3, 1.8354914106279738e-2, 7.0440467790820868e-4,
        1.0112684927461882e-2, 3.5739093859502992e-3
      ],
      [
        3.4485577022900116e-1, 3.7784326959485359e-1, 3.0663547906235666e-1,
        2.4941936277474219e-1, 2.1277572480280177e-1, 1.4696543605323936e-1,
        1.3772697882892326e-1, 5.9696109149006388e-2
      ],
      [
        6.0640264610615957e-1, 6.158426144565412e-1, 5.5904800039029579e-1,
        7.3660674326286568e-1, 7.1167514228743411e-1, 8.614027171549874e-1,
        8.355869579123627e-1, 9.2975617155685297e-1
      ]
    ]
  }
}
