{
  "name": "Dunavant 10",
  "domain": "T2",
  "degree": 10,
  "test_tolerance": 2.7545113353002957e-15,
  "comments": ["precision improved with quadpy-optimize"],
  "data": {
    "centroid": [[9.0817990382753538e-2]],
    "d3_aa": [
      [3.6725957756466768e-2, 4.5321059435527972e-2],
      [4.8557763338365734e-1, 1.0948157548503705e-1]
    ],
    "d3_ab": [
      [7.2757916845420129e-2, 2.8327242531057464e-2, 9.4216669637328387e-3],
      [1.4170721941487996e-1, 2.5003534762686411e-2, 9.5408154002994822e-3],
      [3.0793983876412101e-1, 2.4667256063990267e-1, 6.6803251012200332e-2]
    ]
  }
}
