{
  "name": "Dunavant 9",
  "domain": "T2",
  "degree": 9,
  "test_tolerance": 1.7542684338521422e-15,
  "comments": ["precision improved with quadpy-optimize"],
  "data": {
    "centroid": [[9.7135796282798698e-2]],
    "d3_aa": [
      [
        3.1334700227139231e-2, 7.7827541004774195e-2, 7.9647738927210221e-2,
        2.5577675658698049e-2
      ],
      [
        4.8968251919873756e-1, 4.3708959149293652e-1, 1.8820353561903269e-1,
        4.4729513394452733e-2
      ]
    ],
    "d3_ab": [
      [4.3283539377289348e-2],
      [3.68384120547363e-2],
      [2.2196298916076576e-1]
    ]
  }
}
