{
  "name": "Dunavant 17",
  "domain": "T2",
  "degree": 17,
  "test_tolerance": 1.478015541081684e-14,
  "comments": ["precision improved with quadpy-optimize"],
  "data": {
    "centroid": [[3.3437199290840214e-2]],
    "d3_aa": [
      [
        5.0934154404880666e-3, 1.4670864527619351e-2, 2.4350878353673618e-2,
        3.1107550868994999e-2, 3.1257111218644065e-2, 2.4815654339666093e-2,
        1.4056073070556993e-2, 3.1946761737787679e-3
      ],
      [
        4.9717054055678611e-1, 4.8217632262467081e-1, 4.5023996902084706e-1,
        4.0026623937744138e-1, 2.521412679709325e-1, 1.6204700465847163e-1,
        7.5875882260746097e-2, 1.5654726967822202e-2
      ]
    ],
    "d3_ab": [
      [
        8.1196553189785449e-3, 2.6805742283169325e-2, 1.8459993210813742e-2,
        8.4768685343292946e-3, 1.8292796770026022e-2, 6.665632004165368e-3
      ],
      [
        3.3431986736366526e-1, 2.9222153779698057e-1, 3.1957488542320855e-1,
        1.907042241922908e-1, 1.8048321164874404e-1, 8.0711313679563426e-2
      ],
      [
        6.5549320380943588e-1, 5.7233759053205635e-1, 6.2600119028627521e-1,
        7.964272149740711e-1, 7.5235100593772475e-1, 9.0462550409560816e-1
      ]
    ]
  }
}
