{
  "name": "Dunavant 13",
  "domain": "T2",
  "degree": 13,
  "test_tolerance": 1.8514844023081422e-15,
  "comments": ["precision improved with quadpy-optimize"],
  "data": {
    "centroid": [[5.2520923329729116e-2]],
    "d3_aa": [
      [
        1.1280145203913329e-2, 3.1423518409696184e-2, 4.707250247887311e-2,
        4.7363586486196659e-2, 3.1167529036428641e-2, 7.9757714671856265e-3
      ],
      [
        4.9504818494801084e-1, 4.6871663508490263e-1, 4.1452133675508235e-1,
        2.2939957209182404e-1, 1.1442449516398367e-1, 2.4811391366830748e-2
      ]
    ],
    "d3_ab": [
      [3.6848402739115195e-2, 1.7401463330671649e-2, 1.5521786834111472e-2],
      [9.4853828482715341e-2, 1.8100773312209724e-2, 2.2233076663962435e-2],
      [2.6879499698629705e-1, 2.9173006674791491e-1, 1.2635738550843173e-1]
    ]
  }
}
