{
  "name": "Dunavant 12",
  "domain": "T2",
  "degree": 12,
  "test_tolerance": 3.0439858201996859e-15,
  "comments": ["precision improved with quadpy-optimize"],
  "data": {
    "d3_aa": [
      [
        2.5731066440455377e-2, 4.3692544538038502e-2, 6.2858224217885242e-2,
        3.4796112930708861e-2, 6.1662610515590272e-3
      ],
      [
        4.8821738977380491e-1, 4.3972439229446025e-1, 2.7121038501211592e-1,
        1.2757614554158575e-1, 2.1317350453210406e-2
      ]
    ],
    "d3_ab": [
      [4.0371557766380954e-2, 2.235677320230342e-2, 1.7316231108658889e-2],
      [1.1534349453469803e-1, 2.2838332222257056e-2, 2.573405054833023e-2],
      [2.7571326968551391e-1, 2.8132558098993965e-1, 1.162519159075972e-1]
    ]
  }
}
