{
  "name": "Dunavant 15",
  "domain": "T2",
  "degree": 15,
  "test_tolerance": 6.32306713268085e-15,
  "comments": ["precision improved with quadpy-optimize"],
  "data": {
    "d3_aa": [
      [
        1.9168756428486605e-3, 4.4249027271144895e-2, 5.1186548718852198e-2,
        2.3687735870687912e-2, 1.3289775690020537e-2, 4.7489166081918222e-3
      ],
      [
        5.0697291685824286e-1, 4.3140635428302254e-1, 2.7769364484714443e-1,
        1.2646489104125375e-1, 7.0808385974685695e-2, 1.8965170241073359e-2
      ]
    ],
    "d3_ab": [
      [
        3.8550072599592491e-2, 2.721581432062431e-2, 2.1820773667970694e-3,
        2.1505319847731345e-2, 7.6739426310486773e-3
      ],
      [
        1.3373416196662111e-1, 3.6366677396916847e-2, -1.0174883126570586e-2,
        3.6843869875878274e-2, 1.2459809331198717e-2
      ],
      [
        2.6131137114008729e-1, 5.7558655551281412e-1, 2.8571222004991592e-1,
        2.1559966407228406e-1, 1.0357561657638606e-1
      ]
    ]
  }
}
