{
  "name": "Dunavant 11",
  "domain": "T2",
  "degree": 11,
  "test_tolerance": 1.8476668692244386e-15,
  "comments": ["precision improved with quadpy-optimize"],
  "data": {
    "d3_aa": [
      [
        9.2700632896068516e-4, 7.7149534914813148e-2, 5.9322977380774085e-2,
        3.6184540503418045e-2, 1.3659731002677873e-2
      ],
      [
        5.3461104827075823e-1, 3.989693029658552e-1, 2.0330990043128244e-1,
        1.1935091228258127e-1, 3.2364948111275868e-2
      ]
    ],
    "d3_ab": [
      [5.2337111962204072e-2, 2.0707659639140698e-2],
      [5.0178138310494662e-2, 2.1022016536166317e-2],
      [3.5662064826129258e-1, 1.7148898030404161e-1]
    ]
  }
}
