{
  "name": "Dunavant 5",
  "domain": "T2",
  "degree": 5,
  "test_tolerance": 1.0663966805694776e-15,
  "comments": ["precision improved with quadpy-optimize"],
  "data": {
    "centroid": [[2.2500000000000006e-1]],
    "d3_aa": [
      [1.3239415278850619e-1, 1.2593918054482717e-1],
      [4.7014206410511505e-1, 1.0128650732345632e-1]
    ]
  }
}
