{
  "name": "Dunavant 16",
  "domain": "T2",
  "degree": 16,
  "test_tolerance": 8.8933418776820237e-15,
  "comments": ["precision improved with quadpy-optimize"],
  "data": {
    "centroid": [[4.6875697427641583e-2]],
    "d3_aa": [
      [
        6.4058785785849927e-3, 4.1710296739386789e-2, 2.6891484250064497e-2,
        4.2132522761649603e-2, 3.0000266842772981e-2, 1.420009892502417e-2,
        3.5824623512733691e-3
      ],
      [
        4.9738054194843839e-1, 4.1346943854935236e-1, 4.7045859906699128e-1,
        2.4055374996952089e-1, 1.4796579422257275e-1, 7.5465187657474148e-2,
        1.6596402623025232e-2
      ]
    ],
    "d3_ab": [
      [
        3.2773147460627469e-2, 1.5298306248441218e-2, 2.3862441928386192e-3,
        1.9084792755898895e-2, 6.8500545465419536e-3
      ],
      [
        1.0357569224525195e-1, 2.0083411655415946e-2, -4.3410026141389845e-3,
        4.1941786468009862e-2, 1.4317320230681212e-2
      ],
      [
        2.9655559657988734e-1, 3.3772306340307945e-1, 2.0474828164281239e-1,
        1.8935849213062284e-1, 8.5283615682657604e-2
      ]
    ]
  }
}
