{
  "name": "Dunavant 14",
  "domain": "T2",
  "degree": 14,
  "test_tolerance": 4.2307548259223152e-15,
  "comments": ["precision improved with quadpy-optimize"],
  "data": {
    "d3_aa": [
      [
        2.18835813694289e-2, 3.2788353544125355e-2, 5.1774104507291606e-2,
        4.2162588736992995e-2, 1.4433699669776584e-2, 4.9234036024000567e-3
      ],
      [
        4.8896391036217857e-1, 4.17644719340454e-1, 2.7347752830883865e-1,
        1.7720553241254344e-1, 6.1799883090872608e-2, 1.9390961248701127e-2
      ]
    ],
    "d3_ab": [
      [
        2.4665753212563642e-2, 3.857151078706067e-2, 1.4436308113533806e-2,
        5.0102288385006659e-3
      ],
      [
        5.7124757403647933e-2, 9.291624935697182e-2, 1.4646950055654414e-2,
        1.2683309328720147e-3
      ],
      [
        1.7226668782135551e-1, 3.3686145979634485e-1, 2.9837288213625779e-1,
        1.1897449769695692e-1
      ]
    ]
  }
}
