{
  "name": "Dunavant 8",
  "domain": "T2",
  "degree": 8,
  "test_tolerance": 1.9596307395080653e-15,
  "comments": ["precision improved with quadpy-optimize"],
  "data": {
    "centroid": [[1.4431560767778714e-1]],
    "d3_aa": [
      [9.5091634267284633e-2, 1.0321737053471815e-1, 3.2458497623198093e-2],
      [4.5929258829272318e-1, 1.705693077517603e-1, 5.0547228317031068e-2]
    ],
    "d3_ab": [
      [2.7230314174435014e-2],
      [8.3947774099576572e-3],
      [2.6311282963463811e-1]
    ]
  }
}
