{
  "name": "Dunavant 18",
  "domain": "T2",
  "degree": 18,
  "test_tolerance": 1.1215596461364528e-14,
  "comments": ["precision improved with quadpy-optimize"],
  "data": {
    "centroid": [[3.080993993764914e-2]],
    "d3_aa": [
      [
        9.0724366794040969e-3, 1.8761316939592633e-2, 1.9441097985476601e-2,
        2.7753948610811156e-2, 3.2256225351457606e-2, 2.5074032616922145e-2,
        1.5271927971832711e-2, 6.7939220229613203e-3, -2.2230987299196835e-3
      ],
      [
        4.9334480863092139e-1, 4.6921059424195777e-1, 4.3628139588700893e-1,
        3.9484617067341843e-1, 2.4979456880315679e-1, 1.6143219374384238e-1,
        7.6598227485370651e-2, 2.4252439353448743e-2, 4.3146367216984283e-2
      ]
    ],
    "d3_ab": [
      [
        6.3319140764057135e-3, 2.7257538049138493e-2, 1.7676785649464646e-2,
        1.837948463807007e-2, 8.1047328081918536e-3, 7.6341290707245485e-3,
        4.6187660794116863e-5
      ],
      [
        3.5891149494094499e-1, 2.9440247675195685e-1, 3.250178016418146e-1,
        1.8473755966604682e-1, 2.1879680001332186e-1, 1.0117959713640859e-1,
        2.087475528258716e-2
      ],
      [
        6.3265796885663517e-1, 5.7441097151085563e-1, 6.2477904679251162e-1,
        7.4893317652303704e-1, 7.6920700542044251e-1, 8.8396230227346584e-1,
        1.014347260005358
      ]
    ]
  }
}
