{
  "name": "Haegemans-Piessens",
  "domain": "C2",
  "degree": 7,
  "test_tolerance": 7.216e-16,
  "weight factor": 0.25,
  "data": {
    "sxy": [
      [0.213057211620949126, 0.1740094889468956061],
      [0.9171178223127705862, 0.6112687664653284144],
      [0.547931206828092323, 0.93884325665885830459]
    ],
    "c2_a0": [[0.63585388344327977182], [0.52942280204265532589]],
    "c2_0a": [[0.59001271542103076297], [0.62704137378039531763]]
  }
}
