{
  "name": "Haegemans-Piessens b",
  "domain": "E2r2",
  "degree": 9,
  "test_tolerance": 2.22e-16,
  "weight factor": 0.318309886183790671537767526745028724068919291480912897495,
  "data": {
    "zero2": [[0.99539392442635720576]],
    "sxy": [
      [
        0.32177672377399565511, 0.75565837988161898558e-2,
        0.29955422056645523413e-1
      ],
      [
        0.96694705321448168544, 0.19083049659109735246e1, 0.78179791517036681132
      ],
      [
        0.54814654501005997792, 0.13197423644999266853e1,
        0.17802047946783606137e1
      ]
    ],
    "c2_a0": [[0.21567360952593067635e-1], [0.20656927236857979092e1]],
    "c2_0a": [
      [0.33171694733245710776, 0.12375970377531042078e-2],
      [0.10514665259055166337e1, 0.27123443781396230497e1]
    ]
  }
}
