{
  "name": "Haegemans-Piessens a",
  "domain": "E2r2",
  "degree": 9,
  "test_tolerance": 2.22e-16,
  "weight factor": 0.318309886183790671537767526745028724068919291480912897495,
  "data": {
    "sxy": [
      [
        0.17824409716904986674e-1, 0.10359061145455720786,
        0.29533849436023968652e-5
      ],
      [
        0.20170108815574554176e1, 0.98476839890675530777,
        0.30613476457677457443e1
      ],
      [
        0.66375761187215295779, 0.12768861958214330981e1,
        0.4690345346827759597e1
      ]
    ],
    "c2_a0": [[0.49164052937290833903], [0.94537268957255005523]],
    "c2_0a": [
      [0.80202561214816026055, 0.34294236161016425803e-1],
      [0.61173496731957836852, 0.19591634146694451281e1]
    ]
  }
}
