{
  "name": "Keast 9",
  "domain": "T3",
  "degree": 8,
  "test_tolerance": 7.137e-17,
  "data": {
    "s4": [[-0.2359620398477557]],
    "s31": [
      [0.0244878963560562, 0.0039485206398261],
      [0.127470936566639, 0.0320788303926323]
    ],
    "s22": [
      [0.0263055529507371, 0.0829803830550589],
      [0.049777095643281, 0.1837304473985499]
    ],
    "s211": [
      [0.0254426245481023, 0.0134324384376852],
      [0.2319010893971509, 0.0379700484718286],
      [0.5132800333608811, 0.1937464752488044]
    ]
  }
}
