{
  "name": "Keast 7",
  "domain": "T3",
  "degree": 6,
  "test_tolerance": 4.758e-17,
  "data": {
    "s31": [
      [0.0399227502581679, 0.0100772110553207, 0.0553571815436544],
      [0.2146028712591517, 0.0406739585346113, 0.3223378901422757]
    ],
    "s211": [
      [0.048214285714285714285714285714285714285714285714285714285],
      [0.0636610018750175],
      [0.2696723314583159]
    ]
  }
}
