{
  "name": "Keast 8",
  "domain": "T3",
  "degree": 7,
  "test_tolerance": 1.19e-16,
  "data": {
    "s4": [[0.1095853407966528]],
    "s31": [
      [0.063599649146485, -0.3751064406859797, 0.0293485515784412],
      [0.0782131923303186, 0.1218432166639044, 0.3325391644464206]
    ],
    "s22": [[0.0058201058201058], [0.5]],
    "s211": [[0.1653439153439105], [0.1], [0.2]]
  }
}
