{
  "name": "Cools-Haegemans 13-1",
  "domain": "S2",
  "degree": 13,
  "test_tolerance": 2.267e-15,
  "comments": ["precision improved with quadpy-optimize"],
  "data": {
    "d4_ab": [
      [5.7930240909263558e-3, 3.0487945606184202e-2],
      [3.3576760082954382e-1, 3.7971701117007961e-1],
      [9.3869458383510651e-1, 7.5204277680393794e-1]
    ],
    "d4_aa": [
      [1.380719548016184e-2, 4.7819163941685075e-2],
      [6.7735510602806959e-1, 4.1267221676327887e-1]
    ],
    "d4_a0": [
      [4.973269518529444e-2, 4.3973209059108474e-2, 2.2105796939529097e-2],
      [2.8340283234884045e-1, 6.490072305780239e-1, 9.2057547403625606e-1]
    ]
  }
}
