{
  "name": "Rabinowitz Richter 1",
  "domain": "C2",
  "degree": 9,
  "test_tolerance": 2.089e-15,
  "weight factor": 0.25,
  "data": {
    "d4_a0": [
      [0.0716134247098111, 0.4540903525515453],
      [0.9845398119422523, 0.4888863428423724]
    ],
    "d4_aa": [[0.042784615466778], [0.9395672874215217]],
    "d4_ab": [[0.2157558036359328], [0.836710325023989], [0.5073767736746132]]
  }
}
