{
  "name": "Rabinowitz Richter 3",
  "domain": "C2",
  "degree": 11,
  "test_tolerance": 1.429e-15,
  "weight factor": 0.25,
  "data": {
    "d4_a0": [
      [0.0176679598882646, 0.2322248008989674],
      [0.8989737240828844, 0.7632367891419969]
    ],
    "d4_aa": [
      [0.0715516745178401, 0.2192868905662522, 0.296584232622058],
      [0.8949648832822285, 0.6322452037101431, 0.2797353125538562]
    ],
    "d4_ab": [[0.0813422207533089], [0.9602661668053869], [0.434741302385683]]
  }
}
