{
  "name": "Rabinowitz Richter 4",
  "domain": "C2",
  "degree": 13,
  "test_tolerance": 5.183e-15,
  "weight factor": 0.25,
  "data": {
    "zero2": [[0.2995235559387052]],
    "d4_a0": [
      [0.0331100668669073, 0.1802214941550577],
      [0.9909890363004588, 0.6283940712305196]
    ],
    "d4_aa": [
      [0.0391672789603492, 0.1387748348777338, 0.2268881207335663],
      [0.9194861553393097, 0.6973201917871096, 0.3805687186904865]
    ],
    "d4_ab": [
      [0.036573957655095, 0.1169047000557597],
      [0.9708504361720127, 0.8623637916722844],
      [0.6390348393207334, 0.3162277660168378]
    ]
  }
}
