{
  "name": "Rabinowitz Richter 5",
  "domain": "C2",
  "degree": 15,
  "test_tolerance": 1.554e-15,
  "weight factor": 0.25,
  "data": {
    "d4_a0": [
      [-0.40980941939297e-5, 0.0414134647558384, 0.1837583771750436],
      [1.315797935069747, 0.9796158388578564, 0.6375456844500517]
    ],
    "d4_aa": [
      [
        0.0280217865486269, 0.0948146979601645, 0.1688054053337613,
        0.1898474000367674
      ],
      [
        0.9346799288936658, 0.7662665721615083, 0.5138362475917853,
        0.2211895845055072
      ]
    ],
    "d4_ab": [
      [0.0331477474104121, 0.1135237357315838],
      [0.9769495664551867, 0.8607803779721935],
      [0.6375975639376926, 0.3368688874716777]
    ]
  }
}
