{
  "name": "Rabinowitz Richter 2",
  "domain": "C2",
  "degree": 11,
  "test_tolerance": 5.609e-15,
  "weight factor": 0.25,
  "data": {
    "zero2": [[0.3653795255859022]],
    "d4_a0": [
      [0.2442720577517539, 0.0277561655642043],
      [0.7697990683966493, 1.044402915409813]
    ],
    "d4_aa": [
      [0.3089930361337136, 0.0342651038512293],
      [0.4134919534491139, 0.9357870124405403]
    ],
    "d4_ab": [[0.1466843776513117], [0.5756535958404649], [0.8830255085256902]]
  }
}
