{
  "name": "Rabinowitz Richter 6",
  "domain": "C2",
  "degree": 15,
  "test_tolerance": 2.33e-15,
  "weight factor": 0.25,
  "data": {
    "d4_a0": [
      [0.030124520798121, 0.0871146840209092, 0.1250080294351494],
      [0.9915377816777667, 0.802016387923044, 0.5648674875232742]
    ],
    "d4_aa": [
      [0.0267651407861666, 0.0959651863624437, 0.1750832998343375],
      [0.9354392392539896, 0.7624563338825799, 0.2156164241427213]
    ],
    "d4_ab": [
      [0.0283136372033274, 0.0866414716025093, 0.1150144605755996],
      [0.9769662659711761, 0.8937128379503403, 0.6122485619312083],
      [0.6684480048977932, 0.3735205277617582, 0.4078983303613935]
    ]
  }
}
