{
  "name": "Morrow-Patterson 1",
  "domain": "C2",
  "degree": 11,
  "test_tolerance": 3.581e-6,
  "weight factor": 0.25,
  "data": {
    "sxy": [
      [
        0.1627661292, 0.3051478053, 0.0140154409, 0.2089530426,
        -0.1118414644e-3, 0.0541846008, 0.1172517331
      ],
      [
        0.2386191861, 0.2386191861, 0.6612093865, 0.6612093865, 0.9324695142,
        0.9324695142, 0.9324695142
      ],
      [
        0.8611363116, 0.3399810436, 1.11255337, 0.7017715829, 1.532186887,
        0.8829273433, 0.3592258245
      ]
    ],
    "c2_a0": [[0.2755861791], [0.6612093865]]
  }
}
