{
  "name": "Morrow-Patterson 2",
  "domain": "C2",
  "degree": 25,
  "test_tolerance": 3.581e-6,
  "weight factor": 0.25,
  "comments": ["TODO The article claims degree 31. Check for errors."],
  "data": {
    "sxy": [
      [
        0.153974824894e-1, 0.342239043212e-1, 0.493728555246e-1,
        0.59174344419e-1, 0.219687383042e-1, 0.422241228318e-1,
        0.557059403767e-1, 0.626761415564e-1, 0.284719756769e-4,
        0.107864593517e-1, 0.288090801678e-1, 0.449057826672e-1,
        0.552567682967e-1, -0.238570094309e-8, 0.152203943218e-2,
        0.186940270679e-1, 0.334515581891e-1, 0.448929333192e-1,
        0.510354307986e-1, 0.941251999907e-11, 0.839123482817e-2,
        0.215480412155e-1, 0.328880560591e-1, 0.403387733018e-1,
        -0.19284925678e-5, -0.211309155229e-12, 0.373264085082e-2,
        0.108083624686e-1, 0.20608928278e-1, 0.280439642185e-1,
        0.319642570619e-1, 0.132307491853e-13, 0.358804444921e-6,
        0.377203097373e-2, 0.694302275949e-2, 0.651880370677e-2,
        0.151222484324e-1, 0.194753613784e-1, -0.15501962786e-14,
        -0.339816478433e-7, 0.102363309226e-2, 0.296184898206e-2,
        0.463894901111e-2, 0.350689331377e-2, 0.655751993234e-2,
        0.846360999901e-2, 0.203393765743e-15, 0.508117261709e-8
      ],
      [
        0.950125098376e-1, 0.950125098376e-1, 0.950125098376e-1,
        0.950125098376e-1, 0.281603550779, 0.281603550779, 0.281603550779,
        0.281603550779, 0.281603550779, 0.458016777657, 0.458016777657,
        0.458016777657, 0.458016777657, 0.458016777657, 0.617876244403,
        0.617876244403, 0.617876244403, 0.617876244403, 0.617876244403,
        0.617876244403, 0.755404408355, 0.755404408355, 0.755404408355,
        0.755404408355, 0.755404408355, 0.755404408355, 0.865631202388,
        0.865631202388, 0.865631202388, 0.865631202388, 0.865631202388,
        0.865631202388, 0.865631202388, 0.944575023073, 0.944575023073,
        0.944575023073, 0.944575023073, 0.944575023073, 0.944575023073,
        0.944575023073, 0.989400934992, 0.989400934992, 0.989400934992,
        0.989400934992, 0.989400934992, 0.989400934992, 0.989400934992,
        0.989400934992
      ],
      [
        0.968160239507, 0.836031107326, 0.6133714327, 0.324253423403,
        0.950894801068, 0.771492557752, 0.500482824502, 0.173233147858,
        0.114815304093e1, 0.976231599013, 0.860064479607, 0.639857912633,
        0.340595575643, 0.166045668443e1, 0.101356615914e1, 0.93600599242,
        0.760621522239, 0.496236604823, 0.172327489281, 0.217081790217e1,
        0.974824439241, 0.854811906217, 0.634285445805, 0.33750123034,
        0.116365304999e1, 0.262105563727e1, 0.984091441674, 0.912693883002,
        0.74676298966, 0.48832655084, 0.169703337599, 0.298557375978e1,
        0.123267231547e1, 0.976647356726, 0.882226287758, 0.786493198166,
        0.610059075287, 0.327509702777, 0.324790845348e1, 0.131269184417e1,
        0.985756803095, 0.914705094008, 0.769393763416, 0.616728021409,
        0.442872401546, 0.158216672941, 0.339722181604e1, 0.135173206143e1
      ]
    ],
    "c2_a0": [
      [
        0.625640474012e-1, 0.587968625942e-1, 0.429295886871e-1,
        0.208441813388e-1
      ],
      [0.950125098376e-1, 0.458016777657, 0.755404408355, 0.944575023073]
    ]
  }
}
