{
  "name": "Kim-Song 9",
  "domain": "S2",
  "degree": 11,
  "test_tolerance": 1.741e-14,
  "weight factor": 0.318309886183790671537767526745028724068919291480912897495,
  "data": {
    "d4_aa": [
      [0.051310052712355, 0.20836827523194, 0.113628206510048],
      [0.680167267076408, 0.232463234651158, 0.547722557505169]
    ],
    "d4_ab": [
      [0.126977836503225, 0.079067977968328],
      [0.652159581445885, 0.904823085572323],
      [0.174745633184644, 0.242446615072141]
    ]
  }
}
