{
  "name": "Kim-Song 13",
  "domain": "S2",
  "degree": 17,
  "test_tolerance": 1.029e-14,
  "weight factor": 3.1830988618379069e-1,
  "comments": ["precision improved with quadpy-optimize"],
  "data": {
    "d4_a0": [
      [1.0754014341818474e-1, 2.1291625083380894e-2, 8.20285196373991e-2],
      [2.3377970236142984e-1, 9.7496766420024772e-1, 6.7060324653916048e-1]
    ],
    "d4_aa": [
      [4.8095903688793426e-4, 5.5918006547123929e-2],
      [7.6714988710473875e-1, 5.2991028677369845e-1]
    ],
    "d4_ab": [
      [
        2.0154425991947375e-2, 5.6453982349760491e-2, 3.8487694687472561e-2,
        9.6415834450088153e-2, 4.7557517357967281e-2
      ],
      [
        9.2019716091797088e-1, 6.9631596002963114e-1, 7.6375605753604048e-1,
        4.5571440175981404e-1, 8.5590771493618356e-1
      ],
      [
        3.2488027722244073e-1, 3.5337394338330341e-1, 5.5481990421089322e-1,
        2.2287836400572464e-1, 1.6510369301784655e-1
      ]
    ]
  }
}
