{
  "name": "Kim-Song 8",
  "domain": "S2",
  "_ERR": "Kim-Song claim degree 11, but the scheme is only degree 1.",
  "degree": 1,
  "test_tolerance": 2.001e-13,
  "weight factor": 0.318309886183790671537767526745028724068919291480912897495,
  "data": {
    "zero2": [[-0.103220620849181]],
    "d4_aa": [
      [
        0.000561120485457, 0.234185472691706, 0.123731369524117,
        0.194337435615691
      ],
      [
        1.081713912649978, 0.329855087221954, 0.163309595229403,
        0.582963679648472
      ]
    ],
    "d4_ab": [[0.129193960146342], [0.862551409331466], [0.191706749096887]]
  }
}
