{
  "name": "Kim-Song 15",
  "domain": "S2",
  "degree": 19,
  "test_tolerance": 2.202e-15,
  "weight factor": 3.1830988618379069e-1,
  "comments": ["precision improved with quadpy-optimize"],
  "data": {
    "d4_a0": [
      [
        8.2559579829715221e-2, 9.7217598890983331e-3, 6.1920848595850932e-2,
        7.912279896751348e-2
      ],
      [
        2.0467004800836858e-1, 9.923095462982181e-1, 7.409306345221045e-1,
        4.7798831503699479e-1
      ]
    ],
    "d4_aa": [
      [8.7526386030941691e-2, 5.7077565466415785e-2],
      [3.0613949187871553e-1, 5.2478262509785556e-1]
    ],
    "d4_ab": [
      [
        2.0981842363950301e-2, 1.5225643942300275e-2, 3.3136494988871369e-2,
        4.4854090497042177e-2, 6.5321362867624397e-2, 2.4215177649167766e-2
      ],
      [
        9.2180593382568832e-1, 7.9023648370785915e-1, 7.25793497967818e-1,
        7.8822845979391309e-1, 5.8489341784760862e-1, 9.0963650998646273e-1
      ],
      [
        3.1092055317277434e-1, 5.7989855879832763e-1, 5.2504770256399169e-1,
        2.9024662406852586e-1, 2.6431783629270811e-1, 9.2573721943206427e-2
      ]
    ]
  }
}
