{
  "name": "Kim-Song 10",
  "domain": "S2",
  "degree": 13,
  "test_tolerance": 3.071e-13,
  "weight factor": 0.318309886183790671537767526745028724068919291480912897495,
  "data": {
    "d4_a0": [
      [0.156239869837333, 0.069447409266977, 0.138145910534871],
      [0.283402832348825, 0.920575474036251, 0.649007230578002]
    ],
    "d4_aa": [
      [0.043376583887155, 0.15022833414001],
      [0.677355106028069, 0.412672216763289]
    ],
    "d4_ab": [
      [0.018199321926118, 0.095780705939433],
      [0.938694583835123, 0.752042776803954],
      [0.335767600829539, 0.379717011170077]
    ]
  }
}
