{
  "name": "Kim-Song 6",
  "domain": "S2",
  "degree": 7,
  "test_tolerance": 6.594e-15,
  "weight factor": 0.318309886183790671537767526745028724068919291480912897495,
  "data": {
    "d4_a0": [
      [0.2327105669325772769231587691318150284590495851388967274796255253],
      [0.866025403784439]
    ],
    "d4_aa": [
      [0.387077796006226, 0.165609800458645],
      [0.3229149920674, 0.644171310389465]
    ]
  }
}
