{
  "name": "Kim-Song 12",
  "domain": "S2",
  "degree": 17,
  "test_tolerance": 4.318,
  "weight factor": 0.318309886183790671537767526745028724068919291480912897495,
  "data": {
    "d4_a0": [
      [
        0.034218732123473, 0.016529016194279, 0.128441621643862,
        0.057523498415081
      ],
      [
        0.000061843487605, 0.980790725733799, 0.536380801743208,
        0.859692027602019
      ]
    ],
    "d4_aa": [
      [
        0.000019445945395, 0.02988278858553, 0.086625257876566,
        0.135289763196368
      ],
      [
        0.890507932479849, 0.597728327225623, 0.47263850847443,
        0.256583368615187
      ]
    ],
    "d4_ab": [
      [0.030442743336826, 0.036355668706617, 0.081635607665003],
      [0.915666628257231, 0.77513068214199, 0.722293685844502],
      [0.290750921163427, 0.550400039905684, 0.274942296086914]
    ]
  }
}
