{
  "name": "Kim-Song 11",
  "domain": "S2",
  "degree": 15,
  "test_tolerance": 3.891e-15,
  "weight factor": 3.1830988618379069e-1,
  "comments": ["precision improved with quadpy-optimize"],
  "data": {
    "d4_a0": [
      [
        1.2529020856428566e-1, 1.6712625497043762e-2, 1.0950039112636627e-1,
        6.6237455796376354e-2
      ],
      [
        2.5286379709122975e-1, 9.8974680251149039e-1, 5.7772892844482326e-1,
        8.7383695664488115e-1
      ]
    ],
    "d4_aa": [
      [2.61028601843603e-2, 6.600093466110428e-2, 1.2742837268172011e-1],
      [6.8929938079113628e-1, 5.9761430466719734e-1, 3.7541682462615433e-1]
    ],
    "d4_ab": [
      [4.252306582668245e-2, 8.1539591616413151e-2],
      [8.8309711131858948e-1, 7.0743874496006587e-1],
      [3.6579080040066192e-1, 2.9303072271066127e-1]
    ]
  }
}
