{
  "name": "Kim-Song 7",
  "domain": "S2",
  "degree": 9,
  "test_tolerance": 7.359e-14,
  "weight factor": 0.318309886183790671537767526745028724068919291480912897495,
  "data": {
    "d4_a0": [
      [0.071488826617391, 0.327176874928167],
      [0.952458896434417, 0.415187657878755]
    ],
    "d4_aa": [[0.005591341512851], [0.834794942216211]],
    "d4_ab": [[0.190570560169519], [0.740334457173511], [0.379016937530835]]
  }
}
