{
  "name": "Kim-Song 14",
  "domain": "S2",
  "degree": 19,
  "test_tolerance": 3.544e1,
  "weight factor": 0.318309886183790671537767526745028724068919291480912897495,
  "data": {
    "d4_a0": [
      [-0.336959088794964, -0.252102704609804, 0.131164048626801],
      [0.860125674956782, 0.860125119919931, 0.547071550894734]
    ],
    "d4_aa": [
      [
        -0.010919895825604, 0.010744805554708, 0.004798012482265,
        0.072711702889623, 0.115883691032049, 0.123519504105529
      ],
      [
        0.927565701076356, 0.928162274936277, 0.755935467576794,
        0.618205357502056, 0.398705530364909, 0.175541035301314
      ]
    ],
    "d4_ab": [
      [
        0.022426281825809, 0.033906878046312, 0.332072154179621,
        0.07487372991668
      ],
      [
        0.959568314399471, 0.851375493057155, 0.858667011279674,
        0.711569636216547
      ],
      [
        0.155454100986327, 0.435023471372536, 0.030948726948493,
        0.300178547400372
      ]
    ]
  }
}
