{
  "name": "Kim-Song 5",
  "domain": "S2",
  "degree": 5,
  "test_tolerance": 4.556e-15,
  "data": {
    "zero2": [[0.25]],
    "d4_ab": [[0.09375], [0.754344479484572], [0.312459714103782]]
  }
}
