{
  "name": "Williams-Shunn-Jameson 7",
  "degree": 10,
  "domain": "T2",
  "test_tolerance": 1.082467449009528e-15,
  "data": {
    "centroid": [[8.360821181660115e-2]],
    "d3_aa": [
      [5.272175522430325e-3, 4.455293672557034e-2, 3.381571020068896e-2],
      [1.997719961452622e-2, 1.317217701051547e-1, 4.851353467863512e-1]
    ],
    "d3_ab": [
      [1.571046257143488e-2, 2.820513443501591e-2, 6.699595646643758e-2],
      [1.079520083370499e-1, 2.708407897268845e-1, 3.165495999294208e-1],
      [8.679111815139792e-1, 7.008725531406436e-1, 5.366546828243137e-1]
    ]
  }
}
