{
  "name": "Williams-Shunn-Jameson 8",
  "domain": "T2",
  "degree": 12,
  "test_tolerance": 1.360023205165817e-15,
  "data": {
    "d3_aa": [
      [
        5.6391238500517e-3, 2.714896822751263e-2, 6.310091250460742e-2,
        5.175279561040724e-2
      ],
      [
        2.117142287153066e-2, 1.005843977739632e-1, 2.710383077336301e-1,
        4.401912583997973e-1
      ]
    ],
    "d3_ab": [
      [
        9.866753740833102e-3, 2.200820467765112e-2, 1.664457007712752e-2,
        4.432623807476545e-2
      ],
      [
        1.017636802983086e-1, 3.940332722234677e-1, 2.262455322029328e-1,
        6.357371829602076e-1
      ],
      [
        8.799796404547588e-1, 5.825620223050949e-1, 7.515306132157283e-1,
        2.490792278678799e-1
      ]
    ]
  }
}
