{
  "name": "Yu 4",
  "domain": "T3",
  "degree": 4,
  "test_tolerance": 4.758e-17,
  "data": {
    "s31": [[0.5037379410012282e-1], [0.761190326442543e-1]],
    "s211": [
      [0.6654206863329239e-1],
      [0.4042339134672644],
      [0.1197005277978019]
    ]
  }
}
