{
  "name": "Yu 5",
  "domain": "T3",
  "degree": 5,
  "test_tolerance": 4.758e-17,
  "data": {
    "s4": [[0.1884185567365411]],
    "s31": [[0.6703858372604275e-1], [0.8945436401412733e-1]],
    "s211": [
      [0.4528559236327399e-1],
      [0.4214394310662522],
      [0.1325810999384657]
    ]
  }
}
