{
  "name": "Yu 6",
  "domain": "T3",
  "degree": 6,
  "test_tolerance": 4.758e-17,
  "data": {
    "s4": [[0.904012904601475e-1]],
    "s31": [[0.1911983427899124e-1], [0.5742691731735682e-1]],
    "s211": [
      [0.4361493840666568e-1, 0.2581167596199161e-1],
      [0.2312985436519147, 0.475690988147229e-1],
      [0.5135188412556341e-1, 0.296753812969026]
    ]
  }
}
