{
  "name": "Taylor-Wingate-Bos 5",
  "domain": "T2",
  "degree": 9,
  "test_tolerance": 2.286277474584065e-15,
  "weight factor": 5.0e-1,
  "comments": ["precision improved with quadpy-optimize"],
  "data": {
    "d3_aa": [
      [5.1987142064639176e-2, 1.0323440513804161e-1, 1.8816014691671232e-1],
      [4.5189009784376732e-2, 4.8151983478331117e-1, 4.0360397981794005e-1]
    ],
    "d3_ab": [
      [7.0703410178398277e-2, 9.0939076095238408e-2],
      [7.4751247273386234e-1, 1.3699120126490449e-1],
      [3.0424361728819918e-2, 2.1829007097138087e-1]
    ]
  }
}
