{
  "name": "Taylor-Wingate-Bos 8",
  "domain": "T2",
  "degree": 14,
  "test_tolerance": 5.9827667446851662e-15,
  "weight factor": 5.0e-1,
  "comments": ["precision improved with quadpy-optimize"],
  "data": {
    "vertex": [[1.0616711989985433e-3]],
    "d3_aa": [
      [
        3.4931794703603719e-2, 3.8366453394524866e-2, 8.9785652410719272e-2,
        1.0345445336172467e-1
      ],
      [
        4.9036689037541603e-1, 8.7513466958129629e-2, 2.2171458948734274e-1,
        3.860471669296196e-1
      ]
    ],
    "d3_ab": [
      [
        1.3146023610148619e-2, 2.4288192694915001e-2, 3.1679986633157353e-2,
        5.7836949120952434e-2, 7.2582168739374689e-2
      ],
      [
        5.7333087302604988e-2, 8.1596250407108017e-1, 3.1654755563783116e-1,
        9.3552603621934655e-2, 9.7489298346740833e-2
      ],
      [
        1.5138226981363235e-2, 1.6597199695650824e-1, 1.8688689877253195e-2,
        2.0798654231673799e-1, 5.3800885951491162e-1
      ]
    ]
  }
}
