{
  "name": "Rabinowitz-Richter 4",
  "domain": "E2r",
  "degree": 13,
  "test_tolerance": 1.0e-100,
  "weight factor": 0.159154943091895335768883763372514362034459645740456448747667344,
  "data": {
    "zero2": [[0.349777602241248e1]],
    "d4_a0": [
      [0.442580256591559e-6, 0.4553409712395994e-2],
      [19.67638186041246, 8.770037945037203]
    ],
    "c4": [
      [0.2775303265875652e-4, 0.3312777924884182e1, -0.1010440929995067e3],
      [10.20568519238436, 3.591105603680783, 3.242171893025389]
    ],
    "d4_ab": [
      [0.1127213703086534e-3, 0.4921143017387419e2],
      [11.94169301540818, 3.287383483530638],
      [4.911904665577694, 3.162277660168379]
    ]
  }
}
