{
  "name": "Rabinowitz-Richter 1",
  "domain": "E2r",
  "degree": 9,
  "test_tolerance": 3.56e-15,
  "weight factor": 0.159154943091895335768883763372514362034459645740456448747667344,
  "data": {
    "d4_a0": [
      [0.3380228176732269e-1, 0.1467201651910359e1],
      [6.822859174233539, 1.901350903458987]
    ],
    "d4_aa": [[0.6973178170307865e-1], [4.26019545386707]],
    "d4_ab": [[0.3030570706813315e-4], [6.693991707281686], [14.77112509749386]]
  }
}
