{
  "name": "Rabinowitz-Richter 2",
  "domain": "E2r",
  "degree": 11,
  "test_tolerance": 2.06e-15,
  "weight factor": 0.159154943091895335768883763372514362034459645740456448747667344,
  "data": {
    "d4_a0": [
      [0.1528937836199174e-3, 0.2460475747386993e-1, 0.1409433533958677e1],
      [12.74800100302598, 6.548756194884845, 1.760536818970077]
    ],
    "d4_ab": [
      [0.4416296048062511e-3, 0.6786094118455858e-1],
      [10.05412033203744, 4.616780734333329],
      [5.804749080166705, 2.665499599756826]
    ]
  }
}
