{
  "name": "Rabinowitz-Richter 3",
  "domain": "E2r",
  "degree": 11,
  "test_tolerance": 7.922e-16,
  "weight factor": 0.159154943091895335768883763372514362034459645740456448747667344,
  "data": {
    "d4_a0": [
      [0.1020154285801705e-3, 0.5959360016181913e-1, 0.1389898268451152e1],
      [13.23694157142503, 5.858647139727296, 1.719290407899388]
    ],
    "d4_aa": [
      [0.1691597241187992e-5, 0.1189929098056537],
      [12.76644300362842, 3.556098987915152]
    ],
    "d4_ab": [[0.1103920675225255e-2], [9.300537618869137], [4.847679857416328]]
  }
}
