{
  "name": "Rabinowitz-Richter 5",
  "domain": "E2r",
  "degree": 15,
  "test_tolerance": 1.945e-15,
  "weight factor": 0.159154943091895335768883763372514362034459645740456448747667344,
  "data": {
    "d4_a0": [
      [
        0.1783029629694328e-6, 0.3075756711058412e-3, 0.846850291601391e-1,
        0.133453525422142e1
      ],
      [
        19.9764308436052, 11.52881449694446, 5.150382368000088,
        1.610748055769942
      ]
    ],
    "d4_aa": [
      [0.7736736266035205e-6, 0.5762989342268486e-3, 0.1439495304734647],
      [12.91466976228591, 7.598036758945039, 3.275323454134366]
    ],
    "d4_ab": [
      [0.5384883122895214e-5, 0.3365458295852239e-2],
      [14.96412806506222, 8.095727497543633],
      [6.198344793636629, 3.353360126759371]
    ]
  }
}
