{
  "name": "Cools-Haegemans 1985 13-1",
  "domain": "C2",
  "degree": 13,
  "test_tolerance": 1.389e-15,
  "comments": ["precision improved with quadpy-optimize"],
  "data": {
    "d4_ab": [
      [
        3.4881879023058088e-2, 3.4499849660148255e-2, 9.8744194691723925e-3,
        2.0349080518728389e-2
      ],
      [
        2.6667673869541983e-2, 2.3598833248741105e-1, 2.6548656024088513e-1,
        7.0214159836249679e-1
      ],
      [
        3.7772431258988109e-1, 7.9339617110938399e-1, 9.787617478251216e-1,
        9.1390945703022552e-1
      ]
    ],
    "d4_aa": [
      [4.753250290827294e-2, 3.2570397495128786e-3],
      [5.5147328056994183e-1, 9.6834072021842177e-1]
    ]
  }
}
