{
  "name": "Cools-Haegemans 1985 13-3",
  "domain": "C2",
  "degree": 13,
  "test_tolerance": 1.206e-13,
  "comments": ["precision improved with quadpy-optimize"],
  "data": {
    "d4_ab": [
      [4.9456653042341689e-2, 1.2730007456977374e-2],
      [3.7807179601627183e-1, 5.5007949605836182e-1],
      [6.9999884712255678e-1, 9.7089906799151438e-1]
    ],
    "d4_aa": [
      [2.334232144085267e-2, 3.2716205694294509e-3],
      [8.2307135554869015e-1, 9.6823622523037289e-1]
    ],
    "d4_a0": [
      [6.9730776416582027e-2, 2.9282393850542071e-2, -4.3327605937261426e-7],
      [3.7861734477960252e-1, 9.1659709550087987e-1, 1.4685570919158262]
    ]
  }
}
