{
  "name": "Cools-Haegemans 1985 13-2",
  "domain": "C2",
  "degree": 13,
  "test_tolerance": 1.416e-15,
  "comments": ["precision improved with quadpy-optimize"],
  "data": {
    "d4_ab": [
      [
        1.9738632188751378e-2, 4.8436316632456837e-2, 4.2128189942192834e-3,
        2.8725596889502329e-2
      ],
      [
        1.6823494769597114e-1, 2.5266697610593114e-1, 5.8404770604297929e-1,
        5.8671301497343176e-1
      ],
      [
        9.1479446344071413e-1, 5.9129437816324204e-1, 1.021396954626429,
        8.2608170947528126e-1
      ]
    ],
    "d4_aa": [
      [3.6106143478072686e-2, 1.166712711206762e-2],
      [1.788986890640524e-1, 9.1419795690914385e-1]
    ]
  }
}
