{
  "name": "Cools-Haegemans 1985 17-2",
  "domain": "C2",
  "degree": 17,
  "test_tolerance": 7.484e-14,
  "comments": ["precision improved with quadpy-optimize"],
  "data": {
    "zero2": [[-3.6705607073558512e-5]],
    "d4_ab": [
      [
        3.753660092005167e-2, 1.4825612483628091e-2, 2.1544850585109309e-2,
        5.6410158241166188e-3
      ],
      [
        3.0551768007177987e-1, 3.4130047537886316e-1, 5.9207502773385667e-1,
        7.0307119772850379e-1
      ],
      [
        5.8350583660035571e-1, 9.348412905679524e-1, 7.952291503851967e-1,
        9.8079764077139497e-1
      ]
    ],
    "d4_aa": [
      [1.0043053397838734e-2, 1.4688621620875962e-3],
      [8.8334020593000917e-1, 9.7759595214036699e-1]
    ],
    "d4_a0": [
      [
        4.6138400625859013e-2, 2.8723053154716658e-2, 4.5457344959685076e-3,
        -6.0870605136792433e-6
      ],
      [
        3.06312167965201e-1, 8.0557752356869261e-1, 9.9556506348126961e-1,
        1.1509936544505941
      ]
    ]
  }
}
