{
  "name": "Cools-Haegemans 1985 17-1",
  "domain": "C2",
  "degree": 17,
  "test_tolerance": 2.97e-11,
  "data": {
    "zero2": [[-0.250626339396]],
    "d4_ab": [
      [
        0.272448361374e-1, 0.694617256964e-2, 0.154873330479e-1,
        0.346388372572e-2
      ],
      [0.30886458139, 0.450319305992, 0.70500845365, 0.887901218626],
      [0.804574855885, 0.981843118407, 0.888974473176, 0.982354393735]
    ],
    "d4_aa": [
      [0.413328911864e-1, 0.307988128622e-1],
      [0.325948355163, 0.592400537052]
    ],
    "d4_a0": [
      [
        0.79388127254e-1, 0.395211484339e-1, 0.153311568384e-1,
        -0.268713025397e-8
      ],
      [0.613170563119e-1, 0.585606286805, 0.945759001219, 0.161811664947e1]
    ]
  }
}
