{
  "name": "Papanicolopulos 4 (full symmetry)",
  "domain": "T2",
  "degree": 22,
  "test_tolerance": 1.0e-100,
  "data": {
    "d3_aa": [
      [
        6.9714569625074026e-4, 1.7336537619803626e-3, 4.6613130430455734e-3,
        1.1584576765599566e-2, 1.187897403302191e-2, 1.53388036556667e-2,
        1.9716376940272336e-2, 2.0572151491734754e-2, 2.3840660278137037e-2,
        2.4461197089874872e-2
      ],
      [
        7.2282355159080528e-3, 4.9971491656223188e-1, 4.1952527272804088e-2,
        3.1413219152050093e-1, 4.8001365161711657e-1, 1.2308745423016115e-1,
        4.4571963043911533e-1, 1.8986241218389369e-1, 2.603392333817558e-1,
        3.96366847671626e-1
      ]
    ],
    "d3_ab": [
      [
        1.8286280273112092e-3, 1.8804497039628383e-3, 3.7041086400111016e-3,
        4.668340371834806e-3, 7.2113411719295856e-3, 7.9674333598873433e-3,
        9.0358003694371355e-3, 9.4806411115590152e-3, 1.5617370128353208e-2,
        1.6245319181056983e-2, 2.1784808223531512e-2
      ],
      [
        7.7395846886030781e-3, 5.7706413021840362e-4, 9.795771853523141e-3,
        9.1886802064989649e-3, 1.3467087568401818e-2, 5.0626312467336898e-2,
        4.838811776183765e-2, 2.7491435853260346e-2, 6.7133974447704386e-2,
        9.6704303616860346e-2, 1.5193045482670228e-1
      ],
      [
        3.9100167827328378e-2, 2.9956301031600607e-1, 9.9167580852252468e-2,
        1.8619068155280571e-1, 4.0293889185510046e-1, 1.0358808540929187e-1,
        1.8082300688832889e-1, 2.8194341507949189e-1, 3.5071285339799135e-1,
        2.3017640440360132e-1, 3.1159323586348647e-1
      ]
    ]
  }
}
