{
  "name": "Papanicolopulos 3 (full symmetry)",
  "domain": "T2",
  "degree": 22,
  "test_tolerance": 1.0e-100,
  "data": {
    "centroid": [[1.8046065005519342e-2]],
    "d3_aa": [
      [
        1.4440555795319798e-3, 6.2664664495599813e-3, 7.6517443601230228e-3,
        1.3279847784100933e-2, 1.5110120003822509e-2, 1.7591885388871395e-2,
        1.8843708393925265e-2, 1.9848233599481159e-2, 2.0867162478628788e-2
      ],
      [
        1.049649231853283e-2, 4.9553364518875165e-1, 5.6049615132866118e-2,
        4.7666520586421668e-1, 1.3171604835404205e-1, 4.4330230475416338e-1,
        3.9478401564445792e-1, 2.1160132731775527e-1, 2.8055888993860051e-1
      ]
    ],
    "d3_ab": [
      [
        2.4014487111013746e-12, 3.3916987259453458e-3, 4.7426763618685095e-3,
        5.1719891070370321e-3, 5.6281199112128266e-3, 1.0573950573404284e-2,
        1.1086612482236757e-2, 1.2134510421606178e-2, 1.5154378475876465e-2,
        1.6798674545460295e-2, 1.8524766539675115e-2
      ],
      [
        -3.6575820128899073e-1, 1.0866084504841705e-2, 6.986410207246282e-3,
        1.1088449518326875e-2, 9.499130105971058e-3, 3.704661604800278e-2,
        5.6598109252542855e-2, 4.9307086657456631e-2, 9.1696755829684576e-2,
        1.1809385707142292e-1, 1.7225220098241623e-1
      ],
      [
        1.2177577928997972e-1, 5.4699006820643735e-2, 3.608460882282421e-1,
        1.3147683381028283e-1, 2.3579984150473896e-1, 3.5355846422612314e-1,
        1.3252717627467012e-1, 2.3345541183681795e-1, 3.402164211135717e-1,
        2.2811097966249483e-1, 3.1953217634733161e-1
      ]
    ]
  }
}
