{
  "name": "Papanicolopulos 7 (full symmetry)",
  "domain": "T2",
  "degree": 25,
  "test_tolerance": 1.0e-100,
  "data": {
    "centroid": [[1.9730145564170694e-2]],
    "d3_aa": [
      [
        7.9784978009049068e-4, 1.6540557559100446e-3, 3.9483067815592552e-3,
        7.3059304419564701e-3, 8.1278558796413266e-3, 1.1970371685575694e-2,
        1.2299765626203808e-2, 1.6112719176052503e-2, 1.6232869701501101e-2,
        1.8798881038162154e-2, 1.8817300377344574e-2
      ],
      [
        7.8022199979002112e-3, 4.9920005126586386e-1, 3.9745976060168636e-2,
        4.8948425246569233e-1, 9.0694417901958868e-2, 1.5122428135781504e-1,
        4.672130652084181e-1, 2.1191329495049538e-1, 4.327624897879398e-1,
        2.7376044759386797e-1, 3.8736585153047043e-1
      ]
    ],
    "d3_ab": [
      [
        1.0058419636349749e-3, 1.7768341951951061e-3, 2.5263768046607073e-3,
        2.8903213344256395e-3, 4.318817750981572e-3, 5.6280372428999812e-3,
        6.2380351084315912e-3, 6.524270655410838e-3, 9.5756742981397934e-3,
        9.6717253781026906e-3, 1.0525535644238974e-2, 1.3760331394147538e-2,
        1.3860745244640128e-2, 1.7042808935729976e-2
      ],
      [
        -1.7548642901802665e-4, 7.6272354243569927e-3, 7.1744598182213312e-3,
        6.3674541720953543e-3, 7.4875157532566013e-3, 3.7463934879853701e-2,
        1.8103532201923581e-2, 3.3495910148005362e-2, 3.9206711918798057e-2,
        8.2016261697038934e-2, 6.0505783675033412e-2, 1.2548211909622189e-1,
        9.5367159491400733e-2, 1.7465941156686071e-1
      ],
      [
        2.7505910881984064e-1, 4.0675651667317986e-2, 9.8073197818081104e-2,
        1.7710896672593235e-1, 3.8161168515912564e-1, 9.5814659140257524e-2,
        2.7060854554092645e-1, 1.7314445335143583e-1, 3.6987571368345934e-1,
        1.6490559742319441e-1, 2.5976041170346387e-1, 2.4143815534801266e-1,
        3.4863741954287258e-1, 3.1605002763020679e-1
      ]
    ]
  }
}
