{
  "name": "Papanicolopulos 5 (full symmetry)",
  "domain": "T2",
  "degree": 23,
  "test_tolerance": 1.0e-100,
  "data": {
    "d3_aa": [
      [
        1.0233849339306483e-3, 2.3495328561160744e-3, 4.4227229483174649e-3,
        9.3593949345890711e-3, 1.1223304907955516e-2, 1.1455393860718664e-2,
        1.4851528190270431e-2, 1.8733990977523034e-2, 2.0095448898175008e-2,
        2.1869521602463023e-2
      ],
      [
        8.8430909856400085e-3, 4.9904231799536475e-1, 4.1918494631921203e-2,
        8.3843959400741894e-2, 3.5156602225687805e-1, 4.8142250008209758e-1,
        1.3603683917665685e-1, 4.4588621023292907e-1, 1.9833791969077397e-1,
        3.9764873352592073e-1
      ]
    ],
    "d3_ab": [
      [
        1.3903741389058627e-3, 2.0936131717002298e-3, 2.262727891160585e-3,
        5.0988760785318239e-3, 5.8027924863416356e-3, 6.9904741201632318e-3,
        1.0105447412685495e-2, 1.0940686820111041e-2, 1.2697747467200144e-2,
        1.4936905214735932e-2, 1.6245944888963148e-2, 2.040896492113807e-2
      ],
      [
        2.1537508898247914e-3, 7.9756704834337989e-3, 2.2252130687022897e-3,
        1.056799023421333e-2, 2.6390157960052386e-2, 1.3726614788916335e-2,
        3.2931670717119124e-2, 5.6458369286788004e-2, 2.4905869950604637e-1,
        6.7100228845598728e-2, 1.0095848404745636e-1, 1.5208140311691476e-1
      ],
      [
        1.1147822164436515e-1, 4.5998761911927387e-2, 2.9991704500621363e-1,
        1.9450617255148173e-1, 1.0487601375183196e-1, 3.9359274155812224e-1,
        2.774501015428491e-1, 1.7041930960722382e-1, 2.8048464594062622e-1,
        3.5940684385217631e-1, 2.3967897332407878e-1, 3.166053823891482e-1
      ]
    ]
  }
}
