{
  "name": "Papanicolopulos 0 (full symmetry)",
  "domain": "T2",
  "degree": 15,
  "test_tolerance": 6.904e-16,
  "data": {
    "d3_aa": [
      [
        -8.7456325826448314e-2, 1.1825359733915675e-2, 1.3633359800590992e-2,
        1.8152749803642489e-2, 6.0151078120269021e-2, 1.2218012059443138e-1
      ],
      [
        2.9593233914348055e-1, 1.1041137294398808e-1, 5.5556777591097777e-2,
        4.9053686136135088e-1, 2.3261140392265686e-1, 3.7093650636643044e-1
      ]
    ],
    "d3_ab": [
      [
        2.5613719808681695e-3, 1.2198751372066793e-2, 1.6436943369443905e-2,
        2.8386552060758415e-2, 3.7839876770328761e-2
      ],
      [
        1.7707930875254373e-3, 1.7499897301341594e-2, 1.8423065211738483e-2,
        9.1205272592313119e-2, 9.75429348243705e-2
      ],
      [
        3.8231237353261144e-2, 1.4981904161827897e-1, 3.0745294013740204e-1,
        2.0385875286816799e-1, 3.6325540013204588e-1
      ]
    ]
  }
}
