{
  "name": "Papanicolopulos 6 (full symmetry)",
  "domain": "T2",
  "degree": 24,
  "test_tolerance": 1.0e-100,
  "data": {
    "centroid": [[2.293794348096749e-2]],
    "d3_aa": [
      [
        7.6737746111581423e-4, 5.5235784447516976e-3, 8.3849953027563106e-3,
        1.2217380178002352e-2, 1.3070390605611782e-2, 1.7881227758429579e-2,
        1.8221744139097312e-2, 2.1641497217567616e-2, 2.1688312926922602e-2
      ],
      [
        7.6448158720914035e-3, 4.9512326693489417e-1, 8.5335714707740554e-2,
        4.7540435757943e-1, 1.4361312600254966e-1, 4.4000137550057372e-1,
        2.0438684787130393e-1, 3.9155520703268198e-1, 2.6936069184956823e-1
      ]
    ],
    "d3_ab": [
      [
        1.7461845826617216e-3, 1.8385716037427871e-3, 1.998936633362129e-3,
        2.063696171335908e-3, 2.2953950871584159e-3, 4.5795232889082318e-3,
        5.2932300990954041e-3, 5.5787469959908817e-3, 8.6193394872566415e-3,
        9.9923539922470699e-3, 1.0305616207681308e-2, 1.4604546126250248e-2,
        1.4998500676250463e-2, 1.923078311743668e-2
      ],
      [
        1.2891576532218214e-3, 8.0461554413475099e-3, 3.9746390407908042e-3,
        5.6533968387799801e-3, 3.6541646347000717e-2, 8.4720312527892441e-3,
        3.1868785558484866e-2, 2.5074485756959322e-2, 2.4954649207236983e-2,
        7.1806927489926675e-2, 4.6495368325225606e-2, 7.9445658328927776e-2,
        1.1210496839891453e-1, 1.6288704432089313e-1
      ],
      [
        3.89300321173704e-1, 3.9945518998510898e-2, 1.7756755351844719e-1,
        9.73043731633908e-2, 4.7379136469555827e-2, 2.7654233490622632e-1,
        1.0186004800841345e-1, 1.7990041142989785e-1, 3.7476148829145151e-1,
        1.628537136564189e-1, 2.6299994692532691e-1, 3.5387462268603243e-1,
        2.4045272001109688e-1, 3.1632883636136616e-1
      ]
    ]
  }
}
