{
  "name": "Papanicolopulos 8 (full symmetry)",
  "domain": "T2",
  "degree": 25,
  "test_tolerance": 1.155e-14,
  "data": {
    "d3_aa": [
      [
        -2.6954961223661029, -1.8053087282731432e-3, 8.1866000177608712e-4,
        3.8724080224669857e-3, 5.195627289094262e-3, 8.2758256036296277e-3,
        1.1494692925102619e-2, 1.4289758700353008e-2, 1.5595032733898223e-2,
        1.7062959875833842e-2, 1.7127072397518896e-2, 1.4306861745315699e-1
      ],
      [
        2.4170556499722642e-1, 6.6841145410301242e-2, 7.9121374020986561e-3,
        3.8682500223883039e-2, 4.9571742583009781e-1, 9.6693451684011195e-2,
        4.7679605292318106e-1, 1.5136311625338722e-1, 4.4455143684310217e-1,
        3.6191150147640905e-1, 4.0188565220838512e-1, 2.2915717002669783e-1
      ]
    ],
    "d3_ab": [
      [
        1.1371418149652463e-3, 1.7135519419954578e-3, 1.9681537577992698e-3,
        2.8980619808650623e-3, 4.7760727126949622e-3, 6.4898979745711379e-3,
        6.8410434776279448e-3, 8.2647322808636348e-3, 1.0224364896269249e-2,
        1.0244154062961084e-2, 1.3671900203659292e-2, 1.5057862935694812e-2,
        1.5806425931878948e-2, 1.2978236907405933
      ],
      [
        3.033024710906825e-4, 7.2850660720176442e-3, 2.098190552789452e-3,
        8.2493554021632991e-3, 9.1984489688911476e-3, 2.278943512515854e-2,
        4.3868460650469308e-2, 2.483982991662223e-2, 4.6355430068864403e-2,
        7.1944171977122509e-2, 7.7170587472222635e-2, 1.1403766860632927e-1,
        1.531567023642646e-1, 2.3969111281958894e-1
      ],
      [
        1.7873092973242388e-1, 4.1091962617909122e-2, 3.8040500244755365e-1,
        9.8451598163584092e-2, 2.712789930675662e-1, 1.7304270963987173e-1,
        9.1754132899196483e-2, 3.7681165170843428e-1, 2.6556158456309281e-1,
        1.7053912142173719e-1, 3.5512733589984241e-1, 2.4467281676911143e-1,
        3.2818945118898774e-1, 2.4504506954450558e-1
      ]
    ]
  }
}
