{
  "name": "Papanicolopulos 1 (full symmetry)",
  "domain": "T2",
  "degree": 17,
  "test_tolerance": 4.892e-16,
  "data": {
    "centroid": [[4.2349520256914651e-2]],
    "d3_aa": [
      [
        2.9196690345779362e-3, 9.3338193514883386e-3, 1.5579210009132786e-2,
        2.5862383995094124e-2, 2.7157513575493317e-2, 3.8226206597189359e-2,
        3.8609391683443878e-2
      ],
      [
        1.4939063814610984e-2, 4.950970329241422e-1, 8.0176519909013158e-2,
        4.6672613808660018e-1, 1.5914935745128311e-1, 4.095810219650648e-1,
        2.4459731986078312e-1
      ]
    ],
    "d3_ab": [
      [
        5.2599615183941239e-4, 6.8369805127641023e-3, 7.7402981968328509e-3,
        1.7306871686136278e-2, 1.7633848414214556e-2, 3.0720321205517157e-2
      ],
      [
        -1.7099279594795083e-2, 1.5606149478884756e-2, 1.2499472547638271e-2,
        2.4893796930192783e-2, 6.0954488983763454e-2, 1.1094663204631958e-1
      ],
      [
        3.0469846218081181e-1, 7.7467710451680744e-2, 1.8300737741132522e-1,
        3.3136103343509682e-1, 1.9083979150163133e-1, 3.0371331245075517e-1
      ]
    ]
  }
}
