{
  "name": "Papanicolopulos 2 (full symmetry)",
  "domain": "T2",
  "degree": 21,
  "test_tolerance": 1.155e-14,
  "data": {
    "d3_aa": [
      [
        1.5325221415702992e-3, 2.9596420858008904e-3, 7.1050719519832268e-3,
        1.2422025450151194e-2, 1.3153853090548603e-2, 1.610711993355941e-2,
        1.955699832742153e-2, 2.1147145803411153e-2, 2.1487249618095533e-2
      ],
      [
        1.0830647913896135e-2, 4.9868116928006762e-1, 5.3206302593702216e-2,
        4.8436880679907196e-1, 1.1717932446409532e-1, 1.8619987453160045e-1,
        2.3770504697050238e-1, 4.5111809686333143e-1, 2.9890161661837961e-1
      ]
    ],
    "d3_ab": [
      [
        3.2432160362971586e-3, 4.4460668245672958e-3, 4.4471370127689858e-3,
        7.1928300897944027e-3, 9.6881827696773583e-3, 1.0771867254746005e-2,
        1.5376448792274195e-2, 1.5418201625050997e-2, 1.872799408182349e-2,
        1.9618907978395862e-2
      ],
      [
        1.0170375513970238e-2, 7.4014800191294266e-3, 9.4888802100390364e-3,
        1.0787085289532927e-2, 4.8886410156411965e-2, 4.0790478434921389e-2,
        1.0225476525427213e-1, 5.6195103726493438e-2, 1.9392111402204942e-1,
        1.3139693759954926e-1
      ],
      [
        5.6106078740441129e-2, 2.380609089392782e-1, 1.3371423612729252e-1,
        3.6087827036133641e-1, 1.285600070743467e-1, 2.3192922019831619e-1,
        2.1318238024685213e-1, 3.4615363893081413e-1, 3.5741779412597602e-1,
        3.0964180048539108e-1
      ]
    ]
  }
}
