{
  "name": "Papanicolopulos 7 (rotational symmetry)",
  "domain": "T2",
  "degree": 16,
  "test_tolerance": 1.0e-100,
  "data": {
    "centroid": [[3.6632403806727082e-2]],
    "c3_ab": [
      [
        3.544304877043021e-3, 4.0175883370409124e-3, 4.1907200912961011e-3,
        8.5627826851592172e-3, 9.9790078170497488e-3, 1.0212563539778776e-2,
        1.4081474710639794e-2, 1.4629924655641394e-2, 1.6056466268479737e-2,
        1.7024341971022632e-2, 2.4955767639171515e-2, 2.8199116717009406e-2,
        2.8270578986067097e-2, 2.9226110917024206e-2, 3.4006909002989111e-2,
        3.4235623800026052e-2, 3.9929250048985579e-2
      ],
      [
        1.5961011713106842e-2, 3.8219308417185389e-3, 9.2621730805488509e-2,
        9.8098497053844668e-3, 2.3445355549323996e-1, 5.1657391379326428e-2,
        1.5979112409302033e-2, 3.9685647522283096e-1, 1.4036886341620636e-1,
        4.864606469555155e-2, 6.7545698927945347e-2, 1.6047619247173853e-1,
        2.8046271373091425e-1, 1.4735692525659394e-1, 4.2474074664756895e-1,
        4.5172438307089813e-1, 2.8831873591736207e-1
      ],
      [
        1.6883125432529632e-2, 9.9349672744069334e-2, 4.7177504781192514e-3,
        2.4673891829167552e-1, 1.2521221333540609e-2, 5.7775785013584748e-2,
        4.1344293672630827e-1, 1.6762640234766528e-2, 5.0400029219950293e-2,
        1.5360246929131849e-1, 2.9356271866503075e-1, 2.7611972660288958e-1,
        7.7279834362078526e-2, 1.4801238883904977e-1, 2.0895363610614195e-1,
        8.7033324580191015e-2, 1.9022911957088945e-1
      ]
    ]
  }
}
