{
  "name": "Papanicolopulos 9 (rotational symmetry)",
  "domain": "T2",
  "degree": 18,
  "test_tolerance": 5.274e-16,
  "data": {
    "centroid": [[-1.2584522158487324e-1]],
    "c3_ab": [
      [
        1.2972711052469132e-3, 4.4043445159056777e-3, 4.5538027787717867e-3,
        5.2522116874830077e-3, 7.3746378722098511e-3, 8.8347868725932362e-3,
        9.6477764248827317e-3, 9.8670997804213446e-3, 1.0260713189231744e-2,
        1.1796695983077324e-2, 1.2985507535111396e-2, 1.6318205824572777e-2,
        1.7525616506223078e-2, 1.8411831442871156e-2, 1.9068970594065069e-2,
        2.0582184685952944e-2, 2.3589141249305487e-2, 3.1090952263188074e-2,
        3.2039966987225443e-2, 3.2660417772954836e-2, 7.7719605456997201e-2
      ],
      [
        9.22437177016373e-3, 1.1588174868222537e-2, 1.371094492324868e-1,
        5.4074658130232205e-2, 1.2356208531742394e-2, 2.5444301078665216e-1,
        1.2200654548168254e-2, 3.9559271713540312e-1, 1.3989490384594665e-2,
        6.1242622253631036e-2, 1.4018729428171406e-1, 6.5953460657672491e-2,
        6.2413944208807554e-2, 7.4301715278995178e-2, 2.557584290767807e-1,
        3.897488980027502e-1, 1.5516843299002955e-1, 1.7047292786075019e-1,
        2.8646919654918207e-1, 1.5507903214893104e-1, 3.0640947365131938e-1
      ],
      [
        9.540376389021693e-3, 5.9910234445416974e-2, 8.1342322238399222e-3,
        1.5964034865851205e-2, 1.5632145821478535e-1, 1.3228036080597975e-2,
        4.3851807730182485e-1, 1.2905266057921206e-2, 2.8757843019601675e-1,
        8.2131031407759847e-2, 5.0988464618207704e-2, 1.8230645755123917e-1,
        4.117154693498456e-1, 2.937039446128652e-1, 6.8183146863573477e-2,
        6.6997893569429187e-2, 1.4008668235066954e-1, 2.6125400206085542e-1,
        1.6305389426422914e-1, 4.0849692015535077e-1, 3.0433359769752272e-1
      ]
    ]
  }
}
