{
  "name": "Papanicolopulos 4 (rotational symmetry)",
  "domain": "T2",
  "degree": 14,
  "test_tolerance": 1.0e-100,
  "data": {
    "centroid": [[1.7219601997330802e-2]],
    "c3_ab": [
      [
        1.2234370324430287e-3, 5.6258060653080677e-3, 6.1803448724676207e-3,
        1.0957697357972611e-2, 1.1462343010639779e-2, 2.2295784039866404e-2,
        2.3382863187460197e-2, 2.6558067295112075e-2, 3.0850488270755878e-2,
        4.0681051448570316e-2, 4.3652397747231078e-2, 5.089374328055276e-2,
        5.3829442392509912e-2
      ],
      [
        1.2237951552984698e-1, 2.5691992957650384e-1, 2.2412698148715271e-2,
        1.0798361586547704e-1, 4.5439914870970866e-1, 2.6093699885015353e-1,
        1.0865181340319861e-1, 3.6315118499871291e-1, 1.8807008851943477e-1,
        3.9396304707724483e-1, 2.0428642734395072e-1, 3.1551192268626971e-1,
        3.2402330092311277e-1
      ],
      [
        -2.2116463863324699e-2, 7.4296194517695191e-1, 2.1296338767865061e-2,
        8.7360548159491958e-1, 8.4021188904826009e-3, 2.5735252088220618e-2,
        4.7317979503788452e-2, 6.003403459133978e-1, 7.4193352129130696e-1,
        8.32192413656173e-2, 1.3728033930118569e-1, 5.3337656735860284e-1,
        2.281027265235567e-1
      ]
    ]
  }
}
