{
  "name": "Papanicolopulos 5 (rotational symmetry)",
  "domain": "T2",
  "degree": 15,
  "test_tolerance": 1.0e-100,
  "data": {
    "centroid": [[4.674961208778311e-2]],
    "c3_ab": [
      [
        5.027856097248146e-3, 7.5986819401049491e-3, 1.0732119583647835e-2,
        1.0830851965744705e-2, 1.2248727250486568e-2, 1.4397839583790739e-2,
        1.4983807152201952e-2, 1.9232683397058456e-2, 2.0834684882606196e-2,
        2.8576965678339242e-2, 2.903167788558907e-2, 3.0240283270453857e-2,
        3.2511521853897149e-2, 4.0187126563651816e-2, 4.131530219925162e-2
      ],
      [
        1.8434795476156614e-2, 9.4469391541665795e-2, 2.2105953725731281e-1,
        1.8316125580224017e-2, 3.8411182081140655e-1, 1.7609576799084838e-2,
        1.6211104266107675e-2, 9.4583522597997613e-2, 2.2302054118668646e-1,
        9.1368633556670839e-2, 3.8453093605192734e-1, 2.1503874179825228e-1,
        8.5318970181728557e-2, 2.0423041220511115e-1, 3.6389089896392435e-1
      ],
      [
        2.1020578568986589e-2, 1.4008492164338544e-2, 1.4600157192749055e-2,
        1.0683143253847732e-1, 1.3506565318991916e-2, 2.4686944042402645e-1,
        4.2002732343586757e-1, 7.819378523766414e-2, 6.9024652212795676e-2,
        1.9744162005839791e-1, 7.3097762126704491e-2, 1.5589306185405327e-1,
        3.5900755344806651e-1, 2.8615721494302876e-1, 1.8108597386179942e-1
      ]
    ]
  }
}
