{
  "name": "Papanicolopulos 2 (rotational symmetry)",
  "domain": "T2",
  "degree": 12,
  "test_tolerance": 1.0e-100,
  "data": {
    "centroid": [[2.1409425726798499e-2]],
    "c3_ab": [
      [
        8.366817872368868e-5, 1.2413637067984845e-2, 1.6239945629216764e-2,
        2.4194039324984051e-2, 2.6967365586005654e-2, 2.7774427657215123e-2,
        4.7016778451345782e-2, 4.8593414405827089e-2, 5.8505280711050843e-2,
        6.4408301078713329e-2
      ],
      [
        3.0113195801207516e-2, 3.2866530321445964e-1, 4.8124921152851295e-2,
        1.4285084152736457e-1, 2.0819192514800808e-1, 4.258258222039657e-1,
        3.2386823359308331e-1, 1.5417640541334421e-1, 3.493836180393548e-1,
        2.9931586764275858e-1
      ],
      [
        -9.4716062682497798e-2, 8.0456452092608124e-3, 9.2386192680937784e-1,
        3.1019238692720583e-2, 7.6483124674519465e-1, 5.5039569631163676e-1,
        7.9851341494143677e-2, 7.0764795631132815e-1, 5.2486110031263145e-1,
        2.2924961529379628e-1
      ]
    ]
  }
}
