{
  "name": "Papanicolopulos 13 (rotational symmetry)",
  "domain": "T2",
  "degree": 21,
  "test_tolerance": 6.098e-16,
  "data": {
    "centroid": [[1.5927243921705286e-2]],
    "c3_ab": [
      [
        1.5400248104137986e-3, 2.9640382112354419e-3, 3.1425704793797702e-3,
        3.3225577295111818e-3, 4.0709421276751961e-3, 4.7065803891413347e-3,
        5.1858802396272143e-3, 6.0531722729463668e-3, 6.4973731547806023e-3,
        6.973324165434335e-3, 7.2058755893463717e-3, 8.3650128288707305e-3,
        1.0226596336837779e-2, 1.174092873659708e-2, 1.2183249444133565e-2,
        1.2865489474875409e-2, 1.3095298262016823e-2, 1.4086719053342241e-2,
        1.4184030719574419e-2, 1.7220831567602329e-2, 1.7413623959356122e-2,
        1.8083675543648467e-2, 1.9149138766673224e-2, 1.9227819270612501e-2,
        2.0031676761421528e-2, 2.0765122861493131e-2, 2.3815052706389131e-2,
        2.390764656316215e-2
      ],
      [
        1.0883381125829185e-2, 1.3448308201330128e-1, 5.606979144560828e-2,
        5.6230797163851619e-2, 4.9549225054526058e-1, 1.334135442214365e-1,
        2.3778885327379537e-1, 2.3667582268756976e-1, 3.5923743154358795e-1,
        3.6212379554213159e-1, 5.4706462526630792e-2, 1.2849784556464677e-1,
        1.3204562148598842e-1, 4.8000288746551578e-1, 2.3569865248618388e-1,
        1.2123545350512091e-1, 2.2692131253456985e-1, 3.5272595600222983e-1,
        3.4639476098063526e-1, 2.0854537617999444e-1, 1.1664118178749894e-1,
        3.0168173165951112e-1, 3.5976650509436425e-1, 3.1772789477972085e-1,
        4.5059923770816623e-1, 2.6678020887821458e-1, 2.1491332208551214e-1,
        3.4182082891498583e-1
      ],
      [
        1.0843736020090887e-2, 5.8940179144611419e-3, 9.3407202951554924e-1,
        1.0411168900746122e-2, 5.3013935392908201e-3, 8.5650220211325812e-1,
        7.5355383003485144e-1, 1.0431599868322363e-2, 9.7744131190851992e-3,
        6.274827313945528e-1, 8.9337625860348302e-1, 3.6812842147870548e-2,
        8.1675054229140631e-1, 3.4623316765578373e-2, 7.1763978029460807e-1,
        9.8717289213207965e-2, 5.3382695673250657e-2, 5.9395602013861637e-1,
        5.113436719108691e-2, 1.2666187408877325e-1, 1.935835137077426e-1,
        5.7948556128572692e-1, 4.6544957877641646e-1, 1.2192276586456074e-1,
        9.8026080230645227e-2, 3.0930467163940578e-1, 2.2361527123160835e-1,
        2.0305957510273218e-1
      ]
    ]
  }
}
