{
  "name": "Papanicolopulos 15 (rotational symmetry)",
  "domain": "T2",
  "degree": 23,
  "test_tolerance": 5.898e-16,
  "data": {
    "centroid": [[2.5138871460293689e-2]],
    "c3_ab": [
      [
        1.0661176825060275e-3, 1.1098731505548912e-3, 1.6296239556456284e-3,
        2.2052916931377745e-3, 2.3175543197966387e-3, 2.3216387016154016e-3,
        3.0036615113955651e-3, 3.5476219235374643e-3, 3.8026516365470241e-3,
        4.7343247026569429e-3, 4.782045529448482e-3, 5.0549201673000697e-3,
        6.0452061344839153e-3, 6.3127024456898287e-3, 6.7764054871379984e-3,
        7.8847924276325507e-3, 8.736907640747478e-3, 9.4344058539933377e-3,
        9.4908794278192789e-3, 1.0210962656217749e-2, 1.0519253335485042e-2,
        1.1689120375277516e-2, 1.3700400279401443e-2, 1.4460451299082753e-2,
        1.5231395783588919e-2, 1.5485873319445833e-2, 1.5988957436554496e-2,
        1.8929035905891643e-2, 1.9748081356734056e-2, 2.0667781559665956e-2,
        2.0798342664795102e-2, 2.3575574840744129e-2, 2.3691854308704501e-2
      ],
      [
        9.413949033004609e-3, 4.8241021890889081e-4, 4.9633556562943609e-1,
        8.6145275902432504e-3, 4.9100663468775806e-2, 2.6604160773538743e-3,
        3.3098446926941211e-1, 1.1815450592101939e-1, 2.140730978790289e-1,
        4.4577412877333654e-2, 1.9143139515349089e-1, 1.058509845676908e-2,
        2.5420226429005641e-2, 5.9129291976109599e-1, 1.0490365652094102e-1,
        4.2721744601873479e-1, 1.778992967508799e-1, 8.0548215582571539e-2,
        3.1317311279855049e-2, 2.9544675874255427e-1, 5.4113217353947932e-2,
        4.2740065428049014e-2, 1.4518767597337787e-1, 7.4713978478763848e-2,
        3.8196804313044813e-1, 2.2178354982181475e-1, 2.5687081151314684e-1,
        1.1275130342695996e-1, 2.1032305744103352e-1, 1.6157520917947663e-1,
        3.3165622135557482e-1, 2.1229476331689121e-1, 2.741137421893507e-1
      ],
      [
        8.6464444518944781e-3, 1.0882142058056087e-1, 5.0329473593098173e-1,
        4.4964858940933154e-2, 8.2424970824296982e-3, 2.9470448202172089e-1,
        3.8206684917989277e-3, 8.4131574146606557e-3, 7.2053975765022519e-3,
        4.3026357023085333e-2, 3.1169269889860296e-2, 1.9186490304827739e-1,
        1.0540760648009682e-1, 1.210728924525215e-2, 4.3370975391949562e-2,
        1.6697078855470619e-2, 6.4511068023700172e-2, 1.0197699396951582e-1,
        2.8534297804565589e-1, 3.288101253543306e-2, 1.8385958270294381e-1,
        4.4355898660390503e-1, 1.2979545045100729e-1, 3.2991396142531471e-1,
        6.7362527515130416e-2, 6.6898098435814957e-1, 9.6049121135374796e-2,
        4.2367418202458157e-1, 1.8700110967233269e-1, 2.9901294845569942e-1,
        1.5061623551001871e-1, 3.8427148525251237e-1, 2.5872672300217803e-1
      ]
    ]
  }
}
