{
  "name": "Papanicolopulos 11 (rotational symmetry)",
  "domain": "T2",
  "degree": 19,
  "test_tolerance": 4.857e-16,
  "data": {
    "centroid": [[3.0462961760147424e-2]],
    "c3_ab": [
      [
        1.9501819580656993e-3, 2.7619446171731755e-3, 3.5331794317329432e-3,
        5.1520290776901397e-3, 7.3117101662705459e-3, 7.3894730517619434e-3,
        7.5477860526761394e-3, 7.615468406676023e-3, 7.9007581331291057e-3,
        8.2104395329240191e-3, 1.0631666580804146e-2, 1.4518063122052106e-2,
        1.4694113731911951e-2, 1.6869911193356551e-2, 1.7219169524637742e-2,
        1.7491674145470797e-2, 1.8291477800298231e-2, 2.1089355502457149e-2,
        2.3029171331062762e-2, 2.493418845132488e-2, 2.5956134949103395e-2,
        2.8915516306229339e-2, 3.0165599679808742e-2
      ],
      [
        1.0376656545701754e-2, 5.2895640212959193e-2, 1.3094057146527935e-1,
        1.2668186551090302e-2, 2.4661396010476735e-1, 1.2433000096283946e-2,
        9.4587086792603855e-3, 3.8267712743290072e-1, 1.0722190231133364e-2,
        6.345888721733553e-2, 1.4958534166780135e-1, 6.5938374993168375e-2,
        4.1936034447469361e-1, 5.1285971562743754e-2, 5.9216171712594003e-2,
        1.5774435365253489e-1, 2.7635637145129316e-1, 4.029254325041029e-1,
        1.4474120951067007e-1, 1.2800219617071518e-1, 2.6733402095713005e-1,
        3.8064039133743355e-1, 2.4101907410276571e-1
      ],
      [
        1.44810472658999e-2, 8.9271173425645341e-3, 6.396063561708046e-3,
        7.2908235059904125e-2, 1.1321028448271661e-2, 1.7150720385727522e-1,
        4.545530836569488e-1, 1.0304127159604519e-2, 3.0281941897786346e-1,
        4.7982682558826824e-2, 4.1535364284310518e-2, 1.2709830130649977e-1,
        4.841339448435799e-2, 3.8545151944759559e-1, 2.4426337874091408e-1,
        1.0703910299909378e-1, 5.9395829650746024e-2, 1.1125969746384887e-1,
        2.0733708666187714e-1, 3.388039718143368e-1, 1.47872285803578e-1,
        2.074213412825649e-1, 2.6708311799129086e-1
      ]
    ]
  }
}
