{
  "name": "Papanicolopulos 16 (rotational symmetry)",
  "domain": "T2",
  "degree": 24,
  "test_tolerance": 8.431e-16,
  "data": {
    "centroid": [[1.0681776933386816e-2]],
    "c3_ab": [
      [
        3.4307213843404004e-4, 1.2229997020374074e-3, 1.6381602736491938e-3,
        2.2372259458701242e-3, 2.8575018682782732e-3, 3.6858296163274473e-3,
        3.6947954420524331e-3, 3.9020320062079557e-3, 4.0280690969310036e-3,
        4.5248807201616788e-3, 4.5396029262674093e-3, 4.745695447311832e-3,
        5.1805365733744611e-3, 5.3119232327232275e-3, 5.3641950429667963e-3,
        7.8409659451889775e-3, 8.6994022662133397e-3, 8.8402036333678768e-3,
        9.6291322198899625e-3, 9.8032526098839855e-3, 9.9428173758288677e-3,
        1.074824073670002e-2, 1.0775272663604467e-2, 1.1783097752825196e-2,
        1.2156767654104773e-2, 1.2945705236132829e-2, 1.3554899747479114e-2,
        1.4675832493069557e-2, 1.5420454458399905e-2, 1.5515997794155202e-2,
        1.5662589306009916e-2, 1.5927537510847807e-2, 1.610353303007965e-2,
        1.6658080425731265e-2, 1.9353079492362937e-2, 2.0459358637735462e-2
      ],
      [
        7.2774421822864241e-3, 9.376214174015958e-2, 2.7549956725481502e-2,
        3.8849156576576081e-2, 8.4582464342299463e-2, 1.6971197426176723e-1,
        2.6111425988892939e-1, 1.6791970513108379e-1, 3.6656244587496484e-1,
        2.7143135940818341e-1, 4.8341512229719208e-1, 3.8795737424569154e-1,
        5.2053611601207826e-2, 2.2901890921372595e-1, 9.4914195571636092e-2,
        1.2322801473641305e-1, 1.7412650727485976e-1, 2.7218074600568665e-1,
        9.9006351507515397e-2, 2.189327875506375e-1, 3.8545785619529427e-1,
        4.5393153297369843e-1, 3.314140679924924e-1, 1.7541847870022081e-1,
        2.9942460625822742e-1, 1.6443828421427001e-1, 3.697247589392868e-1,
        4.0636906177728344e-1, 2.6742066429926759e-1, 3.8320410790975118e-1,
        1.7872449232024495e-1, 2.8282912859335518e-1, 2.7060647925422926e-1,
        3.7087434674492326e-1, 3.6384081188928319e-1, 2.7573532186277133e-1
      ],
      [
        1.8717806316108168e-3, 2.2258417763076133e-3, 9.6482583162780022e-1,
        9.992214684680473e-3, 9.0758335037465498e-1, 8.550947694910294e-3,
        7.3552353111519539e-3, 8.2400508353903845e-1, 7.00566016949978e-3,
        7.2062829774608572e-1, 7.361193566840076e-3, 6.043299084186512e-1,
        9.0767212361002281e-1, 8.9345256498108053e-2, 2.6796719091792362e-2,
        8.3518445285919996e-1, 4.4130628886304042e-2, 3.7468721939442978e-2,
        8.1968796781302034e-2, 7.3931441242151419e-1, 3.7011409874506268e-2,
        5.0712412056704248e-1, 6.2787210031926588e-1, 1.0978899948538104e-1,
        8.9517741605650569e-2, 7.35720413124064e-1, 4.6312780745367282e-1,
        9.071678611130625e-2, 6.3290272516985024e-1, 5.2162372005069046e-1,
        1.9203113575777414e-1, 5.3764243749031349e-1, 1.6133995005265445e-1,
        1.6454857353822244e-1, 3.8336719177004763e-1, 2.5276044951208954e-1
      ]
    ]
  }
}
