{
  "name": "Wissmann-Becker 6-2",
  "domain": "C2",
  "degree": 6,
  "test_tolerance": 1.702e-14,
  "weight factor": 0.25,
  "data": {
    "plain": [
      [0.392750590964348, 0.75476288124261],
      [0, 0],
      [0.869833375250059, -0.479406351612111]
    ],
    "sx": [
      [
        0.206166050588279, 0.689992138489864, 0.260517488732317,
        0.269567586086061
      ],
      [
        0.863742826346154, 0.518690521392582, 0.933972544972849,
        0.608977536016356
      ],
      [
        0.802837516207657, 0.262143665508058, -0.36309658314806,
        -0.896608632762453
      ]
    ]
  }
}
