{
  "name": "Wissmann-Becker 4-1",
  "domain": "C2",
  "degree": 4,
  "test_tolerance": 3.941e-15,
  "weight factor": 0.25,
  "data": {
    "zero2": [[1.142857142857142857142857142857142857142857142857142857142]],
    "plain": [[0.43956043956044], [0], [0.966091783079296]],
    "sx": [
      [0.566072207007532, 0.642719001783677],
      [0.851914653304601, 0.630912788976754],
      [0.455603727836193, -0.731629951573135]
    ]
  }
}
