{
  "name": "Wissmann-Becker 4-2",
  "domain": "C2",
  "degree": 4,
  "test_tolerance": 2.998e-15,
  "weight factor": 0.25,
  "data": {
    "plain": [
      [1.286412084888852, 0.491365692888926],
      [0, 0],
      [-0.35682208977309, 0.934172358962716]
    ],
    "sx": [
      [0.761883709085613, 0.349227402025498],
      [0.774596669241483, 0.774596669241483],
      [0.390885162530071, -0.852765377881771]
    ]
  }
}
