{
  "name": "Wissmann-Becker 8-1",
  "domain": "C2",
  "degree": 8,
  "test_tolerance": 5.121e-15,
  "weight factor": 0.25,
  "data": {
    "zero2": [[0.05536470562144]],
    "plain": [
      [0.404389368726076, 0.533546604952635, 0.117054188786739],
      [0, 0, 0],
      [0.757629177660505, -0.236871842255702, -0.989717929044527]
    ],
    "sx": [
      [
        0.125614417613747, 0.136544584733588, 0.483408479211257,
        0.252528506429544, 0.361262323882172, 0.085464254086247
      ],
      [
        0.63909130490037, 0.93706907692499, 0.537083530541494,
        0.887188506449625, 0.494698820670197, 0.897495818279768
      ],
      [
        0.950520955645667, 0.663882736885633, 0.304210681724104,
        -0.23649671853612, -0.698953476086564, -0.90039077421158
      ]
    ]
  }
}
