{
  "name": "Wissmann-Becker 8-2",
  "domain": "C2",
  "degree": 8,
  "test_tolerance": 6.12e-15,
  "weight factor": 0.25,
  "data": {
    "plain": [
      [0.45027677630559, 0.166570426777813],
      [0, 0],
      [0.659560131960342, -0.949142923043125]
    ],
    "sx": [
      [
        0.098869459933431, 0.153696747140812, 0.396686976072903,
        0.352014367945695, 0.189589054577798, 0.375101001147587,
        0.125618791640072
      ],
      [
        0.952509466071562, 0.532327454074206, 0.684736297951735,
        0.233143240801405, 0.927683319306117, 0.453120687403749,
        0.837503640422812
      ],
      [
        0.765051819557684, 0.936975981088416, 0.333656717735747,
        -0.079583272377397, -0.272240080612534, -0.613735353398028,
        -0.888477650535971
      ]
    ]
  }
}
