{
  "name": "Wissmann-Becker 6-1",
  "domain": "C2",
  "degree": 6,
  "test_tolerance": 4.469e-15,
  "weight factor": 0.25,
  "data": {
    "plain": [
      [0.455343245714174, 0.827395973202966],
      [0, 0],
      [0.836405633697626, -0.357460165391307]
    ],
    "sx": [
      [
        0.144000884599645, 0.668259104262665, 0.225474004890679,
        0.320896396788441
      ],
      [
        0.888764014654765, 0.604857639464685, 0.955447506641064,
        0.565459993438754
      ],
      [
        0.872101531193131, 0.305985162155427, -0.410270899466658,
        -0.872869311156879
      ]
    ]
  }
}
