{
  "name": "Rabinowitz-Richter 3",
  "domain": "E2r2",
  "degree": 11,
  "test_tolerance": 8.882e-16,
  "weight factor": 0.318309886183790671537767526745028724068919291480912897495,
  "data": {
    "d4_a0": [
      [0.4106569066965604e-3, 0.906569088949212e-1, 0.5266955729327722],
      [2.907364117106118, 1.528230917660483, 0.6178819071436261]
    ],
    "d4_aa": [
      [0.9681125175723808e-3, 0.1515812331366514],
      [1.904162039910276, 0.9724173472297303]
    ],
    "d4_ab": [[0.754283950441727e-2], [2.06155281280883], [0.8660254037844387]]
  }
}
