{
  "name": "Rabinowitz-Richter 1",
  "domain": "E2r2",
  "degree": 9,
  "test_tolerance": 6.217e-15,
  "weight factor": 0.318309886183790671537767526745028724068919291480912897495,
  "data": {
    "d4_a0": [[0.1237222328857347], [1.538189001320852]],
    "d4_aa": [
      [0.6544984694978697e-1, 0.5935280476180875],
      [1.224744871391589, 0.4817165220011443]
    ],
    "d4_ab": [
      [0.1349017971918148e-2],
      [2.607349811958554],
      [0.9663217712794149]
    ]
  }
}
