{
  "name": "Rabinowitz-Richter 4",
  "domain": "E2r2",
  "degree": 13,
  "test_tolerance": 9.755e-16,
  "weight factor": 0.318309886183790671537767526745028724068919291480912897495,
  "data": {
    "zero2": [[-0.7482913219380363]],
    "d4_a0": [
      [0.3521509661098668e-2, 0.1650055872539264],
      [2.403151765001966, 1.298479973315986]
    ],
    "d4_aa": [
      [0.8537825937946404e-3, 0.1326938806789336, 0.6447719928481539],
      [1.912428205769905, 0.9478854439698223, 0.3188824732576547]
    ],
    "d4_ab": [
      [0.1799266413507747e-4, 0.1279412775888998e-1],
      [3.325657829663178, 1.882228401823884],
      [1.145527285699371, 0.8826073082889659]
    ]
  }
}
