{
  "name": "Rabinowitz-Richter 5",
  "domain": "E2r2",
  "degree": 15,
  "test_tolerance": 8.882e-16,
  "weight factor": 0.318309886183790671537767526745028724068919291480912897495,
  "data": {
    "d4_a0": [
      [
        0.8006483569659628e-5, 0.3604577420838264e-2, 0.1187609330759137,
        0.4372488543791402
      ],
      [
        3.538388728121807, 2.359676416877929, 1.312801844620926,
        0.5389559482114205
      ]
    ],
    "d4_aa": [
      [0.3671735075832989e-4, 0.5654866776461627e-2, 0.177777426842424],
      [2.300279949805658, 1.581138830084189, 0.8418504335819279]
    ],
    "d4_ab": [
      [0.273544964785329e-3, 0.2087984556938594e-1],
      [2.685533581755341, 1.740847514397403],
      [1.112384431771456, 0.721082650486896]
    ]
  }
}
