{
  "name": "Rabinowitz-Richter 2",
  "domain": "E2r2",
  "degree": 11,
  "test_tolerance": 6.661e-16,
  "weight factor": 0.318309886183790671537767526745028724068919291480912897495,
  "data": {
    "d4_a0": [
      [0.8176645817675417e-3, 0.4363323129985824e-1, 0.5373255214498174],
      [2.757816396257008, 1.732050807568877, 0.6280515301597559]
    ],
    "d4_ab": [
      [0.363610260832152e-2, 0.9817477042468103e-1],
      [1.224744871391589, 0.7071067811865475],
      [2.121320343559643, 1.224744871391589]
    ]
  }
}
