{
  "name": "Xiao-Gimbutas 6",
  "domain": "T2",
  "degree": 6,
  "test_tolerance": 5.69e-16,
  "data": {
    "d3_aa": [
      [1.7133312415298105e-1, 8.0731089593030977e-2],
      [2.1942998254978302e-1, 4.8013796411221504e-1]
    ],
    "d3_ab": [
      [4.0634559793660659e-2],
      [1.9371724361240805e-2],
      [1.4161901592396814e-1]
    ]
  }
}
