{
  "name": "Xiao-Gimbutas 7",
  "domain": "T2",
  "degree": 7,
  "test_tolerance": 5.135e-16,
  "data": {
    "d3_aa": [
      [5.318083329676046e-2, 4.0918170394056867e-2, 1.2772524856113385e-1],
      [4.7319565368925104e-1, 5.7797640054506494e-2, 2.4166360639724743e-1]
    ],
    "d3_ab": [
      [5.5754540540691094e-2],
      [4.6971206130085534e-2],
      [2.5933901186578567e-1]
    ]
  }
}
