{
  "name": "Xiao-Gimbutas 8",
  "domain": "T2",
  "degree": 8,
  "test_tolerance": 5.482e-16,
  "data": {
    "centroid": [[1.443156076777872e-1]],
    "d3_aa": [
      [1.0321737053471824e-1, 9.5091634267284633e-2, 3.2458497623198079e-2],
      [1.7056930775176027e-1, 4.5929258829272313e-1, 5.0547228317031068e-2]
    ],
    "d3_ab": [
      [2.7230314174434996e-2],
      [8.3947774099576745e-3],
      [2.6311282963463806e-1]
    ]
  }
}
