{
  "name": "Xiao-Gimbutas 9",
  "domain": "T2",
  "degree": 9,
  "test_tolerance": 5.551e-16,
  "data": {
    "centroid": [[9.7135796282798836e-2]],
    "d3_aa": [
      [
        3.1334700227139071e-2, 7.9647738927210263e-2, 7.7827541004774278e-2,
        2.5577675658698035e-2
      ],
      [
        4.8968251919873762e-1, 1.882035356190328e-1, 4.3708959149293664e-1,
        4.4729513394452747e-2
      ]
    ],
    "d3_ab": [
      [4.3283539377289376e-2],
      [3.68384120547363e-2],
      [2.2196298916076571e-1]
    ]
  }
}
