{
  "name": "Xiao-Gimbutas 10",
  "domain": "T2",
  "degree": 10,
  "test_tolerance": 6.002e-16,
  "data": {
    "centroid": [[8.3614874373973927e-2]],
    "d3_aa": [
      [
        9.7925904984183035e-3, 6.3853592301186543e-3, 7.8633769746377272e-2,
        7.5247327968543984e-2
      ],
      [
        4.951734598011705e-1, 1.9139415242841296e-2, 1.8448501268524653e-1,
        4.2823482094371884e-1
      ]
    ],
    "d3_ab": [
      [2.8962281463256342e-2, 3.8739049086018905e-2],
      [3.472362048232748e-2, 3.7582727341191689e-2],
      [1.3373475510086913e-1, 3.2669313628133689e-1]
    ]
  }
}
