{
  "name": "Xiao-Gimbutas 11",
  "domain": "T2",
  "degree": 11,
  "test_tolerance": 7.772e-16,
  "data": {
    "centroid": [[8.1445134709351288e-2]],
    "d3_aa": [
      [
        1.2249296950707964e-2, 1.2465491873881381e-2, 4.0129242381308321e-2,
        6.3094872159898688e-2, 6.7845107743695149e-2
      ],
      [
        3.0846895635588123e-2, 4.9878016517846074e-1, 1.1320782728669404e-1,
        4.3665501639317611e-1, 2.1448345861926937e-1
      ]
    ],
    "d3_ab": [
      [1.4557623337809246e-2, 4.0642848655886472e-2],
      [1.4366662569555624e-2, 4.7664066972150781e-2],
      [1.5930361983769351e-1, 3.1063121631346313e-1]
    ]
  }
}
