{
  "name": "Xiao-Gimbutas 12",
  "domain": "T2",
  "degree": 12,
  "test_tolerance": 6.106e-16,
  "data": {
    "d3_aa": [
      [
        6.2541213195902765e-2, 2.8486052068877551e-2, 4.9918334928060949e-2,
        2.4266838081452035e-2, 7.9316425099736389e-3
      ],
      [
        2.7146250701492614e-1, 1.0925782765935432e-1, 4.4011164865859309e-1,
        4.8820375094554153e-1, 2.4646363436335639e-2
      ]
    ],
    "d3_ab": [
      [4.3227363659414209e-2, 1.5083677576511441e-2, 2.1783585038607559e-2],
      [1.162960196779266e-1, 2.1382490256170623e-2, 2.3034156355267166e-2],
      [2.5545422863851736e-1, 1.2727971723358936e-1, 2.9165567973834094e-1]
    ]
  }
}
