{
  "name": "Xiao-Gimbutas 13",
  "domain": "T2",
  "degree": 13,
  "test_tolerance": 9.09e-16,
  "data": {
    "centroid": [[5.1622646664290818e-2]],
    "d3_aa": [
      [
        9.9414763610725879e-3, 3.2781241603722977e-2, 4.6062409592778249e-2,
        4.6947095542155197e-2, 3.0903097975759793e-2, 8.0293997952584229e-3
      ],
      [
        4.9613589474104608e-1, 4.696086896534919e-1, 2.3111028494908226e-1,
        4.1447757027905457e-1, 1.1355991257213327e-1, 2.4895931491216494e-2
      ]
    ],
    "d3_ab": [
      [1.8125498646200881e-2, 3.7211960457261536e-2, 1.5393072683782177e-2],
      [1.8988004383759041e-2, 9.7736031066016527e-2, 2.1966344206529244e-2],
      [2.9207868857663638e-1, 2.6674525331035115e-1, 1.267997757838373e-1]
    ]
  }
}
