{
  "name": "Xiao-Gimbutas 14",
  "domain": "T2",
  "degree": 14,
  "test_tolerance": 5.759e-16,
  "data": {
    "d3_aa": [
      [
        3.2788353544125355e-2, 1.4433699669776668e-2, 5.1774104507291585e-2,
        4.2162588736993023e-2, 4.9234036024000819e-3, 2.1883581369428893e-2
      ],
      [
        4.1764471934045394e-1, 6.1799883090872698e-2, 2.734775283088387e-1,
        1.772055324125435e-1, 1.93909612487011e-2, 4.8896391036217862e-1
      ]
    ],
    "d3_ab": [
      [
        1.4436308113533842e-2, 3.8571510787060684e-2, 2.4665753212563677e-2,
        5.0102288385006719e-3
      ],
      [
        1.4646950055654471e-2, 9.2916249356971847e-2, 5.7124757403647988e-2,
        1.268330932872076e-3
      ],
      [
        2.9837288213625773e-1, 3.3686145979634502e-1, 1.7226668782135557e-1,
        1.1897449769695682e-1
      ]
    ]
  }
}
