{
  "name": "Xiao-Gimbutas 15",
  "domain": "T2",
  "degree": 15,
  "test_tolerance": 6.696e-16,
  "data": {
    "centroid": [[2.9730419748071321e-2]],
    "d3_aa": [
      [
        7.3975040670460996e-3, 2.1594087936438452e-2, 1.5832276350021799e-2,
        4.6287286105198076e-2, 4.6336041391207235e-2, 1.5084474247597068e-2
      ],
      [
        1.2997822993307789e-1, 4.6007694929705972e-1, 4.916858166302972e-1,
        2.2153234079514206e-1, 3.9693373740906057e-1, 5.6341917696100197e-2
      ]
    ],
    "d3_ab": [
      [
        2.4230008783125607e-2, 1.122850429887806e-2, 3.107522047051095e-2,
        1.6436762092827895e-2, 2.4752660145579163e-3
      ],
      [
        8.4594221482191811e-2, 1.6027089786345473e-2, 9.7650442430242346e-2,
        1.8454251904633165e-2, 1.1135352740137417e-3
      ],
      [
        1.8232178340719132e-1, 1.5020038406523872e-1, 3.2311131516371266e-1,
        3.0794768148367291e-1, 3.8035229301109287e-2
      ]
    ]
  }
}
