{
  "name": "Xiao-Gimbutas 16",
  "domain": "T2",
  "degree": 16,
  "test_tolerance": 1.055e-15,
  "data": {
    "centroid": [[4.6227910314191344e-2]],
    "d3_aa": [
      [
        1.2425425595561009e-2, 4.1184041069792551e-2, 4.0985219786815366e-2,
        2.878349670274891e-2, 2.7093669467710451e-2, 3.7891352382642221e-3
      ],
      [
        6.6674472240238369e-2, 2.4132168070137838e-1, 4.1279809595522365e-1,
        1.5006373658703515e-1, 4.6954803099668496e-1, 1.7041629405718517e-2
      ]
    ],
    "d3_ab": [
      [
        8.1822105532221388e-3, 1.3983607124653567e-2, 5.7518699704971589e-3,
        3.1646061681983244e-2, 1.7653081047103284e-2, 4.6146906397291345e-3
      ],
      [
        9.6649544036602544e-3, 3.0305943355186365e-2, 1.0812972776103751e-2,
        1.0665316053614844e-1, 5.1354315344013114e-2, 3.6969427073556124e-3
      ],
      [
        4.1376948582708517e-1, 3.0417944822947973e-1, 8.9609089022705854e-2,
        2.9661537240038294e-1, 1.6976335515028973e-1, 2.1404877992584728e-1
      ]
    ]
  }
}
