{
  "name": "Xiao-Gimbutas 18",
  "domain": "T2",
  "degree": 18,
  "test_tolerance": 8.743e-16,
  "data": {
    "centroid": [[3.074852123911586e-2]],
    "d3_aa": [
      [
        1.3107027491738756e-2, 2.0318338845458399e-2, 3.3471994059847902e-2,
        3.1116396602006133e-2, 5.3200561694778062e-4, 1.3790286604766942e-2
      ],
      [
        4.7491821132404571e-1, 1.5163850697260495e-1, 4.1106710187591949e-1,
        2.6561460990537422e-1, 3.7589443410684376e-3, 7.2438705567333006e-2
      ]
    ],
    "d3_ab": [
      [
        1.5328258194553142e-2, 4.2175167747444432e-3, 1.6365908413986566e-2,
        7.7298352800062274e-3, 1.691165391748008e-2, 2.7592886488579479e-2,
        9.5861244743615046e-3, 7.6417049727196366e-3
      ],
      [
        9.0427040354340626e-2, 1.2498932483495477e-2, 5.4011735339024279e-2,
        1.0505018819241962e-2, 6.6122458028403427e-2, 1.4906691012577386e-1,
        1.1691824674667157e-2, 1.4331524778941987e-2
      ],
      [
        3.850440344131637e-1, 4.7276141832651747e-2, 3.0206195771287075e-1,
        2.5650615977424152e-1, 1.7847912556588763e-1, 2.6857330639601379e-1,
        4.1106566867461836e-1, 1.3277883027138929e-1
      ]
    ]
  }
}
