{
  "name": "Xiao-Gimbutas 19",
  "domain": "T2",
  "degree": 19,
  "test_tolerance": 1.703e-15,
  "data": {
    "centroid": [[3.4469160850905275e-2]],
    "d3_aa": [
      [
        7.109393622794947e-3, 1.5234956517004836e-2, 1.7651924183085402e-3,
        3.175285458752998e-2, 3.153735864523962e-2, 2.4651981053584831e-2,
        2.2983570977123252e-2, 1.0321882182418864e-2
      ],
      [
        5.252627985410363e-2, 1.1144805571699878e-1, 1.1639027327922657e-2,
        2.5516213315312486e-1, 4.0396971796638609e-1, 1.7817100607962755e-1,
        4.5919438895682763e-1, 4.9251244986587422e-1
      ]
    ],
    "d3_ab": [
      [
        2.9256924878800715e-3, 3.3273888405939045e-3, 9.6955190816242019e-3,
        2.6346264707445364e-2, 1.8108074590430505e-2, 1.6102209460939428e-2,
        8.4559248390934805e-3, 3.2821375148397378e-3
      ],
      [
        5.0051423523504333e-3, 9.7770614386768536e-3, 3.9142449434608845e-2,
        1.2931280976797899e-1, 7.4561189304355138e-2, 4.0888314464978127e-2,
        1.4923638907438481e-2, 2.0691038491023883e-3
      ],
      [
        1.4242228257112691e-1, 6.0083899962702358e-2, 1.3070066996053453e-1,
        3.1131838322398686e-1, 2.2143394188911344e-1, 3.5402592699971192e-1,
        2.4189410400689262e-1, 3.6462041433871001e-1
      ]
    ]
  }
}
