{
  "name": "Xiao-Gimbutas 20",
  "domain": "T2",
  "degree": 20,
  "test_tolerance": 1.256e-15,
  "data": {
    "centroid": [[2.7820221402906232e-2]],
    "d3_aa": [
      [
        1.8346925948505829e-2, 4.3225508213311555e-3, 1.4203650606816881e-2,
        1.8904799866464896e-2, 2.8166402615040498e-2, 2.7576101258140917e-2,
        1.5976815821332399e-3, 1.566046155214907e-2
      ],
      [
        1.8629499774454095e-1, 3.7310880598884766e-2, 4.7624561154049899e-1,
        4.4555105695592478e-1, 2.5457926767333916e-1, 3.9342534781709987e-1,
        1.097614102839789e-2, 1.0938359671171471e-1
      ]
    ],
    "d3_ab": [
      [
        2.2597392042517312e-3, 1.5445215644198462e-2, 4.4057948371169957e-3,
        2.3383491463655471e-2, 1.197279715790938e-2, 8.2914230552277157e-3,
        7.3913630005105957e-3, 1.7334451134438669e-2, 7.1564004769153712e-3
      ],
      [
        4.8549376076238273e-3, 1.0622720472027006e-1, 7.5707805046965788e-3,
        1.3980807199179993e-1, 4.6560364907664339e-2, 3.8363684775374655e-2,
        9.8315482928025884e-3, 5.498747914298685e-2, 1.073721285601111e-2
      ],
      [
        6.4090585608434045e-2, 2.1560705739009439e-1, 1.5913370765706722e-1,
        3.17860123835772e-1, 1.9851813222878817e-1, 9.995229628813862e-2,
        4.2002375881622406e-1, 3.3313481730958744e-1, 2.8058141142366522e-1
      ]
    ]
  }
}
