{
  "name": "Xiao-Gimbutas 21",
  "domain": "T2",
  "degree": 21,
  "test_tolerance": 9.645e-16,
  "data": {
    "d3_aa": [
      [
        2.1451121929132341e-2, 4.4378296970658789e-3, 2.3000704653283865e-2,
        1.3656032452230198e-2, 1.9455241860750708e-2, 1.2214410163384383e-2,
        1.9614475227824023e-2, 7.1520851012836515e-3, 1.5086992723786893e-3
      ],
      [
        2.9893623531498259e-1, 4.9700787546868558e-1, 4.0361758654638513e-1,
        1.1898857762271953e-1, 1.9028871809127856e-1, 4.8159786865321658e-1,
        4.4981279177536238e-1, 5.3627575546145001e-2, 1.0742456432828507e-2
      ]
    ],
    "d3_ab": [
      [
        1.7495416155763124e-2, 4.2061202881497296e-3, 1.8447484847932835e-2,
        1.0469904185324846e-2, 4.480813121901476e-3, 1.4500305918971022e-2,
        1.5904036705427973e-2, 9.8119718225504107e-3, 6.8398848579343053e-3,
        3.2654285840440851e-3
      ],
      [
        2.0529555933516153e-1, 6.931809031468116e-3, 1.2377940040549276e-1,
        3.8991362623220331e-2, 9.5362475297105977e-3, 5.3052191701216819e-2,
        1.0045802007411446e-1, 4.945106556854055e-2, 1.0254635872924515e-2,
        1.0301903643423904e-2
      ],
      [
        2.8918949607859473e-1, 2.3787338259799398e-1, 3.1886531079482827e-1,
        2.3187362537040096e-1, 1.3316712294137029e-1, 3.4680797980991107e-1,
        2.1659962318998252e-1, 1.2882980796205154e-1, 3.6095340801892217e-1,
        5.5719565072371954e-2
      ]
    ]
  }
}
