{
  "name": "Xiao-Gimbutas 22",
  "domain": "T2",
  "degree": 22,
  "test_tolerance": 8.587e-16,
  "data": {
    "d3_aa": [
      [
        1.3493083883610662e-2, 1.3861399524234192e-2, 2.1075763957452184e-2,
        1.6021299125148891e-2, 1.8853092553841287e-2, 5.2893396659844183e-3,
        3.5691091658563764e-3, 1.4415713128104602e-2
      ],
      [
        3.8518452462730213e-1, 4.5776941136767207e-1, 2.9455825902995014e-1,
        1.8851052363028398e-1, 4.2198188879353493e-1, 4.9616117840970864e-1,
        2.9108470670807574e-2, 1.1543153821920499e-1
      ]
    ],
    "d3_ab": [
      [
        2.5954384742312778e-3, 7.5175778177883762e-3, 1.119731347196277e-2,
        1.7719093489510219e-2, 4.9042603975569645e-3, 2.1706419555508959e-2,
        1.1662222867343003e-2, 1.5710162622570318e-2, 4.1066870715755557e-3,
        1.0563584967746897e-2, 5.0540768975846015e-3, 6.4042853117142582e-4
      ],
      [
        7.8762822215823741e-3, 4.475228434833587e-2, 3.8275234700863824e-2,
        1.0274707598693139e-1, 7.4002412347107509e-3, 1.9108129796672008e-1,
        4.3991645393455847e-2, 1.0868994186267199e-1, 9.1447113749640544e-3,
        4.8254924114641384e-2, 9.1639092481852289e-3, 1.7984649889483744e-3
      ],
      [
        6.9842169467443621e-2, 9.0398831166407748e-2, 4.1134176402055872e-1,
        3.3210610500744642e-1, 3.6257628043246726e-1, 2.9006682411666884e-1,
        2.8793180282417186e-1, 2.1678693336494115e-1, 1.4587371987352518e-1,
        1.7629743482450005e-1, 2.4399064603949305e-1, 1.7934321052938986e-2
      ]
    ]
  }
}
