{
  "name": "Xiao-Gimbutas 23",
  "domain": "T2",
  "degree": 23,
  "test_tolerance": 1.376e-15,
  "data": {
    "centroid": [[2.525306032303621e-2]],
    "d3_aa": [
      [
        3.9157402590329357e-3, 1.139788926780076e-2, 8.9599170255135422e-3,
        2.3674608463128022e-2, 2.3807862887499764e-2, 1.4559449392741749e-2,
        2.4075446041814095e-3, 1.8951950669338885e-2, 1.9935277880105025e-2,
        1.065361232829315e-3
      ],
      [
        3.9007268757032199e-2, 4.803288773373085e-1, 8.684104820763322e-2,
        3.9432350601154154e-1, 2.6625131787724732e-1, 1.371293873116477e-1,
        4.989594312095863e-1, 4.4469244212772752e-1, 1.9874980639653628e-1,
        9.0164402055984416e-3
      ]
    ],
    "d3_ab": [
      [
        2.5281660553822631e-3, 2.2250197297245147e-3, 5.3280304311947848e-3,
        2.2811036762558344e-3, 4.1147503444160924e-3, 1.9525913278907261e-3,
        1.4981113393199167e-2, 1.6121241637017152e-2, 1.0470256493130067e-2,
        2.0844395858968811e-2, 7.0977788345218248e-3, 1.0175574656707037e-2
      ],
      [
        2.387025365435361e-2, 5.1898217608445357e-3, 3.2741029188706403e-2,
        2.4475998559663793e-3, 8.7252895853085349e-3, 7.1625399102444821e-3,
        6.8526954187212996e-2, 1.0172832932728422e-1, 5.8351575237515441e-2,
        1.548301554055162e-1, 1.4758969729945169e-2, 3.2993708192532792e-2
      ],
      [
        1.5950379892475722e-1, 1.1410136032236454e-1, 9.5539878171734899e-2,
        3.1116226805170194e-1, 2.0561723205805207e-1, 4.7261629449725298e-2,
        3.5850959356962508e-1, 2.404827720350127e-1, 1.7293230312922397e-1,
        3.163043076538381e-1, 3.9775857680300764e-1, 2.7879416981410227e-1
      ]
    ]
  }
}
