{
  "name": "Xiao-Gimbutas 24",
  "domain": "T2",
  "degree": 24,
  "test_tolerance": 8.708e-16,
  "data": {
    "centroid": [[1.2545689845600319e-2]],
    "d3_aa": [
      [
        1.3110532701885239e-2, 1.0379016056400193e-2, 3.8336997309291834e-3,
        6.1725450549664316e-4, 4.3432467221706976e-3, 2.0520008671509844e-2,
        1.0352494770852603e-2, 1.0027393067388906e-2, 1.8994586517352658e-2
      ],
      [
        4.1889097491060279e-1, 1.6236063371692644e-1, 4.098562900111713e-2,
        6.7312708878884409e-3, 4.9625527767573513e-1, 2.6423131543827261e-1,
        4.8061256179250322e-1, 9.6328495599215302e-2, 3.7535292670208631e-1
      ]
    ],
    "d3_ab": [
      [
        1.4145045806484846e-2, 1.5274442601324626e-2, 5.3662714541677682e-3,
        1.5031854349741339e-2, 7.2041341747974275e-3, 8.9048769281635642e-3,
        9.9472518756824179e-3, 1.4352351578157454e-2, 4.2421492668037689e-3,
        4.0812750771164509e-3, 2.5892123823979848e-3, 1.1843562142543109e-2,
        3.7072267642463083e-3, 1.7969475854465765e-3
      ],
      [
        1.7036728246244368e-1, 1.69759795860736e-1, 3.8318225821019382e-2,
        9.2656481520757519e-2, 4.1188714248475373e-2, 3.9570904970158041e-2,
        3.8592700174896126e-2, 9.4534961736598991e-2, 7.387994632294238e-3,
        7.546003162312815e-3, 7.2345584577821372e-3, 9.556626952736523e-2,
        7.9879218808479643e-3, 8.0749108702087759e-3
      ],
      [
        2.4147976007359401e-1, 3.289758089242264e-1, 9.3167409779881152e-2,
        3.9452027980019433e-1, 1.6267741639447741e-1, 2.5358901421887947e-1,
        3.6225224131779127e-1, 2.8162257770616084e-1, 3.8327266499265922e-1,
        2.7375035251626051e-1, 9.4121342797366031e-2, 1.8039615188676572e-1,
        1.7473734628280568e-1, 3.729147205129122e-2
      ]
    ]
  }
}
