{
  "name": "Xiao-Gimbutas 25",
  "domain": "T2",
  "degree": 25,
  "test_tolerance": 1.7e-15,
  "data": {
    "d3_aa": [
      [
        1.3689851548272245e-2, 1.1587263236010593e-2, 1.8017640701701476e-2,
        3.3972977219047362e-3, 1.1491525862564798e-2, 1.5911310137458421e-2,
        1.3654275187528014e-2, 9.182821259820036e-3, 8.0651028832461676e-4,
        8.4440859465210773e-3
      ],
      [
        3.8764203040456341e-1, 2.1100450806149668e-1, 2.9949231580450852e-1,
        3.722292599244087e-2, 1.4510924357450039e-1, 4.2475930454057476e-1,
        4.6220870874870612e-1, 9.2949701700769938e-2, 7.8353442826038511e-3,
        4.8903936966039546e-1
      ]
    ],
    "d3_ab": [
      [
        1.6748178319347053e-3, 6.3114780247592742e-3, 9.5150215674557719e-3,
        1.088439361243692e-2, 1.5840352287898436e-2, 1.0640170695508785e-2,
        2.5452716253490143e-3, 1.7913820892276059e-2, 3.2637396820492429e-3,
        5.4546383679744291e-3, 5.27256192142942e-3, 1.3740082592022551e-2,
        7.3143409079328469e-3, 1.6929836341273324e-3, 1.5117020784588804e-3
      ],
      [
        1.8188666342743875e-3, 3.6960141579671472e-2, 7.8858068005635273e-2,
        6.8847529431497911e-2, 1.1599980764096017e-1, 4.8317434287376948e-2,
        7.1283145012574238e-3, 2.0369291058425096e-1, 7.2361617479481562e-3,
        1.2913883250032529e-2, 3.7687949784259066e-2, 1.3700669408707095e-1,
        2.4540060247524389e-2, 7.1888282616930383e-3, 8.9146431749812785e-4
      ],
      [
        4.404169274793433e-1, 1.5900790619732788e-1, 1.7735379675725291e-1,
        2.7006673582095941e-1, 3.4139103302114987e-1, 3.7393797971958442e-1,
        9.913306334168219e-2, 2.9950641862967453e-1, 1.7862984860361625e-1,
        3.6206880189597201e-1, 8.8792915489366561e-2, 2.3362281014171524e-1,
        2.5659540970901978e-1, 4.1068819111784644e-2, 2.7941618864926071e-1
      ]
    ]
  }
}
