{
  "name": "Xiao-Gimbutas 26",
  "domain": "T2",
  "degree": 26,
  "test_tolerance": 1.023e-15,
  "data": {
    "centroid": [[2.0486662589223242e-2]],
    "d3_aa": [
      [
        4.9138253029660179e-3, 5.2695311668187188e-4, 5.3021591818673457e-3,
        1.9468067837182881e-2, 1.9535646923247541e-2, 1.1528503634656892e-2,
        1.3255259448545269e-2, 1.694434507852809e-2, 1.6412400602587904e-2
      ],
      [
        6.6737122576466246e-2, 6.3401164920769415e-3, 4.9375303289638478e-1,
        3.8878749710759403e-1, 2.7314710092907879e-1, 4.7182856332116602e-1,
        1.5420143036454431e-1, 2.1204316330220568e-1, 4.3598541938438318e-1
      ]
    ],
    "d3_ab": [
      [
        1.3985264481602723e-3, 1.2055647737168856e-3, 3.3055447129676702e-3,
        1.0857073429967549e-3, 6.4035978997128186e-3, 4.6142110763783177e-3,
        1.437947322759874e-2, 8.2597672170868393e-3, 1.3727958216085703e-2,
        1.0397645528174324e-2, 1.857147470998084e-3, 1.7599167180695211e-2,
        2.9667616626565057e-3, 1.0107124432088685e-2, 6.2693378460805691e-3,
        4.5915583873986374e-3, 1.1395489158682135e-3
      ],
      [
        4.7946609754366768e-3, 2.9155196206835834e-2, 2.6209364022498651e-2,
        5.6981179168752163e-3, 4.1724722742120926e-2, 1.0004565910652752e-1,
        1.2061440220524899e-1, 2.9537942516907823e-2, 8.7378465163844482e-2,
        7.6311901512959385e-2, 2.057530965370865e-3, 1.704787284972489e-1,
        7.9996080914843011e-3, 5.1165873685137767e-2, 2.2784599250895661e-2,
        9.4732979122135585e-3, 4.6400773217565258e-4
      ],
      [
        8.0071654940316539e-2, 3.1643611571530776e-2, 7.538004751539866e-2,
        3.3100034336032272e-2, 1.3248618961456732e-1, 1.0868713291440213e-1,
        2.5027231329052646e-1, 3.890220620427618e-1, 3.5850929642766155e-1,
        1.8686917947622156e-1, 4.1470590959030629e-1, 3.1941530538343876e-1,
        1.4373762619976402e-1, 2.8378813885947041e-1, 2.1654666647347712e-1,
        3.1289850307487999e-1, 2.2643479740771752e-1
      ]
    ]
  }
}
