{
  "name": "Xiao-Gimbutas 27",
  "domain": "T2",
  "degree": 27,
  "test_tolerance": 1.254e-15,
  "data": {
    "d3_aa": [
      [
        9.5600849674599194e-3, 9.4101598094542254e-3, 1.2050227024150434e-2,
        5.2126218728018765e-3, 1.3471315398049376e-2, 1.5747965781362654e-2,
        1.128244254469838e-2, 7.1172374128746418e-3, 2.777339528954181e-3,
        9.7432449228177318e-3, 5.7544240567050241e-4
      ],
      [
        3.8071402118118719e-1, 4.4666780370386461e-1, 4.1614137880541213e-1,
        8.0304647788438432e-2, 2.3340040666987116e-1, 3.0116546516650922e-1,
        1.7477996635490006e-1, 4.8556505418516277e-1, 3.2571520180181723e-2,
        1.2757090190467762e-1, 6.6392191809588885e-3
      ]
    ],
    "d3_ab": [
      [
        5.5317948337667315e-3, 1.2557436204036536e-2, 6.3951526994544027e-3,
        1.371539323055084e-2, 9.8622701189895693e-3, 6.4553729049296902e-3,
        2.9278263617991025e-3, 7.1306353104870239e-3, 1.2347663130861363e-2,
        1.0693700589616264e-2, 3.242467597639341e-3, 1.0930611092913286e-2,
        2.0151231272897024e-3, 1.1967736084731628e-3, 4.3271580353607128e-3,
        4.6223871117811099e-3, 3.3942537388070271e-3, 8.4660613576385054e-4
      ],
      [
        3.0730604727272855e-2, 1.2915264006344968e-1, 2.8033486095250002e-2,
        2.0913092113766868e-1, 6.6038912849738646e-2, 4.1030576819181826e-2,
        5.2996403717990338e-3, 6.3073995414950873e-2, 1.489628509382401e-1,
        9.4697082433130686e-2, 5.5807170152601159e-3, 7.5076902433196216e-2,
        6.9825293244590156e-3, 6.0935694037648315e-3, 3.5034422527697381e-2,
        1.9352001318038967e-2, 7.3324725490404551e-3, 4.9032844346297429e-4
      ],
      [
        2.8704219659349661e-1, 3.4508784171556839e-1, 3.7593015704866178e-1,
        3.1694558893313196e-1, 4.0722839304271991e-1, 2.1355359845782393e-1,
        3.2885287806889263e-1, 1.3929530614214874e-1, 2.5524625469697804e-1,
        2.0837601560037405e-1, 4.4001055194621547e-1, 3.0222094122782112e-1,
        8.1946802583533693e-2, 3.4364969912141989e-2, 8.0112073847101117e-2,
        1.4721343189892247e-1, 2.2971965325784321e-1, 1.4765552111986979e-1
      ]
    ]
  }
}
