{
  "name": "Xiao-Gimbutas 28",
  "domain": "T2",
  "degree": 28,
  "test_tolerance": 7.657e-16,
  "data": {
    "d3_aa": [
      [
        1.4362466300646136e-2, 3.1113520868149633e-4, 8.851705010893161e-3,
        1.4210586390448187e-2, 1.3092748589088966e-2, 7.8099433710863411e-3,
        1.354759560332551e-2, 7.6821105785950241e-3, 1.1942669640248227e-2,
        5.1282520046780685e-3
      ],
      [
        3.0398292251648418e-1, 4.8041261966580984e-3, 4.5827990424041193e-1,
        3.8626797357004206e-1, 2.5826407215046221e-1, 1.0589584417862768e-1,
        4.2955220211889933e-1, 4.8484113256258943e-1, 1.5863768886305973e-1,
        6.0839192392758812e-2
      ]
    ],
    "d3_ab": [
      [
        2.1175395576808983e-3, 5.8956722345142459e-3, 1.2557256216676879e-2,
        1.3106114124099386e-2, 1.7788954192555133e-3, 8.0119292866949639e-3,
        8.4646957342766043e-3, 2.3767642676877834e-3, 4.2769423350179454e-3,
        5.1312773820372968e-3, 9.4854042588940056e-4, 1.0245986561704201e-2,
        2.3245453644640504e-3, 8.9251161402765494e-3, 5.9178837723538906e-3,
        6.2605346429685524e-3, 3.1401776434880364e-3, 1.2787138422955801e-2,
        3.2049161907930349e-3, 7.2513459498608297e-4
      ],
      [
        2.1524385369456119e-2, 4.9069669357559492e-2, 1.7765845029637026e-1,
        1.8981235629273679e-1, 4.4583820232893204e-3, 8.7677976484352022e-2,
        6.3180327634410643e-2, 4.1494641339236719e-3, 2.2794804925916238e-2,
        2.2700844371797004e-2, 6.1496485426639682e-3, 1.1203362934227094e-1,
        4.7814897729871316e-3, 6.2448742179632866e-2, 5.0211185913428096e-2,
        2.5727998742878733e-2, 5.6465659934661593e-3, 1.1808906971509502e-1,
        1.8242291012294715e-2, 1.2002556014871519e-3
      ],
      [
        4.5505400558346398e-2, 2.1339445476708729e-1, 2.4210251191931964e-1,
        3.2719073201917004e-1, 1.4199816693317424e-1, 1.7539639319146172e-1,
        3.9213961333441455e-1, 3.3414561503592133e-1, 1.7414619605118214e-1,
        2.7583900807182421e-1, 2.6222667164652273e-2, 2.4304720236592617e-1,
        2.2999298405790716e-1, 2.9560828087240165e-1, 1.2139345075409119e-1,
        3.7382380031020968e-1, 4.4278340652024356e-1, 3.3779866320058233e-1,
        9.222918919528221e-2, 7.0290740478132732e-2
      ]
    ]
  }
}
