{
  "name": "Xiao-Gimbutas 29",
  "domain": "T2",
  "degree": 29,
  "test_tolerance": 9.905e-16,
  "data": {
    "d3_aa": [
      [
        1.5164621031569022e-3, 1.1171100295167859e-2, 2.860491506156887e-3,
        1.2539203442623229e-2, 1.0571417858227577e-2, 6.1344011647189106e-3,
        1.6310238807743207e-2, 8.1728784412271327e-3, 1.0313116635258499e-2,
        5.6088471328313043e-3, 1.5913215284088903e-2
      ],
      [
        4.9891482463768616e-1, 4.3438042676173061e-1, 4.1097335627118203e-2,
        2.0840530513240091e-1, 1.6074588443196364e-1, 4.8840160293260276e-1,
        3.0238641121512849e-1, 1.1442681299442559e-1, 4.6476243108073895e-1,
        7.3721881390099886e-2, 3.9061917878326374e-1
      ]
    ],
    "d3_ab": [
      [
        7.6925297147624873e-4, 1.0452214696922436e-2, 1.3528239492524086e-3,
        6.4391367075338065e-3, 1.2721944371716311e-3, 1.3545246572007575e-2,
        2.7615307495904439e-3, 4.5126868454873296e-3, 2.6949223185870121e-4,
        9.3863306762836645e-3, 7.8229184583064795e-3, 1.0630396363196614e-2,
        3.0512388233451906e-3, 3.8253666717300121e-3, 1.7416952313017492e-3,
        5.6691534816654581e-3, 6.5819977638522063e-3, 9.1789241649275974e-3,
        1.2518366498834426e-2, 3.6413404112807368e-3, 6.8867262504176095e-4
      ],
      [
        2.7287432479210691e-3, 1.5717769986719343e-1, 2.1009666448275587e-3,
        6.8165808813746412e-2, 1.0830958603609348e-2, 2.1893234198017247e-1,
        2.1286896240733249e-2, 4.0847216576102435e-2, 1.603496496043763e-3,
        1.0154598522683399e-1, 4.1527061268822663e-2, 9.38490411451324e-2,
        8.6860298043841353e-3, 1.7589124044045619e-2, 5.5235245122125529e-3,
        2.3858926942655598e-2, 4.0295334544771792e-2, 6.7878404311447066e-2,
        1.3953560718108263e-1, 8.0665857041666116e-3, 1.2344681228740494e-4
      ],
      [
        5.8942108840229206e-2, 3.4978801000933185e-1, 3.2300182354355017e-1,
        1.5814585424951613e-1, 2.9549468261353372e-2, 2.9181917342653707e-1,
        7.5522178512995794e-2, 1.1711666950889889e-1, 1.1166218108169191e-2,
        2.0804564927908714e-1, 3.9221011498043484e-1, 3.5971127550997589e-1,
        2.4587469948287544e-1, 1.6700273817492314e-1, 1.1500859863194643e-1,
        3.1539539811731915e-1, 2.232226502248206e-1, 2.883958599187324e-1,
        2.6736635027277561e-1, 4.0576539529889155e-1, 1.8632072767535954e-1
      ]
    ]
  }
}
