{
  "name": "Xiao-Gimbutas 30",
  "domain": "T2",
  "degree": 30,
  "test_tolerance": 9.94e-16,
  "data": {
    "d3_aa": [
      [
        1.7172990137104944e-4, 3.8019326684155179e-3, 2.8444336676874955e-3,
        7.7841287323308474e-3, 8.4655014532888896e-4, 7.3869118349142891e-3,
        1.0752850965432811e-2, 1.5596091325825796e-2, 1.2404959028146008e-2,
        1.491455076268576e-2, 2.7913181197407686e-3
      ],
      [
        3.3187249366446459e-3, 7.237240722467797e-2, 4.7157910242171974e-2,
        4.6803017365112543e-1, 1.268660467446775e-2, 1.2159150822272807e-1,
        1.8240956151745308e-1, 3.6228727935294985e-1, 4.3674324854846019e-1,
        2.7242804078392829e-1, 4.9731933900030856e-1
      ]
    ],
    "d3_ab": [
      [
        4.2147584639124344e-3, 5.924922745092015e-3, 5.944220184424487e-3,
        6.8771843875359258e-3, 4.0924989683471993e-3, 8.872654506017345e-3,
        7.5343229295464819e-3, 6.8040067561018743e-3, 1.2066965685421181e-3,
        1.9589485778932435e-3, 2.2744459009986784e-3, 5.36468484618631e-3,
        5.8700698030655267e-3, 1.1303023542937487e-2, 1.4316485269667591e-2,
        1.2926023450118297e-2, 6.2815965808916642e-3, 4.7019369941059671e-3,
        1.8305068761488277e-3, 3.8218805470950205e-3, 1.9198805574689177e-3,
        2.6425679231632513e-3, 3.3562171146640226e-4
      ],
      [
        4.7835123140772554e-2, 7.9659526931600624e-2, 5.7693401273874227e-2,
        7.7261437576884098e-2, 2.2758384295000066e-2, 1.238119787706746e-1,
        1.1588196723610056e-1, 6.6517444781881596e-2, 4.4387813770613597e-3,
        4.6635793926886248e-3, 4.7036817644770437e-3, 2.5182066703868706e-2,
        6.5776573824742862e-2, 1.2612409498498942e-1, 1.9487095092351842e-1,
        1.9100142457228309e-1, 2.7533406124549888e-2, 2.8063921981372968e-2,
        1.5902416268934703e-2, 2.7294230652095765e-2, 5.6912114454161023e-3,
        5.1623470166213209e-3, 5.3370866069449101e-4
      ],
      [
        2.5905388452106737e-1, 3.9157218829125634e-1, 3.5614028329623354e-1,
        2.8301249734958878e-1, 2.4161376245152441e-1, 2.5278124718793293e-1,
        1.8490610638391713e-1, 1.9370437715364014e-1, 7.6401248439387545e-2,
        2.0904808745268963e-1, 2.9854299405924267e-1, 3.3437904003403107e-1,
        1.2323080238069513e-1, 3.3851416242984572e-1, 3.5440360218068745e-1,
        2.6306829775780832e-1, 4.3456617396466962e-1, 1.6407098706987833e-1,
        4.2681999706080401e-2, 9.3959794652729869e-2, 1.3540885351993445e-1,
        3.9622151473965911e-1, 2.948404259767394e-2
      ]
    ]
  }
}
