{
  "name": "Xiao-Gimbutas 31",
  "domain": "T2",
  "degree": 31,
  "test_tolerance": 1.275e-15,
  "data": {
    "centroid": [[8.3431208138863722e-3]],
    "d3_aa": [
      [
        4.0439883965193652e-3, 8.8430826430883121e-3, 4.2237298511032311e-3,
        9.8686614502708331e-4, 1.1237003508013176e-2, 9.559195966728419e-3,
        3.2590866501857711e-3, 2.327660642056432e-3, 1.3739395196568263e-2,
        1.2359040509346901e-2, 3.444013792725811e-4, 1.0433977295780583e-2
      ],
      [
        4.8615246791305983e-1, 4.1958808086426047e-1, 7.9206796506698762e-2,
        1.7731349249714146e-2, 2.1843649679092814e-1, 1.7245078718388612e-1,
        5.1095180822381459e-2, 4.977486206264703e-1, 3.851684692456801e-1,
        2.9749149036799294e-1, 5.082809462727933e-3, 4.5034094173901817e-1
      ]
    ],
    "d3_ab": [
      [
        5.8062932483636679e-3, 1.2838516987696961e-3, 2.826514275927739e-3,
        5.0550904687225826e-4, 1.3026954489734517e-3, 1.0192579444341274e-2,
        7.8668704957381395e-3, 7.1208092414187926e-3, 4.9641144765076696e-3,
        5.4364374730135542e-3, 1.1525829400842614e-3, 4.1783326918215305e-3,
        6.3624230528668774e-3, 1.8127692882839109e-3, 6.6899592450456258e-3,
        3.6397134849474404e-3, 9.2937033769311794e-4, 1.2895586787984194e-2,
        8.4758977171366188e-3, 9.6222755316967227e-3, 1.1599669031385623e-2,
        3.666586704926846e-3, 4.4453379912524011e-3, 1.8212527841224724e-3
      ],
      [
        1.0666968086407752e-1, 3.2611556637283179e-3, 1.3139817840403651e-2,
        2.3442211286868928e-3, 1.9614003698950199e-3, 1.526365657752197e-1,
        1.1342527834750285e-1, 5.4521384444683116e-2, 6.0604929160772196e-2,
        3.7588952157517744e-2, 4.3863301700616539e-3, 1.7273414324937113e-2,
        6.2578022014310897e-2, 1.8407947031282925e-2, 4.2903208942771429e-2,
        1.3189083779015698e-2, 1.1968816307095984e-3, 2.1913276143017676e-1,
        8.1129891569330939e-2, 9.5278114482016785e-2, 1.4688870800211185e-1,
        2.7530630078587484e-2, 2.5875108219938159e-2, 5.797318684739837e-3
      ],
      [
        1.3909062847209461e-1, 1.9723313078965304e-1, 2.3852415098431001e-1,
        2.9750729385989955e-2, 3.9578393329688538e-1, 3.5168005877608099e-1,
        2.024821942617584e-1, 4.2255395522221506e-1, 1.2468050884744397e-1,
        2.5554623640285729e-1, 7.4503129935386311e-2, 4.1680727552365054e-1,
        1.9287172300619845e-1, 4.7347818939552463e-2, 3.4190500534752766e-1,
        3.2581395305750965e-1, 2.8942594875713729e-1, 2.9878979567601333e-1,
        2.7447574774279498e-1, 3.5322987389141558e-1, 2.6636788247507182e-1,
        9.604815210105111e-2, 1.6740782477835606e-1, 1.3067763377028832e-1
      ]
    ]
  }
}
