{
  "name": "Xiao-Gimbutas 32",
  "domain": "T2",
  "degree": 32,
  "test_tolerance": 1.39e-15,
  "data": {
    "centroid": [[1.3030070995762574e-2]],
    "d3_aa": [
      [
        5.3323902333416114e-5, 1.4146272476628391e-3, 5.5800151424132693e-3,
        8.3785907041262434e-3, 1.2661294560486029e-2, 1.288273317717536e-2,
        1.088046602693425e-2, 1.8592782531938899e-3, 8.0174105167307372e-4,
        3.9763485949253609e-3, 1.2535597725648882e-2, 6.6293991150591534e-3
      ],
      [
        1.4574454623700883e-3, 4.9865089357884734e-1, 4.8116811599583675e-1,
        4.5228575651160052e-1, 3.7632875804791899e-1, 2.8301827984957328e-1,
        4.1367978432541341e-1, 3.0269191040444454e-2, 1.2810196480112002e-2,
        6.2010649826264475e-2, 2.2927799692807005e-1, 1.0195882690026975e-1
      ]
    ],
    "d3_ab": [
      [
        8.3492191295379374e-3, 3.0406522577729983e-3, 5.2860436025324803e-3,
        2.4932699246690685e-3, 3.0205810567136265e-3, 3.6441755768761817e-3,
        7.4810896991601558e-3, 4.5681541355720142e-3, 1.6852036405342879e-3,
        8.209206646479306e-3, 4.4656768476199335e-3, 6.2028347215228423e-3,
        8.8889254315192682e-4, 1.4852293291851672e-3, 1.1127063455906366e-3,
        1.1973359102482775e-2, 5.8823160628198564e-3, 8.4487434719511239e-3,
        1.0211455916366078e-2, 2.4899591532165262e-3, 9.8885056550222818e-3,
        7.4091131429364935e-3, 1.9455932409830673e-3, 4.260836596500164e-3,
        1.0553743696176171e-3, 1.7008824774248794e-4
      ],
      [
        1.5886794122904668e-1, 1.4766442430854652e-2, 5.1431127240233049e-2,
        1.9559740364592387e-2, 1.2618566750157201e-2, 2.1062156675639213e-2,
        1.1754350925434794e-1, 2.9298850540485217e-2, 3.4428216522743543e-3,
        9.0370281144864228e-2, 5.0697635926740453e-2, 4.7944478915561778e-2,
        1.2766573802798487e-3, 4.2625634151115983e-3, 3.852511988719054e-3,
        2.019001486324766e-1, 6.7710393221269136e-2, 9.5572417110654492e-2,
        1.5037086457345822e-1, 2.4349850684587112e-2, 1.2938786736692337e-1,
        6.3227420456501204e-2, 5.2666330207657699e-3, 2.6158881979651039e-2,
        5.5547678704322397e-3, 6.2309802034506926e-4
      ],
      [
        2.0683168631590204e-1, 4.4676142653316703e-1, 2.3246620764637871e-1,
        1.1683492670695796e-1, 3.2824054584493401e-1, 2.5935093200312015e-1,
        1.6546399823734956e-1, 3.8246490738093725e-1, 3.9781707264672084e-1,
        3.2541746964669011e-1, 1.1333919148760309e-1, 3.1104163282764175e-1,
        2.9883713538891299e-1, 1.5211228094378379e-1, 8.866170503391152e-2,
        3.1915258059306056e-1, 1.6675569358213332e-1, 2.4213792401943282e-1,
        2.798617479978297e-1, 6.7398400207256653e-2, 3.7168796669342041e-1,
        4.0562814906588285e-1, 2.2198016573748106e-1, 1.7832568203786295e-1,
        4.2622190591409509e-2, 1.4344300379280379e-2
      ]
    ]
  }
}
