{
  "name": "Xiao-Gimbutas 33",
  "domain": "T2",
  "degree": 33,
  "test_tolerance": 8.435e-16,
  "data": {
    "d3_aa": [
      [
        3.2023640124142047e-3, 6.834679934468086e-3, 8.9341618081367393e-3,
        1.0410912372864208e-3, 9.7388572366853676e-3, 5.4643256840460341e-3,
        1.3813690630279038e-3, 1.2088739980916557e-2, 7.3774464967341887e-3,
        3.2093504439416193e-3, 9.9263761795441996e-3, 3.8623620299660408e-3,
        9.3337977696465752e-3, 2.9348273357801742e-4
      ],
      [
        8.6684239934569807e-2, 4.0942796080264338e-1, 3.7833353829624278e-1,
        4.9897971786005119e-1, 2.5966066800872123e-1, 4.7851197325638217e-1,
        2.3517443057913257e-2, 3.0602386176036067e-1, 1.4648905071664287e-1,
        5.4379203279496413e-2, 2.1819201586325399e-1, 4.9199134445655324e-1,
        4.5339996161780527e-1, 4.726660510568248e-3
      ]
    ],
    "d3_ab": [
      [
        5.0108234565748944e-3, 6.2666715145979551e-3, 5.10609230186331e-3,
        9.6392468588407786e-3, 2.421238038868494e-3, 7.6973467270549335e-3,
        2.9882446919490308e-3, 6.1988540259433596e-3, 3.3169972939130726e-3,
        3.7089296125892637e-3, 1.5426465184705627e-3, 6.6121724110684192e-3,
        1.3551781957506495e-3, 4.9036283435529128e-3, 9.157661571810074e-4,
        1.8218162644265221e-3, 9.2423799017096065e-3, 1.9606312336932137e-3,
        1.0209917786396494e-2, 5.463770437372153e-3, 2.0111020097847254e-3,
        4.2683347026344805e-3, 1.2878764088953662e-3, 6.599883327256772e-3,
        4.947432808808187e-3, 9.1814815579271004e-3, 6.440017743474315e-4
      ],
      [
        8.692863596328701e-2, 1.1409203532283131e-1, 9.1665331440051179e-2,
        2.1593939124341557e-1, 2.2390316286583528e-2, 9.924193788802825e-2,
        2.0443675144174833e-2, 5.8612118456650875e-2, 1.942491016557724e-2,
        5.0870192193764964e-2, 3.8062521288191394e-3, 9.3953710369589952e-2,
        3.6669776240121164e-3, 5.0425703506065823e-2, 4.112148280941209e-3,
        4.3366708649929175e-3, 1.4376417624054297e-1, 2.1865818028370832e-2,
        1.6830733134250231e-1, 4.8513979905208372e-2, 4.737239880932163e-3,
        2.2135213907368192e-2, 4.3933951094666602e-3, 5.5160205356247348e-2,
        2.4399888469638687e-2, 1.506349418291861e-1, 4.5023852882973611e-3
      ],
      [
        2.5815292878950674e-1, 2.8496240197208295e-1, 1.3406763384193415e-1,
        3.2691375020967162e-1, 1.0084571598277557e-1, 3.5523282540476397e-1,
        1.5840273419572479e-1, 4.0123974845805466e-1, 2.2732201316496659e-1,
        1.0400400013142704e-1, 2.5161901936303666e-1, 1.9467152737204627e-1,
        1.7563963145803313e-1, 1.6542250395062627e-1, 6.0482924090960281e-2,
        3.3210356535752328e-1, 3.7941321684563878e-1, 5.6568897248945656e-2,
        2.909849162693301e-1, 2.3684539448315153e-1, 4.1454915297644301e-1,
        3.0753618824094103e-1, 1.1092666443347039e-1, 3.188631220563678e-1,
        3.9536775910138278e-1, 2.1375783029735307e-1, 2.477937021754063e-2
      ]
    ]
  }
}
