{
  "name": "Xiao-Gimbutas 34",
  "domain": "T2",
  "degree": 34,
  "test_tolerance": 1.323e-15,
  "data": {
    "centroid": [[1.2100964930171139e-2]],
    "d3_aa": [
      [
        2.2989665688091104e-3, 1.0996805664631991e-3, 3.9973734536493484e-3,
        1.1740006591257596e-2, 1.1761207639413643e-2, 6.4842252138385291e-3,
        5.8334336795542322e-3, 3.7293709434181779e-3, 7.6873106859636922e-3,
        2.2696135677094365e-4, 1.081369931626964e-2, 1.0647444842488947e-2,
        7.6092616621810209e-4, 8.86093930015305e-3, 9.4001410371983667e-3
      ],
      [
        4.5982595154127337e-2, 2.083874751496867e-2, 7.5762174186790987e-2,
        3.7660198051754573e-1, 2.87355839822165e-1, 4.7441249890284559e-1,
        1.1117270128584578e-1, 4.9186496195768969e-1, 1.5088772276287304e-1,
        4.1579573923191115e-3, 2.4043491041381687e-1, 4.1551159674483717e-1,
        4.9954218266151179e-1, 4.4856426587870823e-1, 1.9438654357896623e-1
      ]
    ],
    "d3_ab": [
      [
        1.0168597236713147e-4, 6.5404796658750756e-4, 1.5198116582616401e-3,
        4.6696376839459285e-3, 2.9521156305621823e-3, 9.860930312904732e-3,
        1.7262732588417e-3, 5.0361825013339424e-3, 9.6578802294468129e-3,
        7.6119150208858828e-3, 1.1065863887599135e-2, 6.50383971264975e-3,
        4.8326872534850945e-3, 6.5935144677494477e-3, 8.2852665131006673e-3,
        1.3994293854030886e-3, 6.0952640324883484e-3, 3.1432061481592929e-3,
        2.2313317933533032e-3, 4.4357309734419613e-3, 3.4883273457438323e-3,
        7.3184587367011234e-4, 8.25079743075296e-3, 4.9796757319711855e-4,
        2.8058181373137297e-3, 5.7765057423475911e-4, 1.9626288054833394e-3,
        2.8734535460813441e-4
      ],
      [
        2.1096760270101926e-2, 3.3881121503900472e-3, 1.8208328799472383e-2,
        6.0510770643312235e-2, 3.5919891363577774e-2, 1.6406102867021261e-1,
        1.0683263523588418e-2, 3.11326803063737e-2, 1.331926232217058e-1,
        7.4297319237294185e-2, 2.0516649781476187e-1, 9.0219606125175475e-2,
        4.3915872904511412e-2, 6.8963829964601667e-2, 1.251817981428866e-1,
        4.6702985612832922e-3, 4.8925922503864391e-2, 2.4658249778207336e-2,
        5.9599432497442727e-3, 2.8518722842285384e-2, 1.556264330101549e-2,
        9.2571823393383451e-4, 9.928621161858539e-2, 3.9745058725184756e-3,
        1.3779639405368803e-2, 7.7213912032704328e-4, 5.4617908942934468e-3,
        4.7096910185453903e-6
      ],
      [
        3.8512625183828103e-1, 5.282006734549876e-2, 5.0898765283131607e-2,
        1.2912437207260852e-1, 8.7817902777524492e-2, 2.7355373802481919e-1,
        9.4477065632374166e-2, 4.1115223330360051e-1, 3.5944756949825529e-1,
        3.8841008533043708e-1, 3.2535504334205778e-1, 1.7478047948106842e-1,
        1.9416461814956329e-1, 2.4832787340457899e-1, 2.229920412612009e-1,
        1.4960442354895109e-1, 3.283914136921266e-1, 1.4238550032454281e-1,
        4.2384029972036885e-1, 2.676904193443056e-1, 3.4541137895290114e-1,
        3.5344951965766375e-1, 3.0333563947178915e-1, 2.1755560320183935e-2,
        2.0754686827352045e-1, 2.1356023951794784e-1, 2.7938643178222372e-1,
        9.6866922575547174e-2
      ]
    ]
  }
}
