{
  "name": "Xiao-Gimbutas 35",
  "domain": "T2",
  "degree": 35,
  "test_tolerance": 1.231e-15,
  "data": {
    "d3_aa": [
      [
        5.7479340296701792e-3, 2.2963680920994288e-3, 7.9953508418643075e-3,
        8.7901858933277927e-3, 8.3203666123256199e-3, 5.2751882851614909e-3,
        2.9682066390516004e-3, 7.6051825305363521e-3, 1.0131210327380782e-3,
        2.064835626598325e-3, 5.0036396155573289e-3, 6.7190798124173888e-3,
        9.1619089409372984e-3, 8.3719066370129581e-3, 2.4033373740484101e-4,
        6.2758434107056452e-4
      ],
      [
        3.0143516861731801e-1, 4.9164140398289069e-1, 3.5779313579859717e-1,
        2.6241396010934553e-1, 4.0281645058578186e-1, 4.7308896550066415e-1,
        6.2868049044065899e-2, 4.4159743375493038e-1, 1.9627159983470976e-2,
        4.0286868830193612e-2, 9.8526154668792498e-2, 1.395344629893075e-1,
        2.2153601050969213e-1, 1.8075032213529973e-1, 4.2772072684831297e-3,
        4.9991322248622511e-1
      ]
    ],
    "d3_ab": [
      [
        4.541993823753971e-4, 1.9717493309841694e-3, 7.8266630543935307e-4,
        1.2646931023971698e-3, 3.5572562609095105e-3, 1.8428326631755047e-3,
        1.3289799356541578e-3, 9.0234128551062182e-3, 8.6055044940838449e-3,
        3.6104679969938317e-3, 3.5235607672107951e-3, 1.3780765220063652e-3,
        6.9502958595185637e-4, 8.1297205980779882e-3, 5.4896563598667058e-3,
        8.235987322858249e-3, 2.7797735193625665e-3, 6.3317818814833948e-3,
        6.9457107199415828e-3, 5.5659411156860896e-3, 7.3376101567626745e-3,
        8.7114266235608639e-3, 2.7367494327220168e-3, 4.7016575809321805e-3,
        7.1750089599327124e-3, 4.7324697380048884e-4, 2.5346621113677796e-3,
        5.0701573000113955e-3, 4.0540720868840223e-3, 1.2544783872410158e-3
      ],
      [
        2.0682202154059417e-3, 8.9049941861278122e-3, 2.1159775630398667e-3,
        3.2612734291312486e-3, 4.5167894813128641e-2, 8.6060217057568264e-3,
        1.3974353251568355e-2, 1.8747133249989442e-1, 2.3272234407594844e-1,
        2.9001884614684514e-2, 5.3567482867753508e-2, 3.4961943491435225e-3,
        1.1760427968417562e-3, 1.1395392874414834e-1, 8.4938599511554996e-2,
        1.525651863472163e-1, 1.3618678109076623e-2, 5.6226387443552371e-2,
        8.1753489439688187e-2, 6.3642430189747357e-2, 1.1539422083607406e-1,
        1.4818711628331066e-1, 1.8597871061381391e-2, 3.2971019926946364e-2,
        8.5379551572953821e-2, 3.633055842933964e-3, 2.6020077662363951e-2,
        3.9456926156438109e-2, 1.9770717704408181e-2, 5.0286974156273853e-3
      ],
      [
        5.5045479691531639e-2, 4.4537646491529748e-1, 1.5238400252431525e-1,
        3.975166100282313e-1, 1.5607876940347609e-1, 1.9729567627655872e-1,
        5.0093836899926199e-2, 2.9885906301431908e-1, 3.3476334326533141e-1,
        2.0937282497637535e-1, 1.0656474486138344e-1, 3.2136262766954332e-1,
        2.4158702634798754e-1, 3.3315309972076484e-1, 1.5511655481330344e-1,
        3.7101415167746193e-1, 2.7088366180777207e-1, 3.5250674841546648e-1,
        4.0572013277819047e-1, 2.1894968101499834e-1, 2.0670924808556451e-1,
        2.566010878790923e-1, 1.3820629521124997e-1, 4.2581020858548102e-1,
        2.7972592695224019e-1, 2.2466683580211189e-2, 8.3862258524455432e-2,
        2.8480034641446828e-1, 3.5659410353657384e-1, 9.7424231115138038e-2
      ]
    ]
  }
}
