{
  "name": "Xiao-Gimbutas 36",
  "domain": "T2",
  "degree": 36,
  "test_tolerance": 1.208e-15,
  "data": {
    "d3_aa": [
      [
        7.6704945179086265e-3, 6.8762957093961479e-3, 8.0679977166382387e-3,
        6.1710606814515149e-3, 6.6612336212475394e-3, 8.0932250756890808e-3,
        1.5674237111508729e-3, 1.1008276161713619e-2, 5.4235489241325685e-3,
        1.0506346006817104e-2, 2.8959157634685651e-3
      ],
      [
        4.1235734031363036e-1, 4.390483832458435e-1, 2.3505232545821381e-1,
        1.5082173477989169e-1, 4.6427377763467004e-1, 1.9116136187730903e-1,
        2.9350049093427144e-2, 3.0814521899109332e-1, 1.1117826478838105e-1,
        3.8100234960344193e-1, 4.9448099674770041e-1
      ]
    ],
    "d3_ab": [
      [
        3.0616831670681795e-3, 4.9232719752900457e-3, 3.3237208433952322e-3,
        4.7427364930337536e-3, 4.1138012926497476e-3, 5.2353425228937834e-3,
        1.3033992845265022e-4, 5.2277042839383578e-3, 6.6311375415485313e-3,
        6.9523463971707378e-4, 6.9183724873925481e-3, 1.0177068493549158e-3,
        4.5309912970645343e-3, 2.3792804956385685e-3, 1.2168791097054404e-3,
        3.1130272403783084e-3, 6.4818533281312527e-4, 8.3451647460545623e-3,
        8.9038028492518084e-3, 4.7638139693882784e-3, 1.2331434914374482e-3,
        5.2810362353660758e-3, 7.2039581630509763e-3, 2.5500464663513038e-3,
        4.0931211574026585e-3, 4.4693917436126373e-3, 2.1012224230352473e-3,
        8.2208910731422014e-4, 1.0213345615529135e-2, 3.0402213548300955e-3,
        1.1096101536170603e-3, 2.6669011660034516e-3, 1.3356087640650201e-3,
        2.6617782389344211e-4, 2.8876869913215214e-3
      ],
      [
        3.2292263973769351e-2, 9.4140209804408126e-2, 6.4993672104240188e-2,
        7.3713664453418759e-2, 5.0064988146891913e-2, 6.589633847489465e-2,
        1.234118527763271e-3, 1.0569582732760982e-1, 1.2387167039555086e-1,
        2.8073976185661398e-3, 1.106897783260212e-1, 2.7564226137056546e-3,
        7.2051699096015873e-2, 1.4428611570684287e-2, 2.7425666974118679e-3,
        3.9024329842215912e-2, 7.4746634659333244e-3, 1.7557177860151918e-1,
        1.7122675885075286e-1, 3.4306143454093677e-2, 3.0296355118471065e-3,
        7.248695845564411e-2, 1.3381702334066392e-1, 1.7674220238250268e-2,
        4.2208217039582087e-2, 3.4416320396989601e-2, 1.7452990261020502e-2,
        1.2278348447230755e-3, 2.3626319006630858e-1, 1.5522928528731739e-2,
        3.8480457708450562e-3, 3.8072469323013079e-2, 1.2170254153940198e-2,
        8.5855904468394801e-4, 1.2335837810327228e-2
      ],
      [
        2.550023360754195e-1, 2.7112151360334003e-1, 9.2688604484875564e-2,
        3.2945437658455051e-1, 2.883788411304421e-1, 3.9217241640517386e-1,
        7.6222500155876177e-3, 1.7820793662797568e-1, 3.1024893145991361e-1,
        8.2915702133125185e-2, 3.7963867934694312e-1, 1.9806829211454335e-1,
        1.4794794532207303e-1, 2.2920276655346733e-1, 3.574738503443845e-1,
        1.2524967222943773e-1, 2.0980564600406239e-2, 2.6913161174400979e-1,
        3.4621987242189356e-1, 4.4238774265806852e-1, 2.7463388372265884e-1,
        2.2370128465514411e-1, 2.2647294751162977e-1, 1.6336196682937043e-1,
        1.9079127285437886e-1, 3.5816587063143068e-1, 9.938498920505219e-2,
        4.5023289789165238e-1, 3.0486029298667933e-1, 3.1358360627069515e-1,
        1.3480628826668289e-1, 6.5828192432819857e-2, 5.3192843919457743e-2,
        4.064796263595858e-2, 4.0644756721228487e-1
      ]
    ]
  }
}
