{
  "name": "Xiao-Gimbutas 37",
  "domain": "T2",
  "degree": 37,
  "test_tolerance": 1.038e-15,
  "data": {
    "d3_aa": [
      [
        1.5139897718580164e-3, 1.1046836690446155e-3, 7.5850923563705293e-3,
        5.2500601543287806e-3, 5.8808346792778325e-3, 8.6445565740853377e-3,
        8.775872521508154e-4, 3.5862336027496877e-3, 4.9992428284758228e-3,
        9.0788425055396537e-3, 1.4156781091945127e-3, 1.02066366491736e-2,
        1.7329533578085932e-4, 8.2906132570537278e-3
      ],
      [
        1.0230393215776046e-1, 3.5020235875468653e-2, 2.5924349045654965e-1,
        1.3944123587229285e-1, 4.6116845889081004e-1, 3.7915371795503783e-1,
        1.7341175363902617e-2, 7.798893018064279e-2, 4.7924493555692033e-1,
        4.120614054796895e-1, 4.9841057441395697e-1, 3.0912594868535059e-1,
        3.6715668219833852e-3, 1.8936426120019628e-1
      ]
    ],
    "d3_ab": [
      [
        2.099192097349475e-3, 1.922625172182079e-3, 4.8044301000187703e-4,
        3.032547460089493e-3, 7.3189063292417025e-3, 5.3883188429809858e-3,
        4.5692159189814853e-3, 5.7203599064584816e-3, 6.7120048490856747e-3,
        2.3170775093131492e-3, 3.0866926197053264e-4, 1.2047027694410608e-3,
        8.1637462521435937e-3, 4.364524028189912e-3, 5.4979655064731883e-4,
        5.2464381586921766e-3, 3.2584894563912944e-3, 4.7812349883803963e-3,
        1.6087719028868609e-3, 2.9825665052993326e-3, 6.0939488435528657e-3,
        7.087340746056648e-3, 3.1497526280811917e-3, 6.2518699531209634e-3,
        9.4930532254722949e-4, 4.0312520842928062e-3, 8.1722175482304028e-3,
        8.9586590287218434e-3, 2.4620987414923231e-3, 1.4212929213219289e-3,
        1.3051564959186818e-3, 1.4459095277887281e-3, 2.934595058079522e-3,
        1.1964590052698316e-3, 4.8735044199229348e-3
      ],
      [
        3.3829090682721302e-2, 3.3145989556188415e-2, 2.0334760761173284e-3,
        5.5510403162458838e-2, 2.3806084711702474e-1, 7.5270548937509812e-2,
        5.3620831629113096e-2, 9.1294767095042806e-2, 1.3511574907028462e-1,
        4.0770123756678663e-2, 2.9902778765639169e-3, 1.7250960453807519e-2,
        1.811164091955319e-1, 9.0130271848290061e-2, 4.0170970872312516e-3,
        8.0965320229254054e-2, 1.6881458510130766e-2, 4.1476678533636867e-2,
        1.3734586162212174e-2, 1.7918604330291809e-2, 1.2847139005679287e-1,
        1.3732115973159556e-1, 1.7441826494383823e-2, 8.6198170278100297e-2,
        3.4112678008346971e-3, 4.4555516711789499e-2, 1.2209754888456265e-1,
        1.9571037123642807e-1, 1.8311391979833981e-2, 3.26225803520382e-3,
        3.4754415073157104e-3, 3.5387900825818307e-3, 1.884493905575229e-2,
        3.6381021086963347e-3, 4.5753286961317405e-2
      ],
      [
        3.1602409649663993e-1, 1.0535941196028192e-1, 7.4981021784113824e-2,
        1.1948659338035521e-1, 3.1923516504598914e-1, 3.917882577236701e-1,
        3.1754340721419827e-1, 3.2676452459273175e-1, 3.187496668271802e-1,
        6.745787908138684e-2, 1.837944092108118e-2, 4.7656935862215956e-2,
        3.3572278703801006e-1, 1.3567160791611765e-1, 4.1769361435969793e-2,
        1.9126373743807623e-1, 4.4892032995664283e-1, 3.9708337913498848e-1,
        8.6226344062887178e-2, 2.8148795994228198e-1, 1.9237683474425932e-1,
        2.5179424751743318e-1, 3.6503479493632796e-1, 2.5715663555025348e-1,
        1.2418161193411102e-1, 1.7165072780936919e-1, 3.9772310919828557e-1,
        2.5789664566985648e-1, 1.441500744811936e-1, 4.1225956100179101e-1,
        2.5242846479143632e-1, 3.2936692748577451e-1, 2.0958148170051541e-1,
        1.8364016944623221e-1, 2.4169623246933752e-1
      ]
    ]
  }
}
