{
  "name": "Xiao-Gimbutas 38",
  "domain": "T2",
  "degree": 38,
  "test_tolerance": 9.819e-16,
  "data": {
    "d3_aa": [
      [
        3.1639644402839226e-3, 5.8616582191086432e-3, 3.9302169037011437e-3,
        6.9946976732960121e-4, 5.2024225110438608e-3, 1.2404666265310361e-4,
        2.506382216514487e-3, 1.7075502039157284e-3, 8.9856095188049889e-3,
        7.9377042751204562e-3, 7.7485531926674775e-3, 3.0358975545344332e-3,
        9.9759936103825664e-3
      ],
      [
        4.5907213603176455e-1, 3.9326800625536007e-1, 4.6818258920693567e-1,
        1.7504504046267577e-2, 1.4548011465286087e-1, 3.0471742663606416e-3,
        5.8736160112022207e-2, 3.7383557501746656e-2, 2.8550477829126408e-1,
        4.2033350177001422e-1, 2.07689421653863e-1, 4.9219627295531077e-1,
        3.5656559398302623e-1
      ]
    ],
    "d3_ab": [
      [
        2.4850052311426517e-3, 3.6964891607068283e-3, 3.4770439899369936e-4,
        2.0738268739407782e-3, 7.3710410900112502e-3, 3.1253981144398531e-3,
        9.0617621445205699e-4, 4.9956277697466925e-3, 9.2566819884991227e-4,
        8.2821664626929522e-3, 1.536842465807311e-3, 5.2227407388143734e-3,
        4.7183927884199093e-3, 3.6021170049528564e-3, 2.3702904673933516e-3,
        3.6104898333757969e-3, 6.5404545307455033e-3, 4.0792214803126023e-3,
        2.3256389181058354e-3, 1.005744022083263e-3, 1.1431617714117465e-3,
        1.1884613225082549e-3, 2.905218945210921e-3, 6.3267151975865722e-3,
        2.7256862207201203e-3, 4.5215915998051632e-3, 1.289174277429422e-3,
        8.1668391817278066e-4, 6.9477793235522209e-3, 7.0986179394903169e-3,
        7.6919203485779153e-3, 2.9252190187241049e-3, 6.0566969964857727e-3,
        3.3370563311883736e-4, 4.529468920948832e-3, 8.4025374143197728e-3,
        1.8109718524034122e-3, 2.9228566318282656e-4
      ],
      [
        5.2297113902011423e-2, 9.907976270184124e-2, 2.0644051493051863e-3,
        3.6730175649348329e-2, 2.2594582448778561e-1, 3.2701181990053757e-2,
        1.306950904433001e-2, 7.3717614571015888e-2, 2.7038822145435269e-3,
        2.1915826344602871e-1, 2.0722811881514033e-2, 1.0062172089207605e-1,
        6.9489817833509229e-2, 6.837735542251383e-2, 1.4320441363316477e-2,
        3.8967856742294249e-2, 1.4939646191794412e-1, 6.2228211818953272e-2,
        1.7619241470485981e-2, 3.9477276652124544e-3, 2.9311798861729097e-3,
        2.7779809824385621e-3, 3.4322185835850227e-2, 1.0872403934192486e-1,
        1.4949107908045418e-2, 3.7324077159263454e-2, 2.9632719316369511e-3,
        4.2029781607735078e-3, 1.1427418738045439e-1, 1.1288808531292147e-1,
        1.6019667789975583e-1, 1.5155128640289412e-2, 7.0042181500437867e-2,
        3.4429885015808e-3, 3.7667614478677294e-2, 1.6599842667671563e-1,
        1.2032531111165179e-2, 2.9822168152012927e-4
      ],
      [
        2.8376551470174072e-1, 1.2851656496969394e-1, 4.1307504142861433e-2,
        8.9271980053414468e-2, 3.3720529231798724e-1, 2.738513741241787e-1,
        3.9916262629419448e-2, 3.0810683275938433e-1, 2.1962471313843562e-1,
        2.7346460711428144e-1, 6.8683002855552677e-2, 1.8301359984017948e-1,
        2.287994832299253e-1, 1.0188271148693914e-1, 2.4356367339581708e-1,
        2.0588771651790119e-1, 2.0186950888760313e-1, 1.591160210105452e-1,
        1.7794763585559181e-1, 1.6203674794969208e-1, 2.918549838585246e-1,
        3.7187869174958915e-1, 1.3496937265246528e-1, 2.5245342990642194e-1,
        3.242351641083045e-1, 4.3741619064662568e-1, 4.5599880366120932e-1,
        7.5487285700568299e-2, 3.2605412665294664e-1, 4.011995885054882e-1,
        2.68760660341264e-1, 4.0601470257387717e-1, 3.8351034683434021e-1,
        1.6447064636943155e-2, 3.5429778616269475e-1, 3.4199517579831606e-1,
        1.1528889107927838e-1, 1.1652810181240254e-1
      ]
    ]
  }
}
