{
  "name": "Xiao-Gimbutas 39",
  "domain": "T2",
  "degree": 39,
  "test_tolerance": 1.157e-15,
  "data": {
    "d3_aa": [
      [
        3.8004729776006589e-3, 4.8090357401686067e-3, 8.0789945453473427e-3,
        8.384766818291706e-4, 3.7089356213761819e-3, 6.6860691168934769e-4,
        5.8035379196035618e-3, 7.6992066322762731e-3, 6.7765032180855111e-3,
        1.5920496320692569e-3, 7.125563834149271e-3, 8.7287285098107629e-3,
        3.707685368065304e-3, 1.7490778155333396e-4
      ],
      [
        4.7240948215055667e-1, 4.5750796867382426e-1, 3.5384729191688336e-1,
        4.99106149860299e-1, 1.1333165819636548e-1, 1.5778704722834491e-2,
        1.6400918476660575e-1, 4.0847156072913404e-1, 4.3654165510795662e-1,
        3.7032651339393818e-2, 2.1173174956518565e-1, 2.8695728845906865e-1,
        8.0676582882942716e-2, 3.6432199207301341e-3
      ]
    ],
    "d3_ab": [
      [
        7.8240303283956438e-4, 5.4259258789524601e-3, 6.4335649832209145e-3,
        7.6451063763166994e-4, 6.2594886810263877e-3, 2.1620874068945467e-3,
        6.9085397832228002e-4, 4.3810960857082167e-3, 4.8977390707915227e-3,
        4.4309896508940546e-3, 4.6998784286279424e-3, 5.6949471589668723e-3,
        3.7232299887488261e-3, 2.2711066220262453e-3, 9.5018565514783842e-4,
        7.4331006305705513e-3, 6.1864305337418829e-3, 3.8374222817438536e-3,
        1.8958729657530739e-3, 2.3158771686323542e-3, 4.8827076220379711e-4,
        3.9332470075348945e-3, 3.7369831874342805e-3, 3.5306268703355612e-3,
        4.8733014906139011e-3, 6.0696924219260711e-3, 1.1017635807508402e-3,
        7.3091828155223007e-3, 1.1736195277390054e-3, 2.827746420410207e-3,
        2.8118195580629154e-3, 4.3776217728844005e-3, 5.7797851749689308e-3,
        3.3216883150330844e-3, 3.2342143857673342e-4, 1.5599585117589141e-3,
        8.6845965730168349e-4, 2.751678256596527e-3, 2.050586244313249e-3,
        7.8415012564603346e-4
      ],
      [
        4.3744824382612553e-3, 2.3143707588900053e-1, 2.3609944743651984e-1,
        2.66233974789171e-3, 2.0743961193494545e-1, 1.1909152476788644e-2,
        2.1569623388998952e-3, 1.072574937516458e-1, 1.124383932914825e-1,
        1.1409032499671964e-1, 6.1944841916062442e-2, 1.2196288322528458e-1,
        3.8644796347540228e-2, 1.7233971768566555e-2, 1.4562370303059201e-2,
        1.5416110999734944e-1, 1.0114013067894877e-1, 7.3285816648122171e-2,
        1.3517463397214612e-2, 4.3148646381222164e-2, 2.8483388383531739e-3,
        4.0397454196981354e-2, 3.1002548343527656e-2, 3.928546390008069e-2,
        7.1564132049667661e-2, 1.5439459178077458e-1, 2.7734733727750485e-3,
        1.7184586903524299e-1, 3.2524102580493075e-3, 1.6081199477227644e-2,
        4.3659198704887534e-2, 6.8295692361052762e-2, 7.4722503110879801e-2,
        3.6155374364333928e-2, 2.8330906992411757e-3, 1.7949883530718767e-2,
        3.1925398705718051e-3, 1.6292457419014725e-2, 1.7915399181348712e-2,
        3.5672493041341751e-3
      ],
      [
        2.38275208584557e-1, 2.6627272279608105e-1, 3.5068273415715834e-1,
        2.7780891771928401e-1, 3.2120348268261684e-1, 4.5742421685298207e-1,
        1.910383428521846e-1, 2.0635194073283633e-1, 2.6123838278747191e-1,
        1.5938889962312031e-1, 3.9886951322406689e-1, 3.1227257927336088e-1,
        3.6443626235847637e-1, 2.3056483424044316e-1, 3.9268283381893962e-2,
        3.5825773354772272e-1, 3.8050788254831253e-1, 1.3188657558660893e-1,
        1.7263025506888602e-1, 7.077563589000857e-2, 4.738247312046992e-2,
        2.9719324829574489e-1, 4.4376523995359829e-1, 2.2985489024982292e-1,
        2.5152542713890713e-1, 2.206287919327525e-1, 4.1640318204681775e-1,
        2.7803724358402754e-1, 3.4207583221450849e-1, 3.7665152274202429e-1,
        1.1229791674123557e-1, 1.8614115584177374e-1, 3.2170339827518712e-1,
        1.6601268517886675e-1, 1.9357695235428476e-2, 7.199040922512541e-2,
        1.3333271687989787e-1, 2.9944552917299389e-1, 1.171078851891533e-1,
        8.536760165626546e-2
      ]
    ]
  }
}
