{
  "name": "Xiao-Gimbutas 40",
  "domain": "T2",
  "degree": 40,
  "test_tolerance": 1.374e-15,
  "data": {
    "centroid": [[8.7854844528631147e-3]],
    "d3_aa": [
      [
        6.2560661967485148e-4, 8.5945289589868124e-3, 8.5993323415620038e-3,
        8.039135599321446e-3, 7.2118235949088722e-3, 1.2296388513332562e-4,
        8.0668049674519106e-3, 4.6789762284529168e-3, 2.7172985719247753e-3,
        6.2399420305303465e-3, 3.8909093796049578e-3, 3.0289691062772659e-3,
        1.205028062255519e-3, 7.2248857349588962e-3, 5.1363917261404391e-3,
        6.084453875495271e-3
      ],
      [
        1.5703745363793209e-2, 2.9388996289744307e-1, 3.7010286842374163e-1,
        2.5269631485220678e-1, 2.1057712951480428e-1, 3.0575106285420373e-3,
        4.0329222227426281e-1, 4.7675164680029286e-1, 6.485624515970273e-2,
        1.6889637978296196e-1, 9.629803415915783e-2, 4.9070156913020396e-1,
        4.9846457923659759e-1, 4.3227197760680636e-1, 1.3024160699020926e-1,
        4.5687173715432278e-1
      ]
    ],
    "d3_ab": [
      [
        3.7755236785356989e-4, 1.5516849698550359e-3, 8.6441456074659421e-4,
        9.9718493187316731e-4, 4.0907703129804699e-4, 2.0436671600844308e-3,
        4.1264433262762265e-4, 1.9146967543968343e-3, 1.1640031359899424e-3,
        2.9186737106523752e-3, 1.9423381723223563e-3, 2.0437160642329849e-3,
        4.5617885843488953e-4, 1.1181526506985234e-3, 3.0364724116123745e-3,
        1.9401856791114054e-3, 1.9149234843929559e-3, 8.2321340562275837e-3,
        7.5395204858701983e-3, 1.8551746248726807e-3, 4.4048213741680661e-3,
        3.8072050061858983e-3, 9.6944457905454083e-4, 4.2240803334807802e-3,
        6.6193255529404275e-3, 1.0014072888268372e-3, 7.5563110745214997e-3,
        5.2987050439936186e-3, 5.5546897961284243e-3, 4.5059845609494486e-3,
        3.1131351389202919e-3, 4.3898382162026904e-3, 3.2385523720829205e-3,
        6.5742981116095299e-3, 4.6193758037465474e-4, 5.620329862269631e-3,
        1.2327695569297403e-3, 4.490102381961469e-4, 5.6881832653567421e-3,
        6.7479088961222558e-3, 2.7856062504863364e-4
      ],
      [
        1.527949049013241e-3, 1.4971822472141077e-2, 6.8042587991277784e-3,
        3.5313974701554597e-2, 1.5839864476046557e-3, 2.1516672084481804e-2,
        2.0252616925631197e-3, 1.5361203749086862e-2, 1.0165943947914979e-2,
        3.0013853783829259e-2, 1.8970042640021553e-2, 2.6740784222126956e-2,
        8.5381869353752201e-4, 1.225847004398173e-2, 3.7170047113497001e-2,
        3.2194200663470438e-2, 8.9321527113154376e-3, 2.2404521522749965e-1,
        1.8762621699067558e-1, 9.7585213238681103e-3, 5.8706290621673575e-2,
        3.0741999686160249e-2, 3.2567536371101657e-3, 4.5187622960489116e-2,
        1.5081851022405671e-1, 1.6673674037479866e-2, 1.6210524214554395e-1,
        6.4525860099930332e-2, 1.1437969546856908e-1, 6.9571995852782051e-2,
        5.6034359700542581e-2, 8.158966578416707e-2, 4.462927377122472e-2,
        1.0879187659921734e-1, 3.2061485845241858e-3, 8.2976548058919117e-2,
        3.5207350099882469e-3, 5.982947286367773e-4, 9.9683719460199452e-2,
        1.3082391437504864e-1, 2.9955877400127404e-3
      ],
      [
        1.6717783835571046e-1, 3.7147809944523746e-1, 1.5902388471237364e-1,
        4.621793292826655e-2, 1.1486516738008065e-1, 3.3424600818471445e-1,
        7.2371164948390021e-2, 2.2368424666478873e-1, 1.1112901699058494e-1,
        2.7644454180779088e-1, 1.6926335546567578e-1, 1.1965095524875832e-1,
        2.8301909712926865e-1, 7.0404550151146772e-2, 2.164720987514121e-1,
        7.6926881563259053e-2, 4.2922273203855127e-1, 3.2514792488520489e-1,
        2.7827271028693634e-1, 2.8521025351871004e-1, 2.7272563182983106e-1,
        4.1546959477123946e-1, 2.2057744653370912e-1, 3.4288562039435877e-1,
        2.3150386061168032e-1, 3.8101712964918218e-2, 3.5289110851016769e-1,
        4.0007606991958106e-1, 1.8778434154653761e-1, 2.0737693769034116e-1,
        1.0780383022637548e-1, 1.479014660731261e-1, 1.6004266841135878e-1,
        3.7787666968877209e-1, 3.9223369664808432e-2, 3.2430444507713818e-1,
        3.509848476225047e-1, 4.2087082762569367e-1, 2.526560385602647e-1,
        3.0167033356052753e-1, 1.6061387966790741e-2
      ]
    ]
  }
}
