{
  "name": "Xiao-Gimbutas 41",
  "domain": "T2",
  "degree": 41,
  "test_tolerance": 1.508e-15,
  "data": {
    "d3_aa": [
      [
        5.2209323125515956e-5, 6.4432696708827042e-3, 5.6462037725046148e-3,
        2.9751068247423746e-3, 4.2449557771111947e-3, 5.0362517089763874e-3,
        6.0101004771622411e-3, 6.0772289969773649e-3, 6.7671402084224742e-3,
        1.0236399703004338e-3, 7.2301097329516987e-3, 5.1338703252384469e-3,
        3.9695690393596128e-3
      ],
      [
        1.8100550930817971e-3, 3.1460775138387786e-1, 3.7183245783943586e-1,
        4.818489601758344e-1, 1.4228199830842087e-1, 1.7463361486634177e-1,
        4.2519807841513996e-1, 2.0997737233791786e-1, 2.6273997362534279e-1,
        4.9860363923111434e-1, 3.9956652552697031e-1, 4.6676105778551497e-1,
        1.0309548557603065e-1
      ]
    ],
    "d3_ab": [
      [
        9.4663399645289958e-4, 1.0778383293870836e-3, 5.5355140630463956e-4,
        3.7447209152799686e-3, 4.0737392096223584e-3, 1.7887545706646276e-3,
        1.0314247381434699e-3, 2.5322072683270649e-3, 2.2524785579246366e-3,
        2.8183750846594047e-4, 6.109373069648219e-3, 3.3089712153023549e-3,
        7.5034037410059843e-4, 6.2236592332095752e-3, 4.9042087101432955e-4,
        5.890644265704236e-3, 6.2381201191140066e-3, 5.8891818812813353e-4,
        2.3905156180476902e-4, 2.3381337598691204e-3, 1.0454329707756073e-3,
        5.9901891203095583e-3, 2.2882495872612527e-3, 3.6104870565558441e-3,
        7.0586578085501646e-3, 4.3785525737027571e-3, 1.0171383589503084e-3,
        3.4554845247204602e-3, 1.6626192415771935e-3, 3.3511706532686988e-3,
        2.38656465053289e-3, 4.1753789931688427e-3, 3.8711214885426368e-3,
        2.1923391960438953e-3, 9.1273233652152091e-4, 8.0283465261535075e-4,
        9.793596015786239e-4, 5.9550867608880766e-3, 6.7525153387175399e-3,
        4.9326746082458926e-3, 1.9995171236440127e-3, 2.8581698928275127e-3,
        3.2573829494494211e-3, 5.8722816583725267e-3, 5.0950784475005248e-3
      ],
      [
        2.6772802208715533e-2, 2.1467386112313025e-2, 1.1985111242754809e-2,
        9.6411202624268957e-2, 1.2797822284643273e-1, 4.2399106611156138e-2,
        1.1686997401174685e-2, 6.3241532938583159e-2, 1.4840944840779529e-2,
        1.8400396156130715e-3, 2.5805711373987156e-1, 3.621922543401862e-2,
        1.054396604436642e-2, 1.510268874995655e-1, 2.4820609017323627e-3,
        1.5495776702196282e-1, 1.5196155366509881e-1, 2.3775457303721534e-3,
        3.0492380858381739e-3, 1.5075465750524288e-2, 2.8845541075684846e-3,
        1.0476513772584563e-1, 1.4831767575572176e-2, 3.6745193564627146e-2,
        2.0283297705625419e-1, 6.5589317689696683e-2, 2.8334078818125371e-3,
        3.6052515766674405e-2, 1.4156197127127497e-2, 6.3772809672132766e-2,
        3.3553439545873115e-2, 9.9579044603542763e-2, 6.4649152025039347e-2,
        1.4898726870807986e-2, 2.8544472780138563e-3, 2.8307718211817694e-3,
        2.8359467965889621e-3, 1.0563268627817786e-1, 2.0540889578274668e-1,
        6.7478631067926301e-2, 1.4933107362951566e-2, 3.5385293405442657e-2,
        3.6251995833857714e-2, 1.0659969697303734e-1, 6.6569707653674592e-2
      ],
      [
        3.9379301922023761e-2, 7.0874972726685914e-2, 2.276765890995236e-2,
        2.1270265851909798e-1, 1.970799949415202e-1, 6.3913041436000712e-2,
        9.1625463275757685e-2, 8.8917540355738012e-2, 4.5923055890369902e-1,
        3.3884382234843857e-2, 3.2007521040661546e-1, 4.2206849253188894e-1,
        4.7876441072928405e-2, 3.6179902270607628e-1, 6.8456943092220973e-2,
        2.3628847259645602e-1, 2.9789541898504962e-1, 1.1255725152392178e-1,
        1.2065862971307604e-2, 3.906530970863169e-1, 4.2741072737397018e-1,
        4.118455220977198e-1, 3.2222119451684367e-1, 3.545249016308813e-1,
        3.3202761729877972e-1, 2.5302973908477228e-1, 3.5703990489450971e-1,
        2.870606892116554e-1, 1.3613135163113607e-1, 1.3222412566177502e-1,
        1.0792421983955235e-1, 1.5288690214138659e-1, 1.8810177192960667e-1,
        2.5498242915088792e-1, 2.230780804812777e-1, 1.6405073602103254e-1,
        2.8815111741898858e-1, 3.4095778887406153e-1, 2.682934480692839e-1,
        3.1940900352832469e-1, 1.9229546518595228e-1, 1.6041405340292361e-1,
        2.2125349898042174e-1, 2.7119422406881355e-1, 3.9232341129977044e-1
      ]
    ]
  }
}
