{
  "name": "Xiao-Gimbutas 42",
  "domain": "T2",
  "degree": 42,
  "test_tolerance": 1.383e-15,
  "data": {
    "d3_aa": [
      [
        3.5464400159771672e-3, 3.471953543656209e-5, 1.0141696428327357e-3,
        2.8441859570122389e-3, 1.8709815380228796e-3, 1.3326250004079803e-3,
        2.1926816815858842e-3, 9.5240595565468118e-4, 4.3598500418924662e-3,
        4.5325322550327507e-3, 3.6960706615538764e-3, 8.0973376090283898e-3,
        7.2906010527867713e-3, 6.055526782025371e-3, 6.7589446392297666e-3,
        7.9220445765913125e-3
      ],
      [
        4.023719251097933e-1, 1.3653925759543051e-3, 4.9753172962520537e-1,
        4.7990029575441912e-1, 6.6466329055783757e-2, 4.3236389387746266e-2,
        4.9030501420164668e-1, 2.6998822628373165e-2, 1.3850480691032291e-1,
        4.6701320735576396e-1, 1.0658042585885896e-1, 3.1173539107258741e-1,
        2.4486057586888182e-1, 1.7483514581119081e-1, 4.2756933415019038e-1,
        3.7427015667844771e-1
      ]
    ],
    "d3_ab": [
      [
        5.3273169434053238e-4, 4.3907702716982391e-4, 1.0370250465354266e-3,
        5.5955195022804386e-4, 2.537920506464772e-3, 4.0581577981139575e-3,
        2.266425752074913e-4, 6.8185334314149651e-4, 1.8709306861560231e-4,
        1.6866296698237321e-3, 1.9025497964578995e-3, 7.7336702529978056e-4,
        3.1723878909002395e-3, 2.1685247098617417e-3, 4.0741174736407138e-3,
        3.3720890143961496e-3, 3.3374654153493014e-3, 7.443004607122272e-4,
        1.7490056575092856e-3, 1.9031683954380265e-3, 3.9581444907565927e-3,
        2.1633300119175088e-3, 6.2667413965418204e-3, 2.4314709447528088e-3,
        2.8265780976024549e-3, 6.4753562254832803e-3, 4.2484824512541864e-3,
        2.9100859090622536e-3, 1.7543943309314069e-3, 5.3278143635325783e-3,
        7.1173551505338006e-4, 1.5685196181434368e-3, 6.9096837033853324e-3,
        6.0776688933841599e-4, 5.8599060505518004e-3, 7.7651860406296866e-3,
        1.3100408329861123e-3, 1.0570972491722702e-3, 4.0411976507506008e-3,
        5.2424789134593818e-4, 5.2048680063201081e-3, 3.0333113262698721e-3,
        4.8685523603978677e-3, 6.6028726180889646e-3, 5.6531366883124032e-3,
        6.1919290123439363e-3
      ],
      [
        1.5704256014629058e-3, 9.614669120710146e-3, 2.190355861562935e-2,
        1.4935512902909862e-3, 5.5441499674364521e-2, 1.1869356942139495e-1,
        1.3930572171861552e-3, 1.0299475181841407e-2, 2.5847099922881827e-3,
        3.9474312716157631e-2, 1.2293838524552524e-2, 2.5898092478456865e-3,
        3.7556388872296856e-2, 1.7094546720707333e-2, 8.5758316294315851e-2,
        5.7985644964114375e-2, 3.3848172882990302e-2, 2.5266913852086473e-3,
        1.0656542115527634e-2, 1.3429673242258525e-2, 8.8341778293265033e-2,
        3.2922118211160797e-2, 1.9480076077732764e-1, 3.146101596189179e-2,
        6.7368310164525852e-2, 1.865652441999727e-1, 6.3883483412395331e-2,
        3.2571221794949853e-2, 1.3273482756157791e-2, 1.3623377550912802e-1,
        2.6153775338892205e-3, 1.3481211205156801e-2, 1.9188410435220618e-1,
        2.5472816321698353e-3, 1.0103729435575964e-1, 2.4975074116528867e-1,
        1.3712625288558027e-2, 3.3445954334026464e-3, 5.5674630430605186e-2,
        2.8037585935402655e-3, 9.6350500077239803e-2, 2.9199106600435985e-2,
        6.3574550662169146e-2, 1.4392858006554379e-1, 9.9208699753299753e-2,
        1.4038892142146284e-1
      ],
      [
        3.3055385368435314e-1, 2.0431365732606586e-2, 5.7198306193975687e-2,
        4.5327097163794561e-1, 1.4073247390672033e-1, 1.8378863030194104e-1,
        3.2112152486877835e-2, 4.2964072200676148e-2, 1.0524842730074884e-2,
        7.5379028562970296e-2, 4.3633336208995599e-1, 2.7049074651497695e-1,
        3.5081364338109738e-1, 3.7276551197429214e-1, 2.1710735226334155e-1,
        1.9275636500900584e-1, 4.2068503068641627e-1, 2.1248518543709105e-1,
        3.1925720872918739e-1, 2.5163823551257258e-1, 1.5221198145680936e-1,
        1.1114209479403328e-1, 3.5815005885125029e-1, 1.6379985695615007e-1,
        1.0211277333667433e-1, 2.3355570301935163e-1, 3.2141646283171132e-1,
        2.2333618489571255e-1, 1.9058811894632027e-1, 2.2735584024547953e-1,
        1.5676792278716004e-1, 1.340333349867785e-1, 2.9572117574545365e-1,
        1.0671927181300037e-1, 4.1256641948391659e-1, 3.0785198299288608e-1,
        8.7020548699696651e-2, 3.8942833168121971e-1, 2.61293970314177e-1,
        6.4975533109811884e-2, 2.7195000609813103e-1, 2.930903642725462e-1,
        3.9466482658781926e-1, 3.5685221819298285e-1, 3.4136135163887632e-1,
        2.8951294107951459e-1
      ]
    ]
  }
}
