{
  "name": "Xiao-Gimbutas 43",
  "domain": "T2",
  "degree": 43,
  "test_tolerance": 1.581e-15,
  "data": {
    "d3_aa": [
      [
        3.0799655691816324e-3, 2.4873482202464833e-3, 6.0861572218077998e-4,
        5.8780823337591555e-3, 6.8684889665149539e-3, 1.6143072439157536e-3,
        1.0836224292710484e-3, 2.7166050682951768e-3, 2.0243293045496534e-3,
        4.2454319210643238e-3, 4.721021055792069e-4, 8.5732576679882204e-5,
        5.3352753423961882e-3, 6.9496808690565791e-3, 5.332805420401013e-3,
        3.290706145853996e-3, 7.3142091431203397e-3
      ],
      [
        4.1178017085993385e-1, 4.7557586709913147e-1, 4.9917983673447797e-1,
        2.9624798816886988e-1, 3.5318880488700077e-1, 4.9510598080276991e-1,
        3.2909815960534716e-2, 4.8656375113068839e-1, 6.2715048389761829e-2,
        1.4474355977022157e-1, 1.3364620608261768e-2, 2.564941370020335e-3,
        1.8777224277857851e-1, 3.8256430878693554e-1, 4.5289226084595102e-1,
        9.2867046214048066e-2, 2.5248493264909083e-1
      ]
    ],
    "d3_ab": [
      [
        3.9126383408175681e-3, 2.65755977207712e-3, 1.0403858576163627e-3,
        3.8688222455241623e-3, 5.4360079215850588e-3, 5.1330210770134501e-3,
        2.7248852604064809e-3, 3.0819278277026026e-3, 2.1960146608965103e-3,
        2.7071716291894687e-3, 1.7732505663029987e-3, 2.1194095320855992e-3,
        1.382265827399652e-3, 8.2877960227598091e-4, 5.7609299703683114e-3,
        4.8664065357893429e-4, 6.0611706044966553e-3, 3.9591603530013189e-3,
        1.9515305614847018e-3, 3.1758640195785003e-3, 4.1776897840248035e-4,
        2.8037985130037503e-3, 3.0743230012411995e-4, 7.5804787451567816e-4,
        1.628560187191418e-3, 1.0015815151316954e-3, 1.8970350922109701e-4,
        3.9225937188264301e-3, 7.3526444907111332e-4, 2.6277500982665879e-3,
        1.8416339190279124e-3, 5.9250327726737594e-3, 6.1233884081429029e-4,
        3.8249634484788576e-3, 4.1283032222062558e-3, 6.6920320417412291e-3,
        2.0472829473929801e-3, 8.7801567916509071e-4, 1.5777851185458779e-3,
        6.3074359109884064e-3, 4.2726398210531672e-3, 9.698373462392599e-4,
        7.3801827045786282e-4, 5.2618813601275176e-3, 5.300271974998251e-3,
        2.4558010102791695e-3, 5.0556103951576838e-3, 4.4341909691302103e-3
      ],
      [
        1.4545379538783254e-1, 3.2415474841778535e-2, 1.2412908224438374e-2,
        1.3785811789149302e-1, 1.3533613115359616e-1, 1.4352679189247661e-1,
        3.5451591596514155e-2, 3.5418533131322157e-2, 5.5793868125798125e-2,
        6.3976234789808614e-2, 3.0262579741771101e-2, 1.4637616358968514e-2,
        1.3605250929398497e-2, 2.4760406221922713e-3, 1.4292597337792937e-1,
        2.4207777457972601e-3, 1.9515033998951331e-1, 6.4055101821656996e-2,
        1.3187611232483222e-2, 6.1873082107012631e-2, 2.6124723427688257e-3,
        3.4190403560094958e-2, 2.6508313305474446e-3, 2.5915690897239984e-3,
        1.4273346490980731e-2, 1.3856407685434544e-2, 2.4938262659978598e-3,
        1.004409310583719e-1, 1.3697442352723677e-2, 3.4143195889544016e-2,
        1.380462529464126e-2, 1.8649721429955504e-1, 2.5417593646837669e-3,
        6.3034933704680954e-2, 6.387691257936598e-2, 2.4195284517547505e-1,
        1.4599271258976344e-2, 2.8181145969260863e-3, 3.4134499559379729e-2,
        1.9335547727641825e-1, 9.7362969750150838e-2, 2.7883024051114256e-3,
        2.7559624464837187e-3, 9.7827107158867721e-2, 9.9573685636870926e-2,
        3.4114351666264864e-2, 1.0049744327292839e-1, 6.1673803696551663e-2
      ],
      [
        2.2973943652724926e-1, 3.6055807608878382e-1, 9.5917227666943675e-2,
        1.8980151011108848e-1, 4.010584512926052e-1, 2.7758253227610213e-1,
        3.0611837669033504e-1, 4.1828917017342476e-1, 9.6509924335752395e-2,
        1.3283974111052921e-1, 9.6964329798066323e-2, 4.2875375369101293e-1,
        1.3685344532608304e-1, 3.6356190909925284e-1, 3.3614357232761977e-1,
        9.4098853449900335e-2, 2.4271058666990056e-1, 4.2523844283105766e-1,
        3.6427812697418732e-1, 1.7766372648963649e-1, 5.8845647949205056e-2,
        2.5009960190982927e-1, 3.197258653653462e-2, 2.4172396135767904e-1,
        1.8440470743920181e-1, 6.1256389015271952e-2, 1.3257141692271854e-2,
        1.3797314008145523e-1, 3.3205679927311306e-2, 1.9446619678110647e-1,
        2.3948263508520454e-1, 3.6455422777634083e-1, 1.3735640236619981e-1,
        2.3223203731889042e-1, 2.9266139507224687e-1, 3.1764811639815682e-1,
        3.0030159661577832e-1, 3.0056135371681098e-1, 6.0523979398731234e-2,
        3.0078591923388942e-1, 1.8955070397768523e-1, 4.3013990336214891e-1,
        1.8701857221766469e-1, 3.791895225090075e-1, 3.1296697698215925e-1,
        1.4180448701728898e-1, 2.481814600155885e-1, 3.5879783540799876e-1
      ]
    ]
  }
}
