{
  "name": "Xiao-Gimbutas 44",
  "domain": "T2",
  "degree": 44,
  "test_tolerance": 1.252e-15,
  "data": {
    "d3_aa": [
      [
        4.4304090914147468e-5, 1.122977382823715e-3, 1.7451515655329448e-3,
        2.7296527164899311e-3, 1.2045060134119232e-3, 2.3657933107792475e-3,
        3.5111942683412108e-3, 2.9434680471957715e-3, 6.7232428984730884e-3,
        4.9798588125189161e-3, 4.9208372452467638e-3, 5.0214750285975966e-3,
        4.4465932407613089e-3, 4.6466127645843998e-3, 6.4254720501743219e-3,
        6.2655878836268249e-3
      ],
      [
        1.7123075799639897e-3, 2.916735146530075e-2, 4.9549987912302584e-2,
        4.8772398058315336e-1, 4.9606180446547493e-1, 7.6596115605173931e-2,
        4.7595184605277124e-1, 1.0909554195723781e-1, 2.3124700369384105e-1,
        1.9590819822365063e-1, 4.2232180820715137e-1, 4.5488174995950592e-1,
        1.4390011954042098e-1, 4.0234044785473538e-1, 2.9429576569083399e-1,
        3.5161578879576899e-1
      ]
    ],
    "d3_ab": [
      [
        4.119756464369577e-4, 2.7324084600368188e-4, 5.3932844392989669e-4,
        6.7097897058203827e-4, 2.259315361139398e-4, 3.2206630941833744e-4,
        9.6776730279513263e-4, 1.3466648921817606e-3, 1.3375082839812346e-3,
        1.209428036688231e-3, 5.9737614176188245e-4, 1.4682010637335696e-3,
        8.0105448520124067e-4, 1.8556704233773256e-4, 7.2142202642612246e-4,
        1.5321667240474279e-3, 1.5090266204282939e-3, 3.4017224729490144e-3,
        1.035988163806385e-3, 2.3774876927798601e-3, 3.3953912341846749e-3,
        2.7040883824818187e-3, 2.0170033902912874e-3, 2.7918811324257682e-3,
        4.3004588657304934e-3, 4.9838565291937574e-3, 4.6532962756669861e-3,
        4.1278760422565021e-3, 2.0578217623524906e-3, 3.8938204584288093e-3,
        2.7707613965555406e-3, 2.4801439985067618e-3, 8.6290218083354727e-4,
        3.2093317757429487e-4, 4.9810086106174354e-3, 5.019577918081523e-3,
        2.7692328182935266e-3, 3.7015806596788271e-3, 5.075037459161995e-3,
        4.2676766915481805e-3, 1.7292273039881342e-3, 3.2247399122439491e-3,
        5.2879477129618964e-3, 4.0195842863650702e-3, 6.0608332073000476e-3,
        5.799137058563282e-3, 6.3931475211100415e-3, 5.6546750089884303e-3,
        5.3110494168999703e-3, 1.9732304214758987e-3, 3.555479471566939e-3
      ],
      [
        1.075671955668429e-2, 7.805858998619331e-4, 1.9383329127905897e-3,
        1.7861424805254099e-3, 1.7542251710527545e-3, 5.1729425966006977e-4,
        7.5458709257061078e-3, 1.1492546452805277e-2, 2.4262967721104523e-2,
        9.7976933024596369e-3, 1.899150828208336e-3, 7.6746798561443431e-3,
        2.7072043077685909e-3, 2.7063965571698925e-3, 1.0462734029639483e-2,
        2.1512860284919878e-2, 2.2824535634951962e-2, 1.0008853030478999e-1,
        3.1595695366355065e-3, 4.3567575280835151e-2, 6.2815376245839535e-2,
        3.4691186616931144e-2, 1.5952135768031169e-2, 3.6565690980963961e-2,
        1.2286724840697116e-1, 1.2206119203351076e-1, 8.7827887032806751e-2,
        6.5681103056196469e-2, 4.5720147184830542e-2, 5.2803410895067009e-2,
        3.3262707550278575e-2, 2.3090951165029825e-2, 8.4121228886458264e-3,
        1.8558446904390865e-3, 1.5186122149915332e-1, 1.4669384649550371e-1,
        7.3058272423484769e-2, 8.3320514580046662e-2, 9.7670099519353737e-2,
        1.0212747323582019e-1, 1.6940122646793503e-2, 6.4607414654394221e-2,
        1.9429349186192532e-1, 5.87895877753212e-2, 2.4358497588517303e-1,
        1.8612596595616321e-1, 2.3835701955255614e-1, 1.3122961679197295e-1,
        1.6845897855247915e-1, 1.3125469511223471e-2, 3.441344051858021e-2
      ],
      [
        1.9755167615719736e-2, 9.9516581381844618e-2, 1.5349454475521387e-1,
        4.6060745200399889e-1, 2.9642060426444392e-2, 3.338406248248118e-1,
        1.1942668722741197e-1, 1.7331180669942892e-1, 5.9397863385756623e-2,
        2.5944616462784315e-1, 2.6966487953111778e-1, 3.2342841041095644e-1,
        2.0939760943519248e-1, 1.0793737386739541e-2, 4.1657760026678925e-2,
        1.3930077441848224e-1, 9.7140757455529053e-2, 1.5112480973897061e-1,
        3.9393239553515447e-1, 1.2763745941732477e-1, 2.153427859170523e-1,
        1.8052388725602853e-1, 3.7069747874972836e-1, 2.3890434663459387e-1,
        4.0354450476491693e-1, 2.5108861840106173e-1, 3.1009246035300192e-1,
        4.1718893706811111e-1, 8.4277197515868818e-2, 2.8751728189049519e-1,
        3.4214218490699244e-1, 2.9078133562748426e-1, 7.7738529716100277e-2,
        5.8353808798156714e-2, 3.5373621739118744e-1, 1.9410368342192216e-1,
        1.1524468026207427e-1, 2.5264891885682739e-1, 3.7063812791103512e-1,
        1.9751076623532848e-1, 2.1910217877663959e-1, 1.6474947145553415e-1,
        3.48756887430615e-1, 3.5585333005866232e-1, 3.4871652898546945e-1,
        2.907043355496961e-1, 2.8986293481711367e-1, 3.0938357544545797e-1,
        2.4697953909924447e-1, 4.3534519512146519e-1, 4.1370128931488309e-1
      ]
    ]
  }
}
