{
  "name": "Xiao-Gimbutas 45",
  "domain": "T2",
  "degree": 45,
  "test_tolerance": 1.445e-15,
  "data": {
    "centroid": [[6.9414696543850275e-3]],
    "d3_aa": [
      [
        3.2024171503525745e-3, 4.6373488411219754e-3, 4.0870604654872971e-3,
        4.8311352303202597e-4, 1.6926101405552391e-3, 6.8337553756981258e-3,
        6.8925047985869568e-3, 6.3146569930329008e-3, 6.5583075001978868e-3,
        5.016859485968213e-3, 5.882509126175303e-3, 3.1371434621642706e-3,
        4.0930651478196705e-3, 1.2513146853204594e-3, 3.0558057702988312e-3
      ],
      [
        1.2980665330027685e-1, 2.0634966563088319e-1, 1.7508458880694e-1,
        4.995045768679594e-1, 5.5220419060503012e-2, 2.99152765836594e-1,
        3.6698227725645827e-1, 2.6492164239038057e-1, 3.9846906841394508e-1,
        4.5262019075149418e-1, 4.268610495333075e-1, 9.4572437133494558e-2,
        4.7298947086889737e-1, 3.4085141156799392e-2, 4.8699899682578146e-1
      ]
    ],
    "d3_ab": [
      [
        1.9430642477546114e-4, 5.936648029783323e-5, 4.8068870750266317e-4,
        2.3012493350022404e-4, 1.2944627170681437e-3, 4.6052089829068583e-4,
        1.5506900800286617e-4, 5.2643201689967498e-4, 4.0776028008771984e-3,
        2.7273371555633173e-3, 3.8178383600418176e-3, 3.2435899284886569e-3,
        1.8849657183849071e-3, 2.1807223876069812e-3, 1.8345812391610437e-3,
        1.6273397954327088e-3, 8.2853282117272432e-4, 5.1074900867676869e-3,
        2.2391133588915541e-3, 1.6401723644210388e-3, 3.6716713931777369e-3,
        1.4130049415994313e-3, 7.6444200086207836e-4, 3.9540316260532017e-3,
        6.448335449571156e-4, 1.5547569025380771e-3, 6.264797924812256e-4,
        5.9918057501738625e-3, 3.0584178145640125e-3, 2.9964079041531282e-3,
        3.2333735833172277e-3, 6.6463643649799717e-3, 3.1949049329088627e-3,
        6.1619916829777415e-3, 2.1838177312897508e-3, 4.8382287535972531e-3,
        1.1709435195081119e-3, 5.4074968564398369e-3, 4.5333891237490211e-3,
        1.5268444445366378e-3, 5.9855575875211134e-4, 4.2213374314072618e-3,
        5.5145622313394959e-3, 2.3371778099106669e-3, 2.7879889526797002e-3,
        1.4305749953705687e-3, 3.9720422418774463e-3, 1.6230214293910883e-3,
        4.8308548778950916e-3, 3.5396788161465038e-3, 3.6706598941806134e-4,
        5.709699094041819e-4, 8.7611353916882231e-4, 3.0871109749241658e-3
      ],
      [
        7.2924295508433783e-3, 1.3499971821104972e-3, 6.8591759380605341e-3,
        1.2297679959348985e-3, 8.780100200694748e-3, 1.6830263611802765e-3,
        1.7579725835351462e-3, 1.4756136531629464e-3, 1.5366312746259247e-1,
        2.2762521613724918e-1, 1.142030377515118e-1, 8.0375059468551349e-2,
        3.0618363682490012e-2, 2.6942102781423088e-2, 3.2797213546932637e-2,
        3.2727112733648957e-2, 1.5160101313872555e-2, 1.708846529529775e-1,
        2.8663286204167224e-2, 1.2695671565960943e-2, 8.7901535248881044e-2,
        3.0720346176742405e-2, 2.8145506398763831e-3, 7.9839416372291569e-2,
        1.3321197902767132e-2, 9.6021860181155546e-3, 2.5024373852327057e-3,
        2.0173082806599649e-1, 5.2677682300648607e-2, 5.5769146110768573e-2,
        4.823670130921718e-2, 2.3369758355312209e-1, 9.2662150608776084e-2,
        1.7345476810307231e-1, 1.7850893646582797e-2, 1.1994669249584712e-1,
        1.3984617251760891e-2, 1.1935776431507746e-1, 7.3584654985361736e-2,
        1.2716747848540775e-2, 2.4403804076878494e-3, 1.2989062597729442e-1,
        1.4388063038730448e-1, 5.8859809288356733e-2, 6.0297341384809341e-2,
        1.3225452599358801e-2, 5.7271259501988664e-2, 1.0933647586286019e-2,
        9.5925165089547515e-2, 3.9670429715756753e-2, 2.7950477505294144e-3,
        2.6666116526768819e-3, 2.5395300762577852e-3, 2.8731375558288783e-2
      ],
      [
        1.2604803830736163e-2, 4.6054766314412793e-3, 6.7946496603911152e-2,
        6.9338004363440828e-2, 4.6827085987094796e-1, 2.5049517033522151e-1,
        1.792310133983744e-2, 3.5945684199505279e-1, 2.2115398478494752e-1,
        2.3897319487869617e-1, 2.2652288598117579e-1, 2.3959052403779021e-1,
        1.782914029925923e-1, 2.8258668912041751e-1, 1.3725711025872955e-1,
        1.0025441523656962e-1, 5.1707476559965285e-2, 2.6061485513765692e-1,
        2.272143249599573e-1, 3.110404872350509e-1, 1.8562387629905322e-1,
        6.5862643760817768e-2, 3.0159047009536227e-1, 2.9254265765423637e-1,
        2.7302484752884916e-2, 3.7157192057754423e-1, 2.010073039936871e-1,
        2.9318312937226643e-1, 2.3333189110362257e-1, 1.7929914189700435e-1,
        2.9343533112909298e-1, 3.2984059627561929e-1, 1.3817569361152762e-1,
        3.5851286577610109e-1, 4.2033778346654876e-1, 2.7905113300348067e-1,
        9.3462672249371062e-2, 3.8740898768901988e-1, 4.0718469566152016e-1,
        1.8764058338970971e-1, 1.522255260382763e-1, 1.7414200178656342e-1,
        3.2140815517552618e-1, 8.8804336173426493e-2, 1.3042891555171221e-1,
        1.3683791272221002e-1, 3.5285335917967059e-1, 2.4638690021714216e-1,
        3.4352004405947129e-1, 4.162089636364642e-1, 3.9011810699985772e-2,
        1.0718071413460607e-1, 4.2642381970632609e-1, 3.5196013136382964e-1
      ]
    ]
  }
}
