{
  "name": "Xiao-Gimbutas 46",
  "domain": "T2",
  "degree": 46,
  "test_tolerance": 1.55e-15,
  "data": {
    "centroid": [[6.6350471232071656e-3]],
    "d3_aa": [
      [
        1.506362387899584e-3, 1.2474691816453435e-3, 2.189516383300109e-3,
        4.5326165183418327e-3, 4.1121335512160984e-3, 5.3362839978633248e-3,
        6.4756219278226225e-3, 6.5283169454314225e-3, 9.7170970013712348e-4,
        2.4386979014754191e-3, 4.188204071776393e-3, 5.9862742964751046e-3,
        3.7734801565330683e-3, 6.4816472544865439e-3, 4.4934671028004468e-4,
        1.4095220135950497e-5
      ],
      [
        4.7916270948102113e-1, 4.8683079583320132e-2, 4.868494344525785e-1,
        1.9629480922944958e-1, 1.657987165670961e-1, 2.2900711778704474e-1,
        2.9989810187972865e-1, 3.6608126141142538e-1, 3.0769343952082029e-2,
        8.2498693763558451e-2, 4.6082300434758811e-1, 2.6661570869769685e-1,
        1.2843943494751248e-1, 3.9751157540204834e-1, 1.2879698435885323e-2,
        4.9292224240599092e-4
      ]
    ],
    "d3_ab": [
      [
        4.453708186933001e-3, 4.3200095246416362e-3, 3.0868796559389267e-3,
        3.4302258154803298e-3, 3.7827619823912612e-3, 6.7043064006260813e-4,
        4.1741147673405353e-3, 2.5583666569760229e-3, 3.183986952123288e-3,
        1.3171709279539108e-4, 1.6456723831060043e-3, 4.5954830932585572e-3,
        2.8688601568156234e-3, 4.7267340609202296e-3, 4.8087317688295184e-3,
        3.1927670836934523e-3, 1.7487650502894328e-3, 1.4306703323830102e-3,
        1.2681752789353324e-3, 1.5790337439116787e-3, 3.2154452084320589e-3,
        5.3977058220169641e-3, 3.0627052030108835e-3, 2.3192184096374534e-3,
        2.2961002901772869e-3, 7.3381033207120105e-4, 1.4437602767408079e-3,
        1.6586663239642628e-3, 5.5707293081132562e-3, 7.214374344645994e-4,
        2.6221278244147779e-3, 3.0357960337238277e-4, 2.1000870011484095e-3,
        9.6629861874133246e-4, 3.2046723702289777e-3, 3.9229504538734213e-4,
        6.2575812080364899e-3, 3.781240514090923e-3, 2.306361964772163e-3,
        1.5964303372989401e-3, 1.2488360135939414e-3, 2.5556284082945357e-3,
        2.6782849316905537e-3, 6.4139001583378701e-4, 1.9107173540585363e-3,
        3.0285648566489806e-3, 1.1940194745137681e-3, 3.9897861442201058e-3,
        4.7741598764475309e-3, 5.6810129753066178e-4, 7.2928978989153374e-4,
        4.3995561699860476e-3, 6.7895899857733325e-4, 5.3144411340618001e-4,
        6.4752466341334001e-4, 2.6132794600230064e-4
      ],
      [
        1.5412314916607719e-1, 1.1313670592402338e-1, 7.3018327779703254e-2,
        1.0980337680736352e-1, 1.0283587537107292e-1, 1.0455015344410082e-2,
        1.4752226154605635e-1, 5.2126096807430064e-2, 8.0084195766168861e-2,
        2.1607803546683053e-3, 1.1363802349727278e-2, 1.2977852361765099e-1,
        4.893727860724538e-2, 1.584175590074659e-1, 1.7550008543840903e-1,
        5.3126381310496268e-2, 5.0908977358329548e-2, 1.1121399597137746e-2,
        1.1779753680717967e-2, 1.1808126303693366e-2, 5.1243883990893621e-2,
        1.8254125647613276e-1, 5.3901871450292849e-2, 2.7343313461553689e-2,
        2.9742381879280255e-2, 2.1912946810573645e-3, 1.2573665836604265e-2,
        1.1519669129512539e-2, 2.1066803766676626e-1, 2.170850282468037e-3,
        5.5766422379797925e-2, 2.0979082703016304e-3, 2.9078197579592506e-2,
        1.1582966844025253e-2, 8.7462361650272755e-2, 2.0785035982192656e-3,
        2.3647778374478368e-1, 1.2280901805371283e-1, 5.5005028444483822e-2,
        2.8793533227112107e-2, 2.6293331791867783e-2, 2.8307327385223582e-2,
        2.8126938807138867e-2, 2.1009010930692663e-3, 3.0522100402259854e-2,
        8.8143041981530307e-2, 1.2580807272203866e-2, 8.3876055657832141e-2,
        1.2479160044470475e-1, 2.2302492894394903e-3, 2.2846671110010237e-3,
        8.3193302580065839e-2, 2.4070310918325689e-3, 2.4170636184783429e-3,
        1.2886871818453044e-2, 2.5873987120107167e-3
      ],
      [
        3.9796976464070988e-1, 4.1430760798817584e-1, 3.2972824987662369e-1,
        2.2575924233005779e-1, 3.2869934756052366e-1, 5.7024518329280897e-2,
        2.1815349062760711e-1, 2.0230634588346358e-1, 2.1328320980880799e-1,
        8.2133588712219683e-3, 4.6151536161230039e-1, 3.5462246731270575e-1,
        3.1092064358603161e-1, 3.0495578413323066e-1, 2.5079443756390418e-1,
        4.3386922186448051e-1, 7.7037698625319617e-2, 2.7683618601952242e-1,
        1.7363716210342142e-1, 3.3543368866137696e-1, 3.7506421845239662e-1,
        3.4671128612990049e-1, 2.5596851126066411e-1, 2.9200692078853163e-1,
        2.3641723957957556e-1, 4.6615089812943544e-1, 2.2348262914558564e-1,
        3.9736801387800058e-1, 2.8567924324499e-1, 4.0099191229640679e-1,
        1.5627351040407678e-1, 4.7785893684681849e-2, 1.8224915993137408e-1,
        8.9347568191985915e-2, 1.6521988123991277e-1, 8.0528004739168435e-2,
        3.3054150156759909e-1, 1.7507401325229366e-1, 1.1339497302942238e-1,
        9.4544228406448813e-2, 5.8958942360846305e-2, 3.5544611710236967e-1,
        4.2062784444542889e-1, 2.7634247716644572e-1, 1.358344051381373e-1,
        1.2143244492038731e-1, 1.2925448133294823e-1, 2.7293931833032631e-1,
        2.7622443167428701e-1, 1.6653106199180107e-1, 3.3732386187895558e-1,
        3.8998483768037878e-1, 2.1905740202960691e-1, 1.2034134244309032e-1,
        3.2143459785426765e-2, 2.3978362588197424e-2
      ]
    ]
  }
}
