{
  "name": "Xiao-Gimbutas 47",
  "domain": "T2",
  "degree": 47,
  "test_tolerance": 1.327e-15,
  "data": {
    "d3_aa": [
      [
        4.3146569583335194e-3, 4.699171231251905e-3, 1.2364924097053461e-3,
        4.5159973781931017e-3, 2.9444810662742587e-3, 2.0830024863947301e-3,
        6.6300786326677422e-4, 5.5982544326030762e-3, 4.5518145135698884e-3,
        2.5072813505808652e-3, 4.0644299258672028e-3, 5.5051135413514141e-3,
        4.9446615998697497e-3, 4.065789807594161e-3, 7.4883086120397947e-4,
        3.6321398556637551e-3, 8.9253661418059165e-5
      ],
      [
        3.4917750415439097e-1, 3.0289654411791445e-1, 5.0531902462301603e-2,
        4.2150939287870942e-1, 4.7462702434295878e-1, 7.9572842069243976e-2,
        2.3680229143040521e-2, 2.6305643577037235e-1, 4.4206939726383054e-1,
        4.8616010748368976e-1, 1.6214612252245048e-1, 3.7369118180518207e-1,
        2.1255126890481385e-1, 4.5983217414950112e-1, 4.9891852914867341e-1,
        1.2497450674891147e-1, 2.6050966947362419e-3
      ]
    ],
    "d3_ab": [
      [
        2.1278200652494506e-4, 2.2514827449286118e-3, 2.2650701154880337e-3,
        1.4027295746802451e-3, 9.7809916812659819e-5, 4.0386298680349293e-4,
        5.1536553206130752e-3, 4.5094710563839341e-3, 1.9145889672060228e-3,
        2.6062651829993019e-3, 3.0761572742866463e-3, 1.0328123125118906e-3,
        4.3543612304128452e-3, 3.3920879178230413e-3, 4.5331567046035266e-3,
        5.3697193075646745e-3, 5.0112518902676699e-3, 1.953394274788875e-3,
        2.2701532915994113e-3, 2.1386729830484871e-3, 4.2781341832724131e-3,
        2.5070193444428064e-3, 3.9737311003984919e-3, 4.7404136863378231e-3,
        3.1609021577844788e-3, 1.3064930317837201e-3, 2.4224165705940804e-3,
        4.1337585903884477e-3, 5.1051331812112287e-3, 2.6976233339834157e-3,
        1.8809643979072986e-3, 9.1421901027426242e-4, 7.0106560286908122e-4,
        3.1901056487150521e-3, 2.4338258411055343e-3, 2.5084745145746956e-4,
        1.7108131277605058e-3, 4.5280121334294017e-3, 4.0081392301490439e-3,
        1.1195403999073295e-3, 1.6556490812276697e-3, 3.0745572112735758e-3,
        4.8300704241971476e-3, 3.8986974038214251e-3, 1.6458519911547445e-3,
        3.711904870927474e-3, 1.4185756078616092e-3, 1.2890581955709148e-3,
        1.561490054905787e-3, 1.6952718909460046e-3, 4.5280227256791727e-4,
        7.4533983106636669e-4, 5.3234814725867171e-4, 6.5761968362639618e-4,
        3.6206905113067702e-4, 7.0601194567049318e-4, 6.0187710221997121e-4,
        7.3263934654966536e-4
      ],
      [
        6.9261081189946764e-3, 8.163584711098551e-2, 8.6196365988733037e-2,
        5.0293180530191398e-2, 1.0488989499174519e-3, 1.0020497565352263e-2,
        2.0367425304517983e-1, 1.5932668387393359e-1, 5.3368702564695968e-2,
        8.5296064492316401e-2, 5.1482297929066785e-2, 2.7553631439473529e-2,
        1.1870202716894081e-1, 8.5061577169693009e-2, 1.1812750844119237e-1,
        2.5270835065274155e-1, 2.0574594120817155e-1, 2.8645737105414938e-2,
        2.8700825091621824e-2, 2.9082235848793523e-2, 1.2174223594066046e-1,
        2.7946918436998505e-2, 1.2214006675837241e-1, 1.6041298509102461e-1,
        5.2038405103005558e-2, 2.8008097326434778e-2, 2.8364199293253015e-2,
        8.1814955021604463e-2, 2.1213389631656113e-1, 5.244520422291625e-2,
        2.9177676432732603e-2, 1.1675295489491479e-2, 1.1352955184895626e-2,
        5.2741208654800503e-2, 5.3936384497133796e-2, 2.0268965838006717e-3,
        1.1374113978750858e-2, 1.6471973579805899e-1, 8.2485282777811572e-2,
        1.1866025809438371e-2, 2.898858012321796e-2, 5.3609251970668362e-2,
        1.6496729258638806e-1, 8.4133458635387973e-2, 1.1718140785265034e-2,
        1.1982515927538523e-1, 1.1808474050901165e-2, 1.1898235715954022e-2,
        1.1847600207996009e-2, 1.1529446727000034e-2, 2.2497058285754806e-3,
        2.1780831191386438e-3, 2.2594310974726013e-3, 2.2489510449105808e-3,
        2.210782944067978e-3, 2.2499314295439331e-3, 2.264039262040822e-3,
        2.2135119210076209e-3
      ],
      [
        1.3218234774261463e-2, 1.8207414326155924e-1, 1.505809273177014e-1,
        7.6432982656707504e-2, 1.3832616097629308e-2, 2.6745227243076108e-2,
        3.7119023675251456e-1, 3.6889497279211841e-1, 1.0707457989311996e-1,
        1.1521791216736021e-1, 4.1796285396989952e-1, 4.6299259915931867e-2,
        3.2502993731599944e-1, 2.2302145685345381e-1, 3.8224008025178313e-1,
        3.1868101680405753e-1, 3.1610242919729198e-1, 2.0171436026250167e-1,
        3.0409537445729684e-1, 2.509406000944529e-1, 2.7011368548774695e-1,
        4.2300788677184292e-1, 2.1883810840826201e-1, 3.1555828243015627e-1,
        3.599942050767867e-1, 7.614928056270967e-2, 3.6168712504285649e-1,
        3.9695704297947909e-1, 2.6358210465038578e-1, 1.9253505421227116e-1,
        1.5505379800193292e-1, 8.0813918367061005e-2, 4.9490300569582771e-2,
        3.0136611917506084e-1, 1.455590941243064e-1, 3.3923931145958403e-2,
        4.6092039829835213e-1, 2.0965063699274267e-1, 3.3561883072763637e-1,
        1.1919835609480263e-1, 1.1275174271758891e-1, 2.4460448499371051e-1,
        2.6132789521301542e-1, 2.7671022235884701e-1, 3.3105769830551396e-1,
        1.7116596035352302e-1, 2.1483809354041564e-1, 1.6403259578823728e-1,
        2.7059952051927444e-1, 3.9488152990542125e-1, 9.7680144060963009e-2,
        4.316631884764961e-1, 1.4032386057258028e-1, 2.4379690010750169e-1,
        6.1993993437915215e-2, 3.0295049284199044e-1, 1.8926610050291029e-1,
        3.6591902793680908e-1
      ]
    ]
  }
}
