{
  "name": "Xiao-Gimbutas 48",
  "domain": "T2",
  "degree": 48,
  "test_tolerance": 1.45e-15,
  "data": {
    "d3_aa": [
      [
        4.3651387537827361e-3, 3.9691750453025821e-3, 1.8221145367845097e-3,
        1.2114472500649792e-3, 1.9309544896270691e-3, 2.6400243756410729e-3,
        3.2841920864060685e-3, 3.2294495843481554e-4, 5.4310463039951053e-3,
        5.1525605444838109e-3, 4.9930051499418298e-3, 4.2434984918541599e-3,
        8.8760056102461923e-4, 3.1739283489719259e-3, 1.2950799113895641e-3
      ],
      [
        3.4772445871080948e-1, 3.7343127125532211e-1, 4.8933905356285323e-1,
        4.8410924825140089e-2, 8.0159548747975762e-2, 4.790902659592135e-1,
        4.6664241534843465e-1, 1.1704574467113593e-2, 2.6784651371116891e-1,
        2.1313827248019085e-1, 4.3362666136661099e-1, 1.5990091444053894e-1,
        2.8063663492678415e-2, 1.0804712924230614e-1, 4.9717563723846608e-1
      ]
    ],
    "d3_ab": [
      [
        3.7199314122967069e-3, 3.0326109445702031e-3, 1.8470108648334894e-3,
        2.3772908084865782e-5, 1.5449674526409665e-3, 5.0318869826993908e-3,
        3.8873576680098341e-4, 2.2929693353194651e-3, 3.2590081957709471e-3,
        1.2994343934015181e-3, 4.0442317991415079e-3, 8.6447910709451915e-4,
        1.2659714364757419e-3, 2.7425885952415113e-3, 2.1154075536657445e-3,
        1.6231545272856844e-3, 2.5412737334052937e-3, 6.2263547211217278e-4,
        2.6418403799762717e-3, 3.2653171027573866e-3, 7.6551458592241781e-4,
        5.1641360944715232e-3, 1.8554389812758356e-3, 2.279810011362311e-3,
        1.0267946171960897e-3, 3.3284312112662233e-4, 1.2157493114517174e-3,
        5.8931157289567743e-4, 1.7342658044948607e-3, 4.0498750757604592e-3,
        4.2742322977128442e-3, 2.8335085475802439e-3, 2.7438125458837414e-3,
        4.7302145635505196e-4, 1.3733177441610054e-3, 4.2330099146061368e-4,
        1.0664611871638438e-3, 1.3824010733117025e-3, 3.6585117930269914e-3,
        5.2100048548665776e-3, 2.0731056059076485e-4, 1.9583162868631564e-3,
        3.2089225299187576e-3, 3.1441515461318485e-4, 1.0785145551204095e-3,
        3.6004269766152113e-3, 3.6611914178426136e-3, 2.1617123138750801e-3,
        1.8010562763861775e-3, 5.4475592942758765e-3, 1.3978520152437232e-4,
        1.1962011851953008e-3, 4.9525658235835797e-3, 5.0552058738964206e-3,
        6.0559106189920565e-4, 5.3577902109237172e-3, 2.3655352245002671e-3,
        6.3617605564497551e-4, 4.1167794317583618e-3, 4.7435661701724519e-3,
        4.6022674251481816e-3, 2.3500892248057528e-4, 2.3987367893110875e-4
      ],
      [
        2.1570064416961682e-1, 1.0830149992200394e-1, 3.4695952771136435e-2,
        1.3460639309495934e-3, 1.91707840803216e-2, 2.7636156531080963e-1,
        1.6411683438174625e-3, 5.3323193421323495e-2, 8.2928836401138351e-2,
        2.3319017149181494e-2, 1.3871309395938553e-1, 1.0540639408122523e-2,
        1.034725056750792e-2, 5.3781881658776683e-2, 6.9760358020446403e-2,
        1.5502302779251045e-2, 3.9622507258816927e-2, 1.181070092366405e-2,
        3.5287892346372224e-2, 6.471509300197513e-2, 1.0422571567642102e-2,
        2.2710491753066889e-1, 4.3154888080570573e-2, 4.8974948218390414e-2,
        9.4545488420266707e-3, 1.8943058791126425e-3, 1.2028322403692912e-2,
        1.9044677779363158e-3, 2.6205223792356454e-2, 9.4470921524026377e-2,
        9.6323349033783701e-2, 5.3490317263427387e-2, 7.9524478600837153e-2,
        1.1030754781471924e-2, 1.2186232963978848e-2, 2.1132182624776091e-3,
        2.7218990658071207e-2, 2.6256259012472066e-2, 6.2475097450370394e-2,
        1.7377620987619341e-1, 2.049126043069571e-3, 1.8890041661542029e-2,
        8.2618952945698418e-2, 2.2799567867531089e-3, 4.7722521203026414e-3,
        1.1620235641158801e-1, 8.5525264242367019e-2, 2.9776788322806641e-2,
        5.0253537035871376e-2, 2.1630020710235431e-1, 2.318207684477094e-3,
        6.4301877897617408e-3, 1.3311111506547141e-1, 1.682524853715629e-1,
        2.377643700840201e-3, 1.7927517691473485e-1, 2.8463351612019103e-2,
        2.2264670918958687e-3, 1.203643695722495e-1, 1.6433446168671559e-1,
        1.2388745883767668e-1, 1.6001038938432313e-4, 1.0850920174366264e-4
      ],
      [
        3.6956729159016621e-1, 3.0848189799336223e-1, 3.1964272922455134e-1,
        2.3979705918985221e-3, 3.2808481780883131e-1, 3.1981290827271946e-1,
        1.5892660136182002e-1, 1.9627597719723561e-1, 2.9334218459018174e-1,
        1.2472732588139757e-1, 3.1159324594327964e-1, 1.1054144103188075e-1,
        2.9741719627591723e-1, 2.9406805865227853e-1, 1.1140121760631086e-1,
        4.4374345386362929e-1, 3.6763571192940253e-1, 4.8383418893624262e-2,
        4.261985460348483e-1, 3.464037075083426e-1, 7.6168644079201459e-2,
        3.1985580598920704e-1, 1.1497674997632783e-1, 1.5534118748633496e-1,
        1.5366413947806523e-1, 7.9853820771823417e-2, 1.9786011212854837e-1,
        3.1691538038078182e-1, 1.6456397716341348e-1, 3.6112983597993792e-1,
        4.1982597745422939e-1, 2.4317522457466309e-1, 1.4598322311364345e-1,
        2.7239283267980276e-2, 2.4531370896477842e-1, 1.165542190734529e-1,
        5.3585682870044615e-2, 8.5135518150016867e-2, 4.0849262578563306e-1,
        3.8225104509481378e-1, 2.5974032206589025e-2, 3.8568918876006431e-1,
        1.907464794314031e-1, 4.9314651604851809e-2, 4.2648254549804659e-1,
        1.5136475267056512e-1, 2.4108556039098647e-1, 2.1203621120547972e-1,
        7.7342028084253861e-2, 2.6592702365453136e-1, 1.0278112404035204e-2,
        3.6374868048981507e-1, 3.6982020510671365e-1, 2.622368556255415e-1,
        2.0586527419899883e-1, 3.2106129923917115e-1, 2.6700892535281112e-1,
        2.5860454101035102e-1, 1.9962476267736046e-1, 2.0889086438440646e-1,
        2.5333360060180893e-1, 4.6379612274656634e-1, 3.8371779905054643e-1
      ]
    ]
  }
}
