{
  "name": "Xiao-Gimbutas 49",
  "domain": "T2",
  "degree": 49,
  "test_tolerance": 1.246e-15,
  "data": {
    "d3_aa": [
      [
        3.2298776744524847e-3, 1.5790917860183803e-3, 3.9309054788202354e-3,
        4.9958592249661612e-3, 4.0779189028797265e-3, 1.1717865482744911e-3,
        5.0840537579920431e-3, 2.9099343979125303e-4, 2.4679826387392239e-3,
        2.4475548918751542e-3, 1.6834711767858437e-3, 5.3654225406028003e-3,
        3.4992680317616639e-3, 3.9600197915087513e-3, 8.3195088890381495e-4,
        5.3644090708949189e-3, 6.1267736075540568e-3, 6.4611429908450441e-5,
        7.8855516545326884e-4
      ],
      [
        1.783730162296317e-1, 7.2840653606011552e-2, 4.2898835563940702e-1,
        3.8116883784557032e-1, 2.0073836759711866e-1, 4.6278223175869271e-2,
        2.9714308886324803e-1, 1.0842121769007285e-2, 1.0285338166312918e-1,
        4.8417356341669487e-1, 4.9326119556605269e-1, 4.0573247197552248e-1,
        1.3042164492513164e-1, 4.6143480563029626e-1, 2.7573960243111484e-2,
        2.3184244537547405e-1, 3.5172177662777149e-1, 2.2124213099820045e-3,
        4.9878956469151281e-1
      ]
    ],
    "d3_ab": [
      [
        1.5179493827508215e-3, 9.6403630888702147e-4, 2.8135036653219959e-4,
        4.6862213374651174e-3, 4.5178989983832166e-3, 4.2641348129921869e-4,
        3.2468366301052175e-3, 2.7113498937414438e-3, 1.6327582269424587e-3,
        4.7903017617903525e-4, 2.60027182943883e-3, 3.0738076620057484e-3,
        2.9878198502272944e-3, 6.9259134967855792e-4, 2.2641894958965862e-3,
        2.1683619372713904e-3, 1.2603344824756227e-3, 3.0192800544203796e-4,
        4.5616230274563114e-3, 2.6431427639030699e-3, 1.1314599292834434e-3,
        2.1088731883818781e-3, 1.560818701121326e-3, 4.6308511124103571e-3,
        1.1648378245233955e-3, 1.9078475871128063e-3, 3.6207359330354422e-3,
        6.0470591661133434e-4, 4.471578028822568e-3, 4.3217865559445614e-3,
        1.1834459680028651e-3, 1.7098461192591259e-3, 1.5260667775319678e-3,
        2.7529020694635879e-3, 4.3632272367912436e-3, 9.6628535623255235e-4,
        3.7815526680686426e-3, 6.0356931274693022e-4, 4.2551639608389598e-3,
        4.8490533224091565e-3, 3.0254918153351587e-3, 1.8302659109491989e-3,
        2.3112911452724829e-3, 2.2976181282931053e-3, 7.7374260145531969e-4,
        1.1091107906632696e-3, 5.9172800707874939e-4, 4.6632907833982516e-4,
        5.0605451421417258e-4, 1.546205243590246e-3, 2.2381677252706234e-4,
        2.95618518389397e-3, 1.4290418491702155e-3, 2.145869348417585e-3,
        3.5847674194569904e-3, 5.4527357782272268e-3, 4.3816657756571582e-3,
        3.0717453596445572e-4, 3.2381770164589146e-3, 4.1053828589275483e-3,
        1.068358732342104e-3, 1.4231989161498312e-4, 1.6055847055223061e-4
      ],
      [
        4.0008155056936286e-2, 8.6624172314518424e-3, 1.3011091483538526e-3,
        2.4562850537834574e-1, 2.5074163617360917e-1, 1.5097374938804337e-3,
        1.0898338021292515e-1, 1.0196871690877608e-1, 1.9772288574859888e-2,
        1.3541852880936795e-3, 8.7642852515997446e-2, 7.8415578965199503e-2,
        6.2747772638091712e-2, 7.1057304538391089e-3, 4.0890474228270128e-2,
        3.2494883027560338e-2, 8.7290442899361862e-3, 1.5747586640191967e-3,
        2.0153220553570833e-1, 5.1418163514358989e-2, 1.9028748823558414e-2,
        4.0788059207840149e-2, 2.8514611896576576e-2, 1.5370865861164024e-1,
        2.4605320384088889e-2, 2.3535501929982546e-2, 1.3771672126012074e-1,
        1.0975310089231822e-2, 1.6046565720272479e-1, 1.3294926773769974e-1,
        8.7549512313114183e-3, 2.0743761983356566e-2, 1.9760289684074974e-2,
        4.2939285776867044e-2, 1.1789241815829039e-1, 2.5374729462583717e-2,
        9.3529382084845999e-2, 1.987103488073121e-3, 1.0869019629350588e-1,
        1.7490233415096354e-1, 6.6965913371648478e-2, 4.0979133770732187e-2,
        2.4466415075845752e-2, 5.6688088341008386e-2, 9.6524833615463639e-3,
        1.1099567627321179e-2, 1.9740717879364726e-3, 1.1058867280573283e-2,
        2.4625444223661925e-3, 4.6395012982637374e-2, 2.0785999248741976e-3,
        6.8353296798322014e-2, 1.0676304302980453e-2, 6.9169283463613285e-2,
        1.0066880943464369e-1, 2.0121793752844419e-1, 1.4345324849263683e-1,
        2.1251605376943236e-3, 5.1422502449402024e-2, 7.8152632925578225e-2,
        6.4969244459217954e-3, 2.0903064191528584e-3, 1.3986351814753245e-4
      ],
      [
        1.7470985430717309e-1, 3.8696505716382618e-1, 1.2606093343540539e-1,
        2.839249520005005e-1, 3.3024826933446239e-1, 2.5604594106815781e-1,
        2.603953161344762e-1, 1.7071269637934205e-1, 3.7464405809512491e-1,
        4.3516845729398307e-1, 1.3909239122910394e-1, 2.8015065430122799e-1,
        3.4633118742755953e-1, 1.1424479335878179e-1, 2.6014778271440397e-1,
        3.3859545036972211e-1, 4.4052494716069207e-1, 8.572348374076362e-2,
        2.8598408663977859e-1, 3.0224306485270797e-1, 1.1455742572888583e-1,
        2.1229643001953075e-1, 1.4652842970990199e-1, 3.7408164610882699e-1,
        8.1706830399755084e-2, 2.9414747888084469e-1, 1.7507036948265156e-1,
        4.7620537805773015e-2, 3.1757248151332695e-1, 2.8813805399507741e-1,
        2.6797088930329616e-1, 2.3937905920302688e-1, 1.9185327156970311e-1,
        3.8732424253418501e-1, 3.5353241582841083e-1, 5.2177489014856117e-2,
        3.23702116151314e-1, 3.7205936067484863e-1, 4.1369253460710498e-1,
        2.508654436414372e-1, 2.3684770353878359e-1, 1.0995768304264822e-1,
        4.2973190289518154e-1, 1.4376803743337252e-1, 7.7410677998690766e-2,
        1.557060056653469e-1, 3.128533024496512e-1, 2.6090266138179816e-2,
        1.6567286081799157e-1, 7.4225754676311373e-2, 2.8833917237014031e-2,
        1.8682266067231507e-1, 3.2708392818568732e-1, 1.0389110343382679e-1,
        2.1553428824295465e-1, 3.4315161302739e-1, 2.2240875872332544e-1,
        5.3480976914394227e-2, 4.3878896884502694e-1, 3.919321013755559e-1,
        2.1108217989703457e-1, 1.1709857310951758e-2, 2.0638335375998984e-1
      ]
    ]
  }
}
