{
  "name": "Xiao-Gimbutas 50",
  "domain": "T2",
  "degree": 50,
  "test_tolerance": 1.071e-15,
  "data": {
    "d3_aa": [
      [
        3.3286951747132283e-3, 3.6593224246369764e-5, 1.6513963572791382e-3,
        4.2590966781914704e-3, 2.4242799574098932e-3, 3.5827112110621059e-3,
        2.7795988004446627e-3, 2.9995218691480663e-4, 2.067871667079774e-3,
        4.0277109885183109e-3, 4.5706738891261806e-3, 5.1653559274538732e-3,
        3.4852633534526562e-3, 5.8568144539184524e-3, 1.1989487838384484e-3,
        7.4932205410521051e-4, 5.7736389035923088e-3
      ],
      [
        2.5635586338479088e-1, 1.6305781421462329e-3, 4.903268692484512e-1,
        4.2258716850752065e-1, 4.8057567643403004e-1, 4.5958677182441188e-1,
        1.1333323413507446e-1, 1.0939013064663161e-2, 7.8646361951399901e-2,
        1.702588823641315e-1, 1.9963345933681731e-1, 4.0066893254883007e-1,
        1.4061387405638431e-1, 3.5119036444541557e-1, 4.2250362515138196e-2,
        4.9868389831205795e-1, 2.9647986751297095e-1
      ]
    ],
    "d3_ab": [
      [
        3.4732815949247721e-4, 3.0005010190990771e-4, 2.7304020592297863e-3,
        1.1329714517846249e-3, 1.3652184099670513e-4, 7.6937606678432254e-4,
        1.296973194612136e-3, 2.8058551621104317e-3, 1.7088242229934077e-3,
        1.4835269432186781e-3, 4.2541944332406007e-3, 2.1977995867183795e-3,
        1.5485819478916378e-3, 2.6032805301535698e-3, 4.6617026410325442e-4,
        6.5757715637351267e-4, 2.7864654094993725e-3, 4.1296569531416851e-3,
        2.1542829173274648e-3, 3.4759522016710892e-3, 2.706614254397095e-3,
        3.8577928698212686e-4, 3.4396664292256191e-3, 4.3802693709037101e-4,
        4.4060145278102692e-3, 2.0175008084553779e-3, 3.2382786045496545e-3,
        4.6662107991939719e-3, 3.1592258177548724e-3, 3.4735845184462478e-3,
        8.9539288040979819e-4, 1.0804784836253775e-3, 1.8129744491099432e-3,
        7.6515713048633173e-4, 2.8576817042790387e-3, 2.6558120905516912e-3,
        4.477437621106457e-3, 1.6535172612734336e-3, 1.9449896357145405e-3,
        4.0545175807175371e-3, 2.347197009867936e-3, 5.4197966818915295e-3,
        8.2141911555617248e-4, 1.3331230747819641e-3, 4.6726023038406814e-3,
        1.0473492443510248e-3, 2.5570128208941352e-3, 1.1537659281314454e-3,
        4.2237575830890535e-3, 1.3374175145030966e-3, 2.3814233045742071e-3,
        4.2828524520190396e-3, 4.4069395853764171e-4, 1.1564525775079982e-4,
        1.8242510180398218e-4, 5.1351158472687682e-3, 3.9050557101546514e-3,
        5.2821755983390687e-4, 1.899063475847058e-3, 2.3340593121636971e-3,
        4.8267067797968963e-4, 3.2490194493213971e-3, 1.319766916767652e-3,
        3.9672926104441288e-4, 5.8559344102113457e-4, 1.4007748847511849e-3,
        3.7050554881417214e-4
      ],
      [
        9.2245610607047e-4, 2.2437991262313068e-2, 2.2279072829373281e-1,
        2.3120213970246297e-2, 8.5677979500897196e-4, 4.808637660872004e-3,
        2.3493012359438552e-2, 9.3396647129363533e-2, 4.179663665114814e-2,
        4.9357311892861279e-2, 1.5281410701216108e-1, 6.5115429930621541e-2,
        2.3462143176020793e-2, 5.2032278234411054e-2, 1.4945191055323256e-3,
        1.2043746934792534e-2, 5.6684785543461229e-2, 1.1486014204481566e-1,
        3.1264836186708875e-2, 1.0224664014554172e-1, 4.8349301873072917e-2,
        9.9795769296426549e-3, 8.3912940769928362e-2, 6.7281317012842694e-3,
        1.773080248323684e-1, 4.2684087735085592e-2, 7.4392768040038124e-2,
        2.4356894779703622e-1, 7.6391569745987792e-2, 1.242245896688861e-1,
        9.7790083705655249e-3, 2.7943202048164129e-2, 2.4808268510852112e-2,
        2.112600042788387e-2, 6.8149870254045272e-2, 6.8795306900434658e-2,
        1.563534771200214e-1, 1.5788771135674767e-2, 2.3446407967230302e-2,
        1.3592981347138614e-1, 4.4695597013042043e-2, 2.4605625068915951e-1,
        1.0763472737716856e-2, 2.6797769725969461e-2, 1.9990165663953921e-1,
        9.6597928476049658e-3, 4.3616289025622375e-2, 9.6337955497693625e-3,
        1.1645700215175256e-1, 9.4768771491044474e-3, 2.7966616295997282e-2,
        1.4726584419679689e-1, 1.8705669110342486e-3, 2.0671401785266942e-3,
        2.0063808420237674e-3, 1.9659199227953231e-1, 1.0747886610223062e-1,
        1.8618093532656785e-3, 5.0207292591559677e-2, 7.9098766756874578e-2,
        1.8288696800151118e-3, 9.7498460674939474e-2, 1.0271042737936562e-2,
        1.9450667745236699e-3, 2.0127149292621205e-3, 9.8798242146206118e-3,
        2.2261525470100552e-3
      ],
      [
        4.4332308685834204e-1, 2.5936893875790394e-2, 2.4014410526326951e-1,
        1.3455261802664273e-1, 4.5035572467331419e-2, 4.0871456656777189e-1,
        1.7146345773998323e-1, 2.1010592470503317e-1, 1.3929682011858505e-1,
        7.0382053912759215e-2, 3.72606488156494e-1, 1.479157172776441e-1,
        2.1402464358164369e-1, 3.30267403058144e-1, 3.6998486354440391e-1,
        6.7511569043336134e-2, 4.3709884118009673e-1, 4.1451222115778535e-1,
        3.6238051226892748e-1, 3.1225128551120351e-1, 3.9268932170368787e-1,
        2.6063854162288028e-2, 3.9839099584495541e-1, 4.5880391320914933e-2,
        2.5109830786516685e-1, 1.8313693393461122e-1, 3.5404630327836234e-1,
        2.9921098711016719e-1, 2.9083923298541164e-1, 1.86146131853307e-1,
        1.3362717497122464e-1, 6.8976335148211609e-2, 2.61491019269808e-1,
        4.3979456059116767e-2, 2.4695723170731076e-1, 1.9160730297984113e-1,
        3.1739598230853128e-1, 3.9383930629984271e-1, 3.181446682127857e-1,
        2.8036448755799687e-1, 2.2997573008415667e-1, 3.4948812503713511e-1,
        9.6408357906222472e-2, 1.003380079665996e-1, 2.8943784308397896e-1,
        1.786164539550919e-1, 2.8615392263125194e-1, 2.2932889596089792e-1,
        3.5421289616647156e-1, 3.4494449154498535e-1, 4.3167323082355386e-1,
        2.2079722375183963e-1, 1.5317283509768431e-1, 9.1986167658109179e-3,
        2.3545234257410338e-2, 3.4572847971846621e-1, 2.5016930881215738e-1,
        2.5554986260163293e-1, 1.0329343526262501e-1, 1.1348277919054021e-1,
        2.0200151913957284e-1, 1.5540729334166614e-1, 2.8373312584990878e-1,
        1.101376107119611e-1, 3.1162698639629238e-1, 4.5606562754995655e-1,
        7.4059074679850914e-2
      ]
    ]
  }
}
