{
  "name": "Strang-Fix/Cowper 9",
  "domain": "T2",
  "degree": 6,
  "test_tolerance": 1.1224417758012898e-15,
  "comments": ["precision improved with quadpy-optimize"],
  "data": {
    "d3_aa": [
      [5.0844906370206888e-2, 1.1678627572637931e-1],
      [6.3089014491502254e-2, 2.492867451709104e-1]
    ],
    "d3_ab": [
      [8.2851075618373626e-2],
      [6.3650249912139867e-1],
      [3.1035245103378439e-1]
    ]
  }
}
