{
  "name": "Strang-Fix/Cowper 10",
  "domain": "T2",
  "degree": 7,
  "test_tolerance": 1.1688565284181426e-15,
  "comments": ["precision improved with quadpy-optimize"],
  "data": {
    "centroid": [[-1.4957004446768216e-1]],
    "d3_aa": [
      [1.7561525743320783e-1, 5.3347235608838486e-2],
      [2.6034596607903987e-1, 6.5130102902215811e-2]
    ],
    "d3_ab": [
      [7.7113760890257094e-2],
      [6.3844418856980978e-1],
      [3.1286549600487379e-1]
    ]
  }
}
