{
  "name": "CUBTRI",
  "domain": "T2",
  "degree": 8,
  "test_tolerance": 8.326672684688674e-16,
  "comments": ["precision improved with quadpy-optimize"],
  "data": {
    "centroid": [[3.78610912676185e-2]],
    "d3_aa": [
      [
        3.762042549088473e-2, 7.835735227628632e-2, 1.162714795211444e-1,
        1.344426749552397e-2
      ],
      [
        1.012865076914474e-1, 4.701420640773546e-1, 2.321023268061574e-1,
        2.948086107550602e-2
      ]
    ],
    "d3_ab": [
      [3.750972239681045e-2],
      [7.384168123063978e-1],
      [2.321023268944031e-1]
    ]
  }
}
