{
  "name": "Maeztu-Sainz",
  "domain": "T3",
  "degree": 1,
  "comments": [
    "The article claims degree 11, but tests show only degree 1.",
    "TODO find out what's going on"
  ],
  "test_tolerance": 7.137e-17,
  "data": {
    "s4": [[-0.3229059250896649]],
    "s31": [
      [
        -0.3831136086645949, 0.1259876832639002, 0.7772656110490364e-2,
        0.4475842042017354e-5, 0.3076630972851224e-1
      ],
      [
        0.3197881306061907, 0.2745875432484354, 0.4902463231623282e-1,
        -0.5889205032331655e-1, 0.14369806508030763
      ]
    ],
    "s22": [[0.2230322290225118e-1], [0.43340593206769717]],
    "s211": [
      [
        0.5167456484634155e-3, 0.148453898648989, 0.93309673527891e-3,
        0.9319130804165715e-2, 0.127285050426661e-1
      ],
      [
        0.50318342940324511, 0.2944561694949265, 0.0, 0.14550316358503807,
        0.43854531792695007e-1
      ],
      [
        0.60987466974805193e-1, 0.37182110608410947, 0.13838985309026736,
        0.69267352508351802, 0.27759599714708815
      ]
    ]
  }
}
