{
  "name": "Witherden-Vincent 9",
  "domain": "T3",
  "degree": 9,
  "test_tolerance": 2.379e-17,
  "data": {
    "s4": [[5.801054891248025e-2]],
    "s31": [
      [
        6.431928175925639e-5, 2.317333846242546e-2, 2.956291233542929e-2,
        8.063979979616182e-3
      ],
      [
        6.198169755222693e-10, 1.607745353952616e-1, 3.22276521821421e-1,
        4.510891834541358e-2
      ]
    ],
    "s22": [[3.813408010370246e-2], [1.122965460043761e-1]],
    "s211": [
      [8.384422198298552e-3, 1.023455935274533e-2, 2.052491596798814e-2],
      [4.588714487524592e-1, 3.37758706853386e-2, 1.836413698099279e-1],
      [2.55457923304131e-3, 7.183503264420745e-1, 3.441591057817528e-2]
    ]
  }
}
