{
  "name": "Witherden-Vincent 8",
  "domain": "T3",
  "degree": 8,
  "test_tolerance": 1.332e-17,
  "data": {
    "s31": [
      [
        2.642665090840883e-2, 5.203174756373853e-2, 7.525256153540199e-3,
        4.17637828569349e-2
      ],
      [
        1.079527249622109e-1, 1.851094877825866e-1, 4.231654368476728e-2,
        3.14181709124039e-1
      ]
    ],
    "s22": [[3.628093026130882e-2], [4.355913285838302e-1]],
    "s211": [
      [7.156902890844433e-3, 1.545348615096034e-2],
      [2.143393012713057e-2, 2.041393338760291e-1],
      [7.174640634263083e-1, 5.837973783021444e-1]
    ]
  }
}
