{
  "name": "Witherden-Vincent 10",
  "domain": "T3",
  "degree": 10,
  "test_tolerance": 7.137e-17,
  "data": {
    "s4": [[4.739977355602074e-2]],
    "s31": [
      [2.69370599922687e-2, 9.869159716793382e-3],
      [3.122500686951887e-1, 1.143096538573461e-1]
    ],
    "s211": [
      [
        1.139388122019523e-2, 3.619443443392536e-4, 2.573973198045607e-2,
        1.013587167975579e-2, 6.576147277035904e-3, 1.290703579886199e-2
      ],
      [
        4.104307392189654e-1, 6.138008824790653e-3, 1.210501811455894e-1,
        3.277946821644262e-2, 3.248528156482305e-2, 1.74979342183939e-1
      ],
      [
        1.654860256196111e-1, 9.429887673452049e-1, 4.771903799042804e-1,
        5.94256269480007e-1, 8.011772846583444e-1, 6.28071845475366e-1
      ]
    ]
  }
}
