{
  "name": "Witherden-Vincent 5",
  "domain": "T3",
  "degree": 5,
  "test_tolerance": 1.332e-17,
  "data": {
    "s31": [
      [1.126879257180159e-1, 7.349304311636196e-2],
      [3.108859192633006e-1, 9.273525031089125e-2]
    ],
    "s22": [[4.254602077708147e-2], [4.550370412564964e-2]]
  }
}
