{
  "name": "Witherden-Vincent 6",
  "domain": "T3",
  "degree": 6,
  "test_tolerance": 4.758e-17,
  "data": {
    "s31": [
      [1.007721105532064e-2, 5.535718154365472e-2, 3.992275025816749e-2],
      [4.067395853461137e-2, 3.223378901422755e-1, 2.14602871259152e-1]
    ],
    "s211": [
      [4.821428571428571e-2],
      [6.366100187501744e-2],
      [6.030056647916492e-1]
    ]
  }
}
