{
  "name": "Witherden-Vincent 7",
  "domain": "T3",
  "degree": 7,
  "test_tolerance": 4.758e-17,
  "data": {
    "s4": [[9.548528946413085e-2]],
    "s31": [[4.232958120996703e-2], [3.157011497782028e-1]],
    "s22": [[3.189692783285758e-2], [5.048982259839635e-2]],
    "s211": [
      [3.720713072833462e-2, 8.110770829903342e-3],
      [1.88833831026001e-1, 2.126547254148314e-2],
      [5.75171637587e-1, 8.108302410985486e-1]
    ]
  }
}
