{
  "name": "Gatermann",
  "domain": "T3",
  "degree": 5,
  "test_tolerance": 4.758e-17,
  "weight factor": 6.0,
  "data": {
    "s31": [
      [
        9.73033316198362119165356216965707e-6,
        8.99031481668747219698547129902142e-3
      ],
      [
        0.656936552995394536166881327385593,
        0.0801424420792727848879183805550907
      ]
    ],
    "s22": [
      [2.17777476778781405656596945369837e-2],
      [0.404475329343454044779549906725159]
    ]
  }
}
