{
  "name": "Berntsen-Espelid 1 (DCUTRI)",
  "domain": "T2",
  "degree": 13,
  "test_tolerance": 1.665334536937735e-15,
  "comments": ["precision improved with quadpy-optimize"],
  "data": {
    "centroid": [[5.173976616530191e-2]],
    "d3_aa": [
      [
        8.007799548393927e-3, 4.686889898584292e-2, 4.659094035902269e-2,
        3.101694334970156e-2, 1.079161294269382e-2, 3.219553405798922e-2
      ],
      [
        2.486216852666854e-2, 4.14192542518713e-1, 2.302938779228081e-1,
        1.139199817782284e-1, 4.95457299862748e-1, 4.688613546920206e-1
      ]
    ],
    "d3_ab": [
      [1.544583422798535e-2, 1.782298982538873e-2, 3.703868363058681e-2],
      [2.207628968950129e-2, 1.862052268300005e-2, 9.65064809007545e-2],
      [8.513065041979968e-1, 6.894419708947643e-1, 6.358678595464196e-1]
    ]
  }
}
