{
  "name": "Berntsen-Espelid 3",
  "domain": "T2",
  "degree": 13,
  "test_tolerance": 4.996e-16,
  "data": {
    "d3_aa": [
      [
        -4.438917939249711e-15, 0.023875084055169335843543623613,
        0.063189783598782833129430995388, 0.008045069816524589599830031859,
        0.027856097113552204952023523591, 0.05068506106702576774564258915
      ],
      [
        -1.097321247106281159287766916114, 0.488287850733405315708960134736,
        0.271000295524474716503595027679, 0.024788431033661361058352074973,
        0.107120353118147709346761786284, 0.440323874478061332339068546065
      ]
    ],
    "d3_ab": [
      [
        0.014867088321983380610493967543, 0.021575699816275772518477875728,
        0.043398330702882367361429063273
      ],
      [
        0.02082152084663161695873068738, 0.022919482804812809947480096117,
        0.115458022821994138042223116054
      ],
      [
        0.850459062644356742678494398953, 0.683758575887968213394629723103,
        0.631364930935447484201224031403
      ]
    ]
  }
}
