{
  "name": "Berntsen-Espelid 2",
  "domain": "T2",
  "degree": 13,
  "test_tolerance": 7.216e-16,
  "data": {
    "centroid": [[0.058696079612719031799193912788]],
    "d3_aa": [
      [
        0.00785076829610008032745181937, 0.050668953175886963421095258589,
        0.050080326090509066160747699962, 0.031647114592298319035326893473,
        0.005356903791090860889118181848, 0.031492563075968795690055730726
      ],
      [
        0.02460718864323021818784995162, 0.420308753101194683716920517937,
        0.227900255506160619646298949779, 0.116213058883517905247155308064, 0.5,
        0.476602980049079152951254192421
      ]
    ],
    "d3_ab": [
      [
        0.015802532215260751359123743555, 0.015981637780928405322919308674,
        0.036551502224097295256193503655
      ],
      [
        0.022797894538248612547720754462, 0.016275770991088540943703616092,
        0.0897330604516053590796290761
      ],
      [
        0.851775587145410469734660000132, 0.692797317566660854594116271938,
        0.637955883864209538412552781228
      ]
    ]
  }
}
