{
  "name": "Berntsen-Espelid 4",
  "domain": "T2",
  "degree": 13,
  "test_tolerance": 6.731e-16,
  "data": {
    "centroid": [[0.055141401445961668095892272765]],
    "d3_aa": [
      [
        0.000011142520455322162070507537, 0.008019330681470505488363363198,
        0.033429216779221783453803543232, 0.046966588930899169431852266167,
        0.031079169485602998741093672276, 0.048947942555161210000640851464,
        0.005884459601338707440236321752
      ],
      [
        0, 0.024978640633391274114293084881, 0.47448992043651685516327773391,
        0.230836272600280459320993940175, 0.114080598593243463483923394518,
        0.41796518528650971576677117423, 0.5
      ]
    ],
    "d3_ab": [
      [
        0.015445834210701583817692900053, 0.017822989923178661888748319485,
        0.03703868368138462791854647219
      ],
      [
        0.022076289653624405142446876931, 0.018620522802520968955913511549,
        0.096506481292159228736516560903
      ],
      [
        0.851306504174348550389457672223, 0.689441970728591295496647976487,
        0.635867859433872768286976979827
      ]
    ]
  }
}
