{
  "name": "Williams-Shunn-Jameson",
  "domain": "T3",
  "degree": 9,
  "test_tolerance": 1.38e-15,
  "data": {
    "s31": [
      [0.002144935144316, 0.020826641690769, 0.023000681669286],
      [0.026878474414817, 0.18714067580347, 0.322111431830857]
    ],
    "s22": [
      [0.007210136064455, 0.030798919159712],
      [0.473575835127937, 0.352045262027356]
    ],
    "s211": [
      [0.004357844813864, 0.008593530677833, 0.004863063904912],
      [0.020953442220056, 0.096989733123466, 0.097608162890442],
      [0.22578320586694, 0.158462939666092, 0.011844417749498]
    ],
    "s1111": [
      [0.015595140078259],
      [0.541184412800237],
      [0.133558160703568],
      [0.296501020543124]
    ]
  }
}
