{
  "name": "Sommariva 11",
  "domain": "C2",
  "degree": 11,
  "test_tolerance": 9.159e-16,
  "weight factor": 2.5e-1,
  "data": {
    "plain": [
      [
        3.5115871839824547e-1, 2.1173634999894861e-1, 2.256260617288634e-1,
        4.8020763350723791e-2, 9.7386777358668172e-2, 6.6071329164550607e-2,
        3.5115871839824547e-1, 2.1173634999894861e-1, 2.256260617288634e-1,
        4.8020763350723791e-2, 9.7386777358668172e-2, 6.6071329164550607e-2,
        3.5115871839824547e-1, 2.1173634999894861e-1, 2.256260617288634e-1,
        4.8020763350723791e-2, 9.7386777358668172e-2, 6.6071329164550607e-2,
        3.5115871839824547e-1, 2.1173634999894861e-1, 2.256260617288634e-1,
        4.8020763350723791e-2, 9.7386777358668172e-2, 6.6071329164550607e-2
      ],
      [
        -4.1658071912022282e-2, 3.1562343291525419e-1, 7.1200191307533633e-1,
        6.980761045495677e-1, 9.5353952820153209e-1, 9.3948638281673691e-1,
        -4.2484724884866931e-1, -8.1252054830481324e-1, -5.2532025036454777e-1,
        -9.8263922354085553e-1, -1.8858613871864191e-1, -8.2577583590296399e-1,
        4.1658071912022282e-2, -3.1562343291525419e-1, -7.1200191307533633e-1,
        -6.980761045495677e-1, -9.5353952820153209e-1, -9.3948638281673691e-1,
        4.2484724884866931e-1, 8.1252054830481324e-1, 5.2532025036454777e-1,
        9.8263922354085553e-1, 1.8858613871864191e-1, 8.2577583590296399e-1
      ],
      [
        4.2484724884866931e-1, 8.1252054830481324e-1, 5.2532025036454777e-1,
        9.8263922354085553e-1, 1.8858613871864191e-1, 8.2577583590296399e-1,
        -4.1658071912022282e-2, 3.1562343291525419e-1, 7.1200191307533633e-1,
        6.980761045495677e-1, 9.5353952820153209e-1, 9.3948638281673691e-1,
        -4.2484724884866931e-1, -8.1252054830481324e-1, -5.2532025036454777e-1,
        -9.8263922354085553e-1, -1.8858613871864191e-1, -8.2577583590296399e-1,
        4.1658071912022282e-2, -3.1562343291525419e-1, -7.1200191307533633e-1,
        -6.980761045495677e-1, -9.5353952820153209e-1, -9.3948638281673691e-1
      ]
    ]
  }
}
