{
  "name": "Sommariva 25",
  "domain": "C2",
  "degree": 25,
  "test_tolerance": 1.109e-15,
  "weight factor": 2.5e-1,
  "data": {
    "plain": [
      [
        8.6496435965409679e-2, 5.9304504714546971e-2, 2.4925238765067161e-2,
        8.6506510809764792e-2, 6.8008661873305926e-2, 3.8200055211173728e-2,
        7.1201261120167293e-3, 5.8278847912188243e-2, 6.7616495696719792e-2,
        4.6010219187944693e-2, 1.7239712239015971e-2, 4.5682463079700808e-2,
        2.4847015858045881e-2, 4.3137161225043838e-3, 2.5354286375561929e-2,
        3.7537439120083178e-2, 2.457091299936516e-2, 1.007243031836228e-2,
        4.9614580448772219e-3, 7.5988057389262571e-3, 1.776328589308987e-2,
        3.74758588152877e-3, 6.2899824579406407e-3, 1.697350354991505e-3,
        9.6887012491824021e-2, 7.643513771616485e-2, 4.3739624814005333e-2,
        8.7910366773417976e-3, 8.6496435965409679e-2, 5.9304504714546971e-2,
        2.4925238765067161e-2, 8.6506510809764792e-2, 6.8008661873305926e-2,
        3.8200055211173728e-2, 7.1201261120167293e-3, 5.8278847912188243e-2,
        6.7616495696719792e-2, 4.6010219187944693e-2, 1.7239712239015971e-2,
        4.5682463079700808e-2, 2.4847015858045881e-2, 4.3137161225043838e-3,
        2.5354286375561929e-2, 3.7537439120083178e-2, 2.457091299936516e-2,
        1.007243031836228e-2, 4.9614580448772219e-3, 7.5988057389262571e-3,
        1.776328589308987e-2, 3.74758588152877e-3, 6.2899824579406407e-3,
        1.697350354991505e-3, 9.6887012491824021e-2, 7.643513771616485e-2,
        4.3739624814005333e-2, 8.7910366773417976e-3, 8.6496435965409679e-2,
        5.9304504714546971e-2, 2.4925238765067161e-2, 8.6506510809764792e-2,
        6.8008661873305926e-2, 3.8200055211173728e-2, 7.1201261120167293e-3,
        5.8278847912188243e-2, 6.7616495696719792e-2, 4.6010219187944693e-2,
        1.7239712239015971e-2, 4.5682463079700808e-2, 2.4847015858045881e-2,
        4.3137161225043838e-3, 2.5354286375561929e-2, 3.7537439120083178e-2,
        2.457091299936516e-2, 1.007243031836228e-2, 4.9614580448772219e-3,
        7.5988057389262571e-3, 1.776328589308987e-2, 3.74758588152877e-3,
        6.2899824579406407e-3, 1.697350354991505e-3, 9.6887012491824021e-2,
        7.643513771616485e-2, 4.3739624814005333e-2, 8.7910366773417976e-3,
        8.6496435965409679e-2, 5.9304504714546971e-2, 2.4925238765067161e-2,
        8.6506510809764792e-2, 6.8008661873305926e-2, 3.8200055211173728e-2,
        7.1201261120167293e-3, 5.8278847912188243e-2, 6.7616495696719792e-2,
        4.6010219187944693e-2, 1.7239712239015971e-2, 4.5682463079700808e-2,
        2.4847015858045881e-2, 4.3137161225043838e-3, 2.5354286375561929e-2,
        3.7537439120083178e-2, 2.457091299936516e-2, 1.007243031836228e-2,
        4.9614580448772219e-3, 7.5988057389262571e-3, 1.776328589308987e-2,
        3.74758588152877e-3, 6.2899824579406407e-3, 1.697350354991505e-3,
        9.6887012491824021e-2, 7.643513771616485e-2, 4.3739624814005333e-2,
        8.7910366773417976e-3, 1.45902741297425e-5
      ],
      [
        2.4089795612442441e-1, 2.7180223581063728e-1, 2.9496511735499448e-1,
        4.390520493777193e-1, 4.6620649012661569e-1, 4.8307866178780462e-1,
        5.0453767123549564e-1, 7.757488163218268e-1, 6.3699474795729294e-1,
        6.5356755048072257e-1, 6.5953429905371974e-1, 7.9063719187726211e-1,
        8.0553364821991602e-1, 7.535373835857363e-1, 9.5646465922161106e-1,
        8.9027434051534371e-1, 9.0336393293943995e-1, 9.3729831126864893e-1,
        8.6364616034244757e-1, 9.9383605644929929e-1, 9.6195433737138014e-1,
        9.918091540820021e-1, 9.8479161239165047e-1, 9.8856528331577354e-1,
        9.2337770862259208e-3, 3.0411130221317091e-2, 6.7089418210533158e-2,
        7.2762407424426231e-2, -4.2029211493451768e-1, -7.5475690980636323e-1,
        -9.5571397439583905e-1, -2.026918805813806e-1, -5.9422452104331835e-1,
        -8.7326331855473116e-1, -9.9401694170920074e-1, -1.7794097082503349e-1,
        -4.0050733917474751e-1, -7.53363430276071e-1, -9.5087454006306837e-1,
        -5.9346568216539863e-1, -8.7730802523798401e-1, -9.795331551151395e-1,
        -1.5712059646620311e-1, -3.9146734876800782e-1, -7.5951778744075982e-1,
        -9.3850695805625273e-1, -9.8968011930347299e-1, -3.7503006090786872e-1,
        -5.8368193793620604e-1, -7.1761229225353051e-1, -8.5714173798839921e-1,
        -9.8605937989997783e-1, -2.2086717091545871e-1, -6.1374152734476373e-1,
        -8.7865734778606885e-1, -9.9288461859988586e-1, -2.4089795612442441e-1,
        -2.7180223581063728e-1, -2.9496511735499448e-1, -4.390520493777193e-1,
        -4.6620649012661569e-1, -4.8307866178780462e-1, -5.0453767123549564e-1,
        -7.757488163218268e-1, -6.3699474795729294e-1, -6.5356755048072257e-1,
        -6.5953429905371974e-1, -7.9063719187726211e-1, -8.0553364821991602e-1,
        -7.535373835857363e-1, -9.5646465922161106e-1, -8.9027434051534371e-1,
        -9.0336393293943995e-1, -9.3729831126864893e-1, -8.6364616034244757e-1,
        -9.9383605644929929e-1, -9.6195433737138014e-1, -9.918091540820021e-1,
        -9.8479161239165047e-1, -9.8856528331577354e-1, -9.2337770862259208e-3,
        -3.0411130221317091e-2, -6.7089418210533158e-2, -7.2762407424426231e-2,
        4.2029211493451768e-1, 7.5475690980636323e-1, 9.5571397439583905e-1,
        2.026918805813806e-1, 5.9422452104331835e-1, 8.7326331855473116e-1,
        9.9401694170920074e-1, 1.7794097082503349e-1, 4.0050733917474751e-1,
        7.53363430276071e-1, 9.5087454006306837e-1, 5.9346568216539863e-1,
        8.7730802523798401e-1, 9.795331551151395e-1, 1.5712059646620311e-1,
        3.9146734876800782e-1, 7.5951778744075982e-1, 9.3850695805625273e-1,
        9.8968011930347299e-1, 3.7503006090786872e-1, 5.8368193793620604e-1,
        7.1761229225353051e-1, 8.5714173798839921e-1, 9.8605937989997783e-1,
        2.2086717091545871e-1, 6.1374152734476373e-1, 8.7865734778606885e-1,
        9.9288461859988586e-1, 0.0
      ],
      [
        4.2029211493451768e-1, 7.5475690980636323e-1, 9.5571397439583905e-1,
        2.026918805813806e-1, 5.9422452104331835e-1, 8.7326331855473116e-1,
        9.9401694170920074e-1, 1.7794097082503349e-1, 4.0050733917474751e-1,
        7.53363430276071e-1, 9.5087454006306837e-1, 5.9346568216539863e-1,
        8.7730802523798401e-1, 9.795331551151395e-1, 1.5712059646620311e-1,
        3.9146734876800782e-1, 7.5951778744075982e-1, 9.3850695805625273e-1,
        9.8968011930347299e-1, 3.7503006090786872e-1, 5.8368193793620604e-1,
        7.1761229225353051e-1, 8.5714173798839921e-1, 9.8605937989997783e-1,
        2.2086717091545871e-1, 6.1374152734476373e-1, 8.7865734778606885e-1,
        9.9288461859988586e-1, 2.4089795612442441e-1, 2.7180223581063728e-1,
        2.9496511735499448e-1, 4.390520493777193e-1, 4.6620649012661569e-1,
        4.8307866178780462e-1, 5.0453767123549564e-1, 7.757488163218268e-1,
        6.3699474795729294e-1, 6.5356755048072257e-1, 6.5953429905371974e-1,
        7.9063719187726211e-1, 8.0553364821991602e-1, 7.535373835857363e-1,
        9.5646465922161106e-1, 8.9027434051534371e-1, 9.0336393293943995e-1,
        9.3729831126864893e-1, 8.6364616034244757e-1, 9.9383605644929929e-1,
        9.6195433737138014e-1, 9.918091540820021e-1, 9.8479161239165047e-1,
        9.8856528331577354e-1, 9.2337770862259208e-3, 3.0411130221317091e-2,
        6.7089418210533158e-2, 7.2762407424426231e-2, -4.2029211493451768e-1,
        -7.5475690980636323e-1, -9.5571397439583905e-1, -2.026918805813806e-1,
        -5.9422452104331835e-1, -8.7326331855473116e-1, -9.9401694170920074e-1,
        -1.7794097082503349e-1, -4.0050733917474751e-1, -7.53363430276071e-1,
        -9.5087454006306837e-1, -5.9346568216539863e-1, -8.7730802523798401e-1,
        -9.795331551151395e-1, -1.5712059646620311e-1, -3.9146734876800782e-1,
        -7.5951778744075982e-1, -9.3850695805625273e-1, -9.8968011930347299e-1,
        -3.7503006090786872e-1, -5.8368193793620604e-1, -7.1761229225353051e-1,
