{
  "name": "Sommariva 15",
  "domain": "C2",
  "degree": 15,
  "test_tolerance": 1.485e-15,
  "weight factor": 2.5e-1,
  "data": {
    "plain": [
      [
        2.69200463746362e-2, 1.749593663841038e-2, 4.4073973300603808e-2,
        9.5979841170681333e-3, 9.1866886363746916e-2, 6.0090398477918687e-2,
        2.0996779525153039e-2, 7.8228991556832078e-2, 4.3237941166840668e-2,
        1.3414652025388379e-1, 1.4560545556375751e-1, 4.226674647754744e-2,
        8.6065815763913298e-2, 1.3364073589401951e-1, 2.029010677239986e-1,
        1.5608591719043999e-1, 3.6697079793161252e-2, 1.8059434768141261e-1,
        7.0005250560158772e-2, 2.00884385179736e-1, 1.3832760610214051e-1,
        1.6054026858924181e-1, 1.3832760610214051e-1, 2.00884385179736e-1,
        7.0005250560158772e-2, 1.8059434768141261e-1, 3.6697079793161252e-2,
        1.5608591719043999e-1, 2.029010677239986e-1, 1.3364073589401951e-1,
        8.6065815763913298e-2, 4.226674647754744e-2, 1.4560545556375751e-1,
        1.3414652025388379e-1, 4.3237941166840668e-2, 7.8228991556832078e-2,
        2.0996779525153039e-2, 6.0090398477918687e-2, 9.1866886363746916e-2,
        9.5979841170681333e-3, 4.4073973300603808e-2, 1.749593663841038e-2,
        2.69200463746362e-2
      ],
      [
        -9.8970358093175448e-1, -9.844256804341962e-1, -9.7207406129500273e-1,
        -9.7175182224292522e-1, -9.1927344389993804e-1, -8.9207180079890802e-1,
        -8.6945224159733303e-1, -8.6852368922094936e-1, -7.6303896105226543e-1,
        -7.6067461388266111e-1, -7.1517163101988512e-1, -6.9873399625800514e-1,
        -6.3484431559212651e-1, -5.0342503021300444e-1, -4.7956553973425581e-1,
        -4.6399449741524912e-1, -3.2441292515988912e-1, -2.4133266018456059e-1,
        -2.2898478575257819e-1, -1.6481179010137781e-1, -1.2207761564978201e-1,
        0.0, 1.2207761564978201e-1, 1.6481179010137781e-1,
        2.2898478575257819e-1, 2.4133266018456059e-1, 3.2441292515988912e-1,
        4.6399449741524912e-1, 4.7956553973425581e-1, 5.0342503021300444e-1,
        6.3484431559212651e-1, 6.9873399625800514e-1, 7.1517163101988512e-1,
        7.6067461388266111e-1, 7.6303896105226543e-1, 8.6852368922094936e-1,
        8.6945224159733303e-1, 8.9207180079890802e-1, 9.1927344389993804e-1,
        9.7175182224292522e-1, 9.7207406129500273e-1, 9.844256804341962e-1,
        9.8970358093175448e-1
      ],
      [
        5.4259073147428105e-1, -8.6304334348311607e-1, -3.5297709572153269e-1,
        9.6832140175312464e-1, 1.159789159156424e-1, 8.0964477396780932e-1,
        -9.7619610933459278e-1, -6.7564596571063829e-1, -4.5196518303707928e-1,
        4.797962173343035e-1, -1.8638334740250689e-1, 9.5955710775234382e-1,
        -8.760006464754001e-1, 7.5444763479649102e-1, 1.7958097406839871e-1,
        -5.7896946730137933e-1, -9.8157978079640384e-1, -2.5620943645466682e-1,
        9.4624541938633999e-1, 5.0769306658709057e-1, -8.0002258112803681e-1,
        0.0, 8.0002258112803681e-1, -5.0769306658709057e-1,
        -9.4624541938633999e-1, 2.5620943645466682e-1, 9.8157978079640384e-1,
        5.7896946730137933e-1, -1.7958097406839871e-1, -7.5444763479649102e-1,
        8.760006464754001e-1, -9.5955710775234382e-1, 1.8638334740250689e-1,
        -4.797962173343035e-1, 4.5196518303707928e-1, 6.7564596571063829e-1,
        9.7619610933459278e-1, -8.0964477396780932e-1, -1.159789159156424e-1,
        -9.6832140175312464e-1, 3.5297709572153269e-1, 8.6304334348311607e-1,
        -5.4259073147428105e-1
      ]
    ]
  }
}
