{
  "name": "Sommariva 22",
  "domain": "C2",
  "degree": 22,
  "test_tolerance": 4.033e-15,
  "weight factor": 2.5e-1,
  "data": {
    "plain": [
      [
        1.3258426393821019e-2, 1.068979190883013e-2, 1.7439772084903521e-2,
        5.1743818781691837e-3, 1.707304801541134e-3, 6.7547903341560389e-3,
        2.062095495154808e-2, 1.8916170924722479e-2, 3.3901129667836732e-2,
        3.7533416381818542e-2, 2.4146670230018812e-2, 5.413462408552709e-3,
        1.265810122238417e-2, 3.3678381859814317e-2, 4.7012509421045207e-2,
        4.4925175314495518e-2, 3.017348276324992e-2, 4.9119478990242597e-2,
        1.3920586211293931e-2, 8.2659821965940239e-3, 3.3508112540774022e-2,
        5.8117295004695077e-2, 7.1502476410337093e-2, 6.4173783694789294e-2,
        4.8207208847162397e-2, 4.0102979013316331e-2, 5.4236653101442664e-3,
        1.8558906844497718e-2, 5.6768548110583752e-2, 8.3333743466610793e-2,
        9.157138052866115e-2, 6.5728435060208271e-2, 4.698932393055661e-2,
        6.9565898317982926e-3, 4.2913389081108332e-2, 8.1998424243479945e-2,
        1.042545147901201e-1, 1.003220388009486e-1, 5.250936392916155e-2,
        3.6000958112432167e-2, 1.5136303827072961e-2, 1.8034132153873689e-2,
        6.8440872942202802e-2, 1.019382263127832e-1, 1.1369070243245311e-1,
        9.3487935739238109e-2, 6.8032366067049543e-2, 1.515020459751181e-2,
        7.1857712344248889e-3, 4.3694021006442388e-2, 8.7773174508973539e-2,
        1.1176848677623979e-1, 1.085208525145446e-1, 8.5588704952416217e-2,
        4.8676035900795701e-2, 2.3312600179330401e-2, 2.242566292797548e-2,
        6.4207372020853845e-2, 9.7872713359888591e-2, 1.068882608071387e-1,
        9.1926845759769282e-2, 6.2955006285226364e-2, 7.0267760851452817e-3,
        6.2834907407994236e-3, 3.7612253648440078e-2, 7.5066382820084585e-2,
        9.2436970079309816e-2, 8.5050417392604452e-2, 6.8183658539525682e-2,
        3.6825178854994881e-2, 1.6691512142699351e-2, 4.4952605980242658e-2,
        6.9286458748005778e-2, 6.6195052748057814e-2, 6.0428298107641297e-2,
        4.1518995307586203e-2, 1.514946999120562e-2, 2.1044332354766979e-2,
        3.8600288586778012e-2, 2.7862660232473489e-2, 4.1170088024263772e-2,
        3.3159125289443023e-2, 1.5804814418019682e-2, 2.6647935051340539e-3,
        3.5939872395896431e-3, 1.405694455607466e-2, 1.306184877568784e-2,
        1.5591388214804609e-2, 1.342812184963877e-2, 7.7414158487287346e-3,
        5.1717641182072536e-3, 2.0006417147943021e-2, 3.3771288494739622e-3
      ],
      [
        9.8863290577975815e-1, 9.888026938509622e-1, 9.6618160008244902e-1,
        9.8890310958542815e-1, 9.8737019277174609e-1, 9.9059411151283638e-1,
        9.7063937317004778e-1, 9.8031365799615067e-1, 9.3410833830866047e-1,
        8.7348936063299776e-1, 8.8105829006354741e-1, 9.3087122519047572e-1,
        9.3773743026895462e-1, 8.843781920205257e-1, 8.7754115993310899e-1,
        9.0821005222975837e-1, 7.7633035487896473e-1, 7.2301625114315571e-1,
        7.5623423294253611e-1, 8.327763332833239e-1, 7.4126803671280461e-1,
        7.4001269739834019e-1, 7.4145646174376789e-1, 7.8674080875412622e-1,
        5.3694371867496371e-1, 5.4619611596745654e-1, 7.5056368243357763e-1,
        5.6687391245201424e-1, 5.6086319079990499e-1, 5.6121158552099959e-1,
        5.6613364309194347e-1, 6.1347246536257816e-1, 3.3746275345961291e-1,
        5.5061942438472899e-1, 3.6820326007555038e-1, 3.5031735579991091e-1,
        3.4849344925949871e-1, 3.5992397536988768e-1, 3.3527940401203088e-1,
        1.6484798468468351e-1, 3.4096395565150089e-1, 2.013308254889806e-1,
        1.3409017324886099e-1, 1.144967045243097e-1, 1.1894857846656259e-1,
        1.058758908864689e-1, 2.839855852222449e-2, -4.7124932506967393e-2,
        -1.410549552011679e-1, -5.1009791311207968e-2, -1.137013612566373e-1,
        -1.244170197023402e-1, -1.3701226512366541e-1, -2.232031959837765e-1,
        -1.940829548165339e-1, -4.0816539160129922e-1, -3.5339813060289987e-1,
        -3.0456522244914602e-1, -3.5267439701395531e-1, -3.720004998868196e-1,
        -4.5148886172243852e-1, -4.4299086383188779e-1, -6.8157408344810189e-1,
        -5.6321090892880055e-1, -5.6215129587148838e-1, -5.3820577757849308e-1,
        -5.8131675558299123e-1, -6.5164058141525438e-1, -6.5069980516307868e-1,
        -6.3348050484295837e-1, -7.4722752386834301e-1, -7.4820673509795654e-1,
        -7.4008218846693086e-1, -8.1050447489910205e-1, -8.1567923035519507e-1,
        -8.0901368735283863e-1, -8.3355131360719914e-1, -8.8721749924373461e-1,
        -8.9310867651951509e-1, -8.9163338119898028e-1, -9.2927895892328183e-1,
        -9.2921972039324108e-1, -9.3855901191122881e-1, -9.284304209620261e-1,
        -9.0538749056107826e-1, -9.747952911035821e-1, -9.8668618553122278e-1,
        -9.8637035785000005e-1, -9.8892703650253999e-1, -9.9080212130830214e-1,
        -9.8156925235070225e-1, -9.4713767188417597e-1, -9.8747873066624292e-1
      ],
      [
        -1.1456747299336589e-1, -5.2133031495274107e-1, -7.5550708989273707e-1,
        -9.320977012046493e-1, 9.8970354591449383e-1, 8.3273021912792944e-1,
        5.982438926502055e-1, 2.7170426476146459e-1, -3.3530566385547489e-1,
        -6.0549835859223111e-1, -8.7770173340488722e-1, -9.8807675419589214e-1,
        9.3307443626598441e-1, 7.6815918015663698e-1, 4.1956779197031002e-1,
        4.460741468226298e-2, -4.8106248029690502e-1, -7.5966078247352808e-1,
        -9.5452719248602713e-1, 9.8635272802592533e-1, 8.9542129328616238e-1,
        6.1111256383211765e-1, 1.9657207767304821e-1, -1.9303897859776101e-1,
        -6.3143071278705887e-1, -8.9109585857859996e-1, -9.7819524872391928e-1,
        9.769610350593898e-1, 7.7175738341450606e-1, 4.0881494530438861e-1,
        -4.1764750152176067e-2, -4.1699179244614082e-1, -7.9533385240316545e-1,
        -9.9066000940745602e-1, 8.9981896552975427e-1, 6.0431605939083e-1,
        1.8421870148086519e-1, -2.7939006228961361e-1, -6.0909837239974796e-1,
        -9.2228110238038274e-1, -9.7755798202165156e-1, 9.8178281744423712e-1,
        7.7665626609489824e-1, 4.0690757070840389e-1, -5.4339223544037127e-2,
        -4.7937877783634242e-1, -7.5597681930145932e-1, -9.8744768086659962e-1,
        9.9451367643879085e-1, 9.1486491962093852e-1, 6.1393560446231144e-1,
        1.823653793283892e-1, -2.7125757086083718e-1, -6.0674253133321532e-1,
        -8.9016396971572209e-1, -9.7093681482056049e-1, 9.6164101875631081e-1,
        7.9858024288604168e-1, 4.1468125514549192e-1, -3.6667788686857737e-2,
        -4.0963498366359508e-1, -7.7437291861665292e-1, -9.928214216661736e-1,
        9.9358964476242684e-1, 8.8963994700679061e-1, 6.3822128576262516e-1,
        2.0568627028151859e-1, -1.8469019009979151e-1, -6.087053290037806e-1,
        -8.9759768208384549e-1, 9.6417403581777139e-1, 7.7807551489654703e-1,
        4.5324918327629732e-1, 5.416962245544283e-2, -4.0607460033400472e-1,
        -7.7483122291172934e-1, -9.5350726254434437e-1, 8.9657692713614601e-1,
        6.3280259051748178e-1, 3.038140953910366e-1, -1.7618348884634871e-1,
        -6.0695299817203419e-1, -8.777667192165588e-1, -9.9518240528651403e-1,
        9.9627488232612349e-1, 7.9079843270571326e-1, 5.1185860707360042e-1,
        6.111749406829102e-2, -3.9947822797543481e-1, -7.5965416920192841e-1,
        9.5729223841444544e-1, 2.9276954259074139e-1, -9.6212111187280347e-1
      ]
    ]
  }
}
