{
  "name": "Sommariva 23",
  "domain": "C2",
  "degree": 23,
  "test_tolerance": 1.027e-15,
  "weight factor": 2.5e-1,
  "data": {
    "plain": [
      [
        6.529202325372914e-2, 6.2317674921702218e-2, 6.2014165488184683e-2,
        1.3241099200987851e-2, 6.9238880372151493e-2, 7.8575297313336498e-2,
        6.5831362205753099e-2, 3.5162906511109371e-2, 7.3912016721231724e-2,
        6.6332097839651522e-2, 4.0964408413633337e-2, 9.791218112671066e-3,
        7.5275350218429321e-2, 6.5643833075441554e-2, 4.507790595281267e-2,
        1.8148383046098619e-2, 4.1174452132816917e-2, 4.21557596907393e-2,
        2.2748259569281112e-2, 5.0787788173138884e-3, 4.7651444562101944e-3,
        1.596460029217852e-2, 1.705297096357996e-2, 4.2414114309558661e-3,
        6.529202325372914e-2, 6.2317674921702218e-2, 6.2014165488184683e-2,
        1.3241099200987851e-2, 6.9238880372151493e-2, 7.8575297313336498e-2,
        6.5831362205753099e-2, 3.5162906511109371e-2, 7.3912016721231724e-2,
        6.6332097839651522e-2, 4.0964408413633337e-2, 9.791218112671066e-3,
        7.5275350218429321e-2, 6.5643833075441554e-2, 4.507790595281267e-2,
        1.8148383046098619e-2, 4.1174452132816917e-2, 4.21557596907393e-2,
        2.2748259569281112e-2, 5.0787788173138884e-3, 4.7651444562101944e-3,
        1.596460029217852e-2, 1.705297096357996e-2, 4.2414114309558661e-3,
        6.529202325372914e-2, 6.2317674921702218e-2, 6.2014165488184683e-2,
        1.3241099200987851e-2, 6.9238880372151493e-2, 7.8575297313336498e-2,
        6.5831362205753099e-2, 3.5162906511109371e-2, 7.3912016721231724e-2,
        6.6332097839651522e-2, 4.0964408413633337e-2, 9.791218112671066e-3,
        7.5275350218429321e-2, 6.5643833075441554e-2, 4.507790595281267e-2,
        1.8148383046098619e-2, 4.1174452132816917e-2, 4.21557596907393e-2,
        2.2748259569281112e-2, 5.0787788173138884e-3, 4.7651444562101944e-3,
        1.596460029217852e-2, 1.705297096357996e-2, 4.2414114309558661e-3,
        6.529202325372914e-2, 6.2317674921702218e-2, 6.2014165488184683e-2,
        1.3241099200987851e-2, 6.9238880372151493e-2, 7.8575297313336498e-2,
        6.5831362205753099e-2, 3.5162906511109371e-2, 7.3912016721231724e-2,
        6.6332097839651522e-2, 4.0964408413633337e-2, 9.791218112671066e-3,
        7.5275350218429321e-2, 6.5643833075441554e-2, 4.507790595281267e-2,
        1.8148383046098619e-2, 4.1174452132816917e-2, 4.21557596907393e-2,
        2.2748259569281112e-2, 5.0787788173138884e-3, 4.7651444562101944e-3,
        1.596460029217852e-2, 1.705297096357996e-2, 4.2414114309558661e-3
      ],
      [
        1.853314713323298e-1, 1.65964231586893e-1, 9.8767381634886658e-2,
        8.8690023222257774e-2, 3.9827347597894508e-1, 2.3076759852215151e-1,
        4.1549386036806801e-1, 3.2583311639464507e-1, 4.7180681561659121e-1,
        6.2148436678541097e-1, 6.1119653582778133e-1, 5.4258359240854237e-1,
        6.4547878872141784e-1, 7.6638831337113733e-1, 7.7633621571537015e-1,
        7.8699743056420679e-1, 9.2127360709742556e-1, 8.8865421252223231e-1,
        9.0570498011644052e-1, 9.4575128103753647e-1, 9.8789353016642145e-1,
        9.8366615002844326e-1, 9.7349623041250744e-1, 9.9365480693163677e-1,
        1.194182324265387e-2, -3.3677198877643499e-1, -8.3069696158012862e-1,
        -9.8541022181860982e-1, -1.3358751155143761e-1, -5.6590531899408036e-1,
        -7.4887619309338993e-1, -9.4053770665690917e-1, -3.7427337169358721e-1,
        -5.7576114157538227e-1, -8.8350749101979364e-1, -9.9340117088562496e-1,
        -7.2909032053957823e-2, -3.2815282179331923e-1, -7.4578293181631772e-1,
        -9.6385781239794777e-1, -1.7164867620233201e-1, -5.4423466857041536e-1,
        -8.6854114027212526e-1, -9.8602755280960408e-1, -7.7591707982172395e-2,
        -4.0410564522699871e-1, -7.1401186904942571e-1, -9.2107678266816684e-1,
        -1.853314713323298e-1, -1.65964231586893e-1, -9.8767381634886658e-2,
        -8.8690023222257774e-2, -3.9827347597894508e-1, -2.3076759852215151e-1,
        -4.1549386036806801e-1, -3.2583311639464507e-1, -4.7180681561659121e-1,
        -6.2148436678541097e-1, -6.1119653582778133e-1, -5.4258359240854237e-1,
        -6.4547878872141784e-1, -7.6638831337113733e-1, -7.7633621571537015e-1,
        -7.8699743056420679e-1, -9.2127360709742556e-1, -8.8865421252223231e-1,
        -9.0570498011644052e-1, -9.4575128103753647e-1, -9.8789353016642145e-1,
        -9.8366615002844326e-1, -9.7349623041250744e-1, -9.9365480693163677e-1,
        -1.194182324265387e-2, 3.3677198877643499e-1, 8.3069696158012862e-1,
        9.8541022181860982e-1, 1.3358751155143761e-1, 5.6590531899408036e-1,
        7.4887619309338993e-1, 9.4053770665690917e-1, 3.7427337169358721e-1,
        5.7576114157538227e-1, 8.8350749101979364e-1, 9.9340117088562496e-1,
        7.2909032053957823e-2, 3.2815282179331923e-1, 7.4578293181631772e-1,
        9.6385781239794777e-1, 1.7164867620233201e-1, 5.4423466857041536e-1,
        8.6854114027212526e-1, 9.8602755280960408e-1, 7.7591707982172395e-2,
        4.0410564522699871e-1, 7.1401186904942571e-1, 9.2107678266816684e-1
      ],
      [
        -1.194182324265387e-2, 3.3677198877643499e-1, 8.3069696158012862e-1,
        9.8541022181860982e-1, 1.3358751155143761e-1, 5.6590531899408036e-1,
        7.4887619309338993e-1, 9.4053770665690917e-1, 3.7427337169358721e-1,
        5.7576114157538227e-1, 8.8350749101979364e-1, 9.9340117088562496e-1,
        7.2909032053957823e-2, 3.2815282179331923e-1, 7.4578293181631772e-1,
        9.6385781239794777e-1, 1.7164867620233201e-1, 5.4423466857041536e-1,
        8.6854114027212526e-1, 9.8602755280960408e-1, 7.7591707982172395e-2,
        4.0410564522699871e-1, 7.1401186904942571e-1, 9.2107678266816684e-1,
        1.853314713323298e-1, 1.65964231586893e-1, 9.8767381634886658e-2,
        8.8690023222257774e-2, 3.9827347597894508e-1, 2.3076759852215151e-1,
        4.1549386036806801e-1, 3.2583311639464507e-1, 4.7180681561659121e-1,
        6.2148436678541097e-1, 6.1119653582778133e-1, 5.4258359240854237e-1,
        6.4547878872141784e-1, 7.6638831337113733e-1, 7.7633621571537015e-1,
        7.8699743056420679e-1, 9.2127360709742556e-1, 8.8865421252223231e-1,
        9.0570498011644052e-1, 9.4575128103753647e-1, 9.8789353016642145e-1,
        9.8366615002844326e-1, 9.7349623041250744e-1, 9.9365480693163677e-1,
        1.194182324265387e-2, -3.3677198877643499e-1, -8.3069696158012862e-1,
        -9.8541022181860982e-1, -1.3358751155143761e-1, -5.6590531899408036e-1,
        -7.4887619309338993e-1, -9.4053770665690917e-1, -3.7427337169358721e-1,
        -5.7576114157538227e-1, -8.8350749101979364e-1, -9.9340117088562496e-1,
        -7.2909032053957823e-2, -3.2815282179331923e-1, -7.4578293181631772e-1,
        -9.6385781239794777e-1, -1.7164867620233201e-1, -5.4423466857041536e-1,
        -8.6854114027212526e-1, -9.8602755280960408e-1, -7.7591707982172395e-2,
        -4.0410564522699871e-1, -7.1401186904942571e-1, -9.2107678266816684e-1,
        -1.853314713323298e-1, -1.65964231586893e-1, -9.8767381634886658e-2,
        -8.8690023222257774e-2, -3.9827347597894508e-1, -2.3076759852215151e-1,
        -4.1549386036806801e-1, -3.2583311639464507e-1, -4.7180681561659121e-1,
        -6.2148436678541097e-1, -6.1119653582778133e-1, -5.4258359240854237e-1,
        -6.4547878872141784e-1, -7.6638831337113733e-1, -7.7633621571537015e-1,
        -7.8699743056420679e-1, -9.2127360709742556e-1, -8.8865421252223231e-1,
        -9.0570498011644052e-1, -9.4575128103753647e-1, -9.8789353016642145e-1,
        -9.8366615002844326e-1, -9.7349623041250744e-1, -9.9365480693163677e-1
      ]
    ]
  }
}
