{
  "name": "Sommariva 28",
  "domain": "C2",
  "degree": 28,
  "test_tolerance": 9.12e-15,
  "weight factor": 2.5e-1,
  "data": {
    "plain": [
      [
        5.3505671159490952e-4, 2.7911387836061599e-3, 4.9759360050625669e-3,
        5.0280928462746776e-3, 5.4045916534879983e-3, 4.9958547804779202e-3,
        3.4122615500991548e-3, 1.2563904791799991e-3, 4.7136736242030346e-3,
        1.166028423822774e-2, 1.519045343561554e-2, 1.6570480634617139e-2,
        1.602715348074777e-2, 1.210066207543355e-2, 6.9233081602134948e-3,
        1.58871737976137e-3, 3.329484690768878e-3, 1.43472602669451e-2,
        2.276716021991524e-2, 2.888726414871897e-2, 2.9526434859628949e-2,
        2.4284972726804781e-2, 1.598024520842712e-2, 7.3133844820734732e-3,
        1.1771448825253811e-3, 1.2336772993314539e-2, 2.655091644582969e-2,
        3.7635960421656463e-2, 4.2847456029110199e-2, 3.9065099712611032e-2,
        2.9851378418670041e-2, 1.6780111763336748e-2, 4.1090862658957443e-3,
        6.3027031941991123e-3, 2.5255876702483901e-2, 4.1835624648055618e-2,
        5.2080010687692843e-2, 5.2562833762031948e-2, 4.556426477896882e-2,
        3.1334334537621522e-2, 1.409639241355121e-2, 2.7773598454019e-3,
        1.897982231084832e-2, 3.9981204141571462e-2, 5.6410166829721102e-2,
        6.2156547449123793e-2, 5.9234322367642901e-2, 4.7103918031248262e-2,
        2.7877977989731611e-2, 7.7933147488855803e-3, 8.9239941250959433e-3,
        3.2392789278685767e-2, 5.4369993658837351e-2, 6.6898720612735454e-2,
        6.9161975043141574e-2, 6.0693765214146732e-2, 4.2961378644611463e-2,
        1.992102855514764e-2, 2.6685281923753191e-3, 5.350102953202783e-3,
        2.072186274583783e-2, 4.6120761094662281e-2, 6.5526413982221671e-2,
        7.4156998803267857e-2, 7.0723497406617986e-2, 5.6263724598849062e-2,
        3.3835136446391141e-2, 1.1298355125162789e-2, 1.1024255326663309e-2,
        3.2933579566686008e-2, 5.8098648253592983e-2, 7.325167415256556e-2,
        7.5688821885612198e-2, 6.6178740132197433e-2, 4.6576005717560043e-2,
        2.2832525559819131e-2, 3.786352125662351e-3, 4.9584676934676256e-3,
        1.8530187164891739e-2, 4.7133330963319363e-2, 6.6039452610499469e-2,
        7.5080250507150281e-2, 7.084970982103253e-2, 5.6018468800483848e-2,
        3.4347578686274902e-2, 1.2592796359340739e-2, 1.3140954987586009e-2,
        3.2932427860536788e-2, 5.5085279686074087e-2, 6.7961315066186967e-2,
        7.045152003060294e-2, 6.002911781360866e-2, 4.2834333171728488e-2,
        2.2344485155075509e-2, 3.8793879798824349e-3, 5.8855183072051287e-3,
        2.0452528737397831e-2, 4.025157999677987e-2, 5.6815339568807049e-2,
        6.3450410731600071e-2, 5.984062693812596e-2, 4.5341794757386041e-2,
        2.9552378283225551e-2, 1.2072588655506341e-2, 9.4308348211924672e-3,
        2.578172152269087e-2, 4.1126041515019182e-2, 5.2060484071069203e-2,
        5.3135925382701822e-2, 4.5237773959808637e-2, 2.8658451734406849e-2,
        1.785266500303629e-2, 3.7532854953967838e-3, 2.2021404570665552e-3,
        1.292326356223006e-2, 2.5926414019839191e-2, 3.5622685943067701e-2,
        4.1697229438922942e-2, 3.8730609218787279e-2, 2.8779880530800151e-2,
        1.7559297745955021e-2, 9.0579580196137842e-3, 4.7065718391306553e-3,
        1.2720937036831401e-2, 2.081162885166939e-2, 2.507345449526446e-2,
        2.7307720327532509e-2, 2.1668092232212621e-2, 1.129035475105887e-2,
        1.427796928443569e-2, 2.9369084299486138e-3, 3.6117647453097991e-3,
        9.3869099703808318e-3, 1.284048267253543e-2, 1.1557427320574781e-2,
        5.7123692215519826e-3, 9.2479900752086095e-3, 6.4557172088892762e-3,
        6.9238186125117915e-4, 1.7278944549454179e-3, 3.9457022591184868e-3,
        4.2358157087361882e-3, 1.0480058244455231e-2, 4.1225423695103857e-3,
        2.9090404789478652e-3, 1.2012803701542661e-3
      ],
      [
        9.9485785765104817e-1, 9.9429097079745865e-1, 9.9360739058036418e-1,
        9.9554924341283113e-1, 9.9531173419672492e-1, 9.9455685464300525e-1,
        9.9411232241571867e-1, 9.9739704703142307e-1, 9.6889731121171396e-1,
        9.6133094962080545e-1, 9.6598604184372105e-1, 9.6985328368238044e-1,
        9.6769871414527786e-1, 9.6523510906139742e-1, 9.705483737595868e-1,
        9.7487838001721827e-1, 9.1660161460660416e-1, 8.9948045312618119e-1,
        9.053106430680723e-1, 9.0719484181790178e-1, 9.1092401116619692e-1,
        9.1039658611227914e-1, 9.1355891074359596e-1, 9.2352198328751756e-1,
        8.4227277438729287e-1, 8.0213694095221033e-1, 8.1629089063453075e-1,
        8.1277518610603394e-1, 8.1296308619039681e-1, 8.2337205238787403e-1,
        8.2732539846119624e-1, 8.4108616578587458e-1, 8.46292780894215e-1,
        6.6926498023753889e-1, 6.9594802143731593e-1, 6.8965920554505433e-1,
        6.8650138649317893e-1, 6.9627506290392138e-1, 7.0741269076729263e-1,
        7.1912583436462718e-1, 7.3812072418337749e-1, 6.7710737503729856e-1,
        5.4756773312330609e-1, 5.4002634775707758e-1, 5.3430072222502978e-1,
        5.4646261574584509e-1, 5.5201500325501329e-1, 5.6687281328023154e-1,
        5.8109927530515082e-1, 5.6714755798783045e-1, 3.9687568590906358e-1,
        3.7079102349614967e-1, 3.6204311552473922e-1, 3.7566914545996299e-1,
        3.8013631362823141e-1, 3.8707892588052373e-1, 4.0137484352963509e-1,
        4.0298806437734502e-1, 4.0351334576309372e-1, 1.160216426928697e-1,
        2.0557932230511849e-1, 1.7768558198987891e-1, 1.9197646098168489e-1,
        1.9262932167046429e-1, 1.9850577349930359e-1, 2.0384669304558231e-1,
        2.0883492284634961e-1, 2.1128254015196571e-1, -5.3481170815945639e-2,
        -1.4402092956568261e-3, 3.4758082634672098e-3, -1.1206282205862409e-3,
        1.0449700071671079e-3, 6.3849942509206026e-3, 4.2954525366409096e-3,
        4.6511179562862036e-3, 8.2376202693734205e-3, -1.2748910400864899e-1,
        -2.413142327752992e-1, -1.8328137308054729e-1, -1.920382892873746e-1,
        -1.9564367934065949e-1, -1.923970603608269e-1, -1.9119446037375559e-1,
        -1.9979864810045109e-1, -2.040634037532908e-1, -2.9970768440219803e-1,
        -4.1485544764609678e-1, -3.7791982010341291e-1, -3.8054901794874108e-1,
        -3.8412824875153101e-1, -3.8044546710264221e-1, -3.8419114128602472e-1,
        -4.0144947268453252e-1, -4.1342494280054137e-1, -4.4824842359757089e-1,
        -5.4012646175356394e-1, -5.8460284408567897e-1, -5.5517152249205337e-1,
        -5.5460401285972905e-1, -5.5904634463102998e-1, -5.535005324411616e-1,
        -5.6666974455475716e-1, -5.9282409000227165e-1, -6.7564667808173229e-1,
        -7.0570901256409391e-1, -7.3241782978836689e-1, -7.0898331345449228e-1,
        -7.0702168981769697e-1, -7.1402463564330332e-1, -7.0183783641782216e-1,
        -7.2650126749736799e-1, -7.5023264226531716e-1, -8.274846897101481e-1,
        -8.192923347877169e-1, -8.3131472534147977e-1, -8.5083978543385497e-1,
        -8.3356042714230805e-1, -8.3332995982445324e-1, -8.4585626468693675e-1,
        -8.0786555541361815e-1, -8.4475273532993855e-1, -9.2816232774480245e-1,
        -9.1346293680074664e-1, -9.1890591190135873e-1, -9.3529720420349061e-1,
        -9.2600082428402375e-1, -9.3225544042814268e-1, -9.2654079831806779e-1,
        -8.963660879434896e-1, -9.2286693131262454e-1, -9.7950768149024026e-1,
        -9.6820187224772425e-1, -9.7238524711420615e-1, -9.8451641560390912e-1,
        -9.9191384683839845e-1, -9.6536070486713821e-1, -9.6349681222794858e-1,
        -9.8999939002053539e-1, -9.9574783488184326e-1, -9.9501432127174561e-1,
        -9.9602921272950107e-1, -9.8684382188920305e-1, -9.7592927019159392e-1,
        -9.9568035936982868e-1, -9.9186088228626645e-1
      ],
      [
        9.9513137773930893e-1, 8.7665702480361052e-1, 6.4359200313498677e-1,
        3.0096005604313719e-1, -1.1559523089894071e-1, -4.9543712123426981e-1,
        -7.6864506621830131e-1, -9.4771485565657221e-1, 9.5191482242338799e-1,
