{
  "name": "Sommariva 12",
  "domain": "C2",
  "degree": 12,
  "test_tolerance": 2.047e-15,
  "weight factor": 2.5e-1,
  "data": {
    "plain": [
      [
        3.6437406530795052e-2, 4.1569463673074493e-2, 1.680361793533787e-1,
        4.2731042173621531e-2, 5.527116827932585e-2, 1.5286344928777301e-1,
        4.413124147353821e-2, 2.328494912954924e-1, 1.5560451270058309e-1,
        2.6255125704597038e-1, 1.822720395257231e-1, 2.7661695413268073e-1,
        2.3838493672096511e-1, 2.9209733738763438e-1, 1.020918275656317e-1,
        1.014134103497821e-1, 1.455335918991387e-1, 7.9462185370518371e-2,
        8.4671005172644725e-2, 2.2116792073930561e-1, 2.1312886595671099e-1,
        8.1061670253741294e-2, 1.095231158786915e-1, 9.5552054195582561e-2,
        4.4858746555370442e-2, 2.242636308727417e-1, 1.1533432236047921e-2,
        4.0246262648181957e-2, 1.058449657495581e-1, 3.4012874903626797e-2,
        1.2421796007216949e-1
      ],
      [
        7.8879611335188593e-1, 9.6368033264575592e-1, 5.7270543923081496e-1,
        9.6343026136113252e-1, 9.8502089416608585e-1, 8.5904862892311062e-1,
        7.7307329845019923e-1, -1.77967069816411e-1, 8.5436381163057484e-1,
        6.29127368356868e-1, 5.5285796620237393e-1, 2.8384025794501933e-1,
        -8.4616317040595079e-2, 2.4253241525537181e-1, 1.7323493723272099e-1,
        1.7114095366096141e-1, -4.1253792778957438e-1, -2.114002132094871e-1,
        -4.9142062096966421e-1, -6.078146688229159e-1, -5.774993705610445e-1,
        -4.9435489388780107e-1, -8.3078328920423539e-1, -8.7801063071481611e-1,
        -9.8552079941549475e-1, -1.8431576750903819e-1, -9.6398082621116044e-1,
        -9.9058904785580948e-1, -8.7205371627670969e-1, -9.2636578352034693e-1,
        -7.7691289114270012e-1
      ],
      [
        9.7884230744443435e-1, -8.3251623771124039e-1, 7.7172612937827112e-1,
        8.2547804637420463e-1, 2.9290384907130112e-3, -4.5682470235020622e-1,
        -9.6831290451933527e-1, 7.0091873900974599e-1, 4.5185385848936449e-1,
        -7.5452835111532064e-3, -7.4450782760403678e-1, 4.1148556818189819e-1,
        8.8646095330861235e-2, -3.7420803863626728e-1, -9.3972086455750914e-1,
        9.4051880305250479e-1, 5.9323172962364973e-2, -2.8409836354973778e-1,
        9.4534576929680092e-1, 4.486792064962008e-1, -3.7585256213122781e-1,
        -9.4872820339311759e-1, 8.0569950029189197e-1, 1.6612452958004101e-1,
        -5.1723249358814272e-1, -7.1064743675043296e-1, 9.9351494404124996e-1,
        5.28065262549688e-1, -1.3290656319739139e-1, -9.3725946433566398e-1,
        -7.3393683341590776e-1
      ]
    ]
  }
}
