{
  "name": "Sommariva 16",
  "domain": "C2",
  "degree": 16,
  "test_tolerance": 3.511e-15,
  "weight factor": 2.5e-1,
  "data": {
    "plain": [
      [
        1.1484978401812359e-2, 1.4731949692002359e-2, 3.0984440376862959e-2,
        3.9390751402985348e-2, 3.1819881814610713e-2, 6.7547269631665033e-2,
        9.8062081022653819e-2, 8.0071566003062991e-2, 1.7730362060314701e-2,
        1.9661304279883031e-2, 7.3794409298790942e-2, 1.3476454833394039e-1,
        1.4231124166216341e-1, 7.0854218728685317e-2, 2.9252793180907909e-2,
        3.5629316858786217e-2, 1.310143500409354e-1, 1.8676951331427441e-1,
        1.3292956278087539e-1, 7.5769714965930948e-2, 2.4589235176072151e-2,
        7.8561085422907545e-2, 1.8219940929830561e-1, 1.8778431675474261e-1,
        1.194943798093123e-1, 2.6838660602175698e-2, 5.7042933249734508e-2,
        1.008414737624086e-1, 2.0652909527986449e-1, 1.4861527199820609e-1,
        7.3694488255797483e-2, 2.0526298053351488e-2, 2.18243190141146e-2,
        9.9699264654445702e-2, 1.6206597609646531e-1, 1.5153312696006099e-1,
        9.9176785562308856e-2, 4.0927959123513158e-2, 7.6817519369414389e-2,
        1.078772215341901e-1, 1.274953461648875e-1, 9.670064900592909e-2,
        2.507418689814922e-2, 5.3379206480614942e-2, 7.3655676603109121e-2,
        7.9764220281924619e-2, 3.6809930751452738e-2, 1.041932477487203e-2,
        2.1634547049460221e-2, 2.9265205730144111e-2, 2.9267932588249661e-2,
        5.3206998426714811e-3
      ],
      [
        9.849840927490825e-1, 9.8726579871579756e-1, 9.7934269448578337e-1,
        9.7107307124625186e-1, 9.5436653147226402e-1, 8.9671568355679454e-1,
        8.5607874020439145e-1, 8.3526021637879744e-1, 9.2427047490204062e-1,
        8.9146372964345233e-1, 7.2255065532506213e-1, 6.7251981059093913e-1,
        6.3711056170296854e-1, 7.8089104719814195e-1, 6.3370627753456865e-1,
        5.291062928070972e-1, 4.2449650024666258e-1, 3.7731101889061502e-1,
        5.1926334074882663e-1, 3.6423124377146998e-1, 5.5617456602446047e-2,
        2.315339247267523e-1, 7.9213016780934647e-2, 2.0605530680064801e-1,
        5.9687480533064358e-2, 9.3458904581746313e-2, -2.3091745362792371e-1,
        -8.4901290422483081e-2, -1.156391657288008e-1, -2.4699946696726591e-1,
        -2.4075690954141599e-1, -5.4838698945524422e-1, -4.5042472085668489e-1,
        -3.8660817476355958e-1, -3.8302014311152149e-1, -5.0524304034067014e-1,
        -5.5344703496493142e-1, -8.1186158768695349e-1, -6.110904286470239e-1,
        -7.1808503158878656e-1, -6.7171845971775301e-1, -7.6880679431533161e-1,
        -8.1221783927497093e-1, -9.0011985196202537e-1, -8.9279179004286302e-1,
        -8.6253160238719073e-1, -9.4443799638842207e-1, -9.8143833944183079e-1,
        -9.8683024039655776e-1, -9.7825645066740996e-1, -9.7347243452307686e-1,
        -9.8324508691615931e-1
      ],
      [
        -8.3315480110675177e-1, 8.5884487882948102e-1, 3.4882152412071799e-1,
        -1.976275486943358e-1, -6.2148596817754298e-1, 6.3572339657400134e-1,
        9.3001636367997992e-2, -4.5463032751050741e-1, -9.6247521463500851e-1,
        9.70498246318101e-1, 8.3526203764140294e-1, 3.9806744367655827e-1,
        -1.999912055384129e-1, -8.1344929911240704e-1, -9.7199800993302499e-1,
        9.6793843519250899e-1, 6.4795932809885404e-1, 1.02085663977545e-1,
        -6.1879644719032822e-1, -8.8632359868297705e-1, 9.8249875120946728e-1,
        8.6669944624443196e-1, 3.9837220199278572e-1, -3.5862934629323112e-1,
        -7.3776715872733556e-1, -9.8569376857964919e-1, 9.0382339343141949e-1,
        7.1036169482870948e-1, -5.83127834251152e-2, -5.4519531290967704e-1,
        -9.1100017654602394e-1, -9.876593748951622e-1, 9.8237522622997342e-1,
        6.2272380964706542e-1, 2.7585926843996839e-1, -2.9655056340600089e-1,
        -7.8020456217048539e-1, -9.2956711339840947e-1, 8.4165981544706503e-1,
        5.2751243038774087e-1, 5.1909591739694741e-2, -5.7656471297969447e-1,
        9.6674107549933264e-1, 7.6601243772161765e-1, 2.8013439698295189e-1,
        -2.3048288507409079e-1, -7.8869047816851012e-1, 9.3861079326174757e-1,
        5.376625218147606e-1, -7.6295248421764583e-3, -4.7749812255005608e-1,
        -9.8363837870474358e-1
      ]
    ]
  }
}
