{
  "name": "Sommariva 29",
  "domain": "C2",
  "degree": 29,
  "test_tolerance": 1.473e-15,
  "weight factor": 2.5e-1,
  "data": {
    "plain": [
      [
        9.3956903939640759e-4, 4.9025727039768013e-3, 3.4443223009541311e-3,
        5.0487782804937917e-3, 7.8563264430212797e-3, 9.2434633524531712e-3,
        2.6116240461434791e-3, 5.7569507057607314e-3, 1.011037458386165e-2,
        6.3369457112313343e-3, 1.253275279199627e-2, 1.7121546593131989e-2,
        2.2400757191990469e-2, 1.6030653961648669e-2, 1.718439080989034e-2,
        1.7456798057438299e-3, 4.103888501222671e-3, 2.4774437278031941e-2,
        1.0961950806818921e-2, 1.6010778628484771e-2, 2.7962258174586922e-2,
        2.015897400394908e-2, 2.808904163947544e-2, 1.258009305624949e-2,
        3.3944570133613752e-2, 9.9179014221649955e-3, 2.2853240321835319e-2,
        3.5072890155148542e-2, 7.7224039624829719e-3, 2.4727890416073751e-2,
        4.7134739758337429e-3, 2.3782599241336091e-2, 4.0029280375971851e-2,
        2.261583569713491e-2, 2.251882920671917e-2, 4.4993527492181162e-2,
        1.6453299925855841e-2, 4.3356901370474328e-2, 3.408763052303377e-2,
        1.9355316047078869e-2, 1.464896209687315e-2, 6.4321870256824933e-3,
        3.3770200444122753e-2, 4.8882977562064563e-2, 2.457244823370517e-2,
        3.6398265987636652e-2, 5.4731259384906458e-2, 4.7328041877237992e-2,
        2.380537349256804e-2, 2.35403723195119e-2, 5.0228638131286137e-3,
        3.7694914589318312e-2, 1.8995923204346121e-2, 5.6614991251965528e-2,
        3.5714808834545447e-2, 1.3713431514986271e-2, 5.3588288247921653e-2,
        5.8177280032990893e-2, 4.215943343810559e-2, 3.9831645156495968e-2,
        4.5070836188568893e-2, 1.0703689220338449e-2, 7.0249598102446803e-3,
        3.2345756361154138e-2, 5.7152104264739663e-2, 5.7119380698801972e-2,
        5.3903256793505078e-2, 2.785469982257396e-2, 4.8095729535645379e-2,
        4.2879903570790329e-2, 4.815909770521859e-2, 7.4317299749795812e-3,
        2.0943592694341571e-2, 5.7384326613907577e-2, 4.8976065412737968e-2,
        3.7219090747033202e-2, 5.6116782799705722e-2, 3.7219090747033202e-2,
        4.8976065412737968e-2, 5.7384326613907577e-2, 2.0943592694341571e-2,
        7.4317299749795812e-3, 4.815909770521859e-2, 4.2879903570790329e-2,
        4.8095729535645379e-2, 2.785469982257396e-2, 5.3903256793505078e-2,
        5.7119380698801972e-2, 5.7152104264739663e-2, 3.2345756361154138e-2,
        7.0249598102446803e-3, 1.0703689220338449e-2, 4.5070836188568893e-2,
        3.9831645156495968e-2, 4.215943343810559e-2, 5.8177280032990893e-2,
        5.3588288247921653e-2, 1.3713431514986271e-2, 3.5714808834545447e-2,
        5.6614991251965528e-2, 1.8995923204346121e-2, 3.7694914589318312e-2,
        5.0228638131286137e-3, 2.35403723195119e-2, 2.380537349256804e-2,
        4.7328041877237992e-2, 5.4731259384906458e-2, 3.6398265987636652e-2,
        2.457244823370517e-2, 4.8882977562064563e-2, 3.3770200444122753e-2,
        6.4321870256824933e-3, 1.464896209687315e-2, 1.9355316047078869e-2,
        3.408763052303377e-2, 4.3356901370474328e-2, 1.6453299925855841e-2,
        4.4993527492181162e-2, 2.251882920671917e-2, 2.261583569713491e-2,
        4.0029280375971851e-2, 2.3782599241336091e-2, 4.7134739758337429e-3,
        2.4727890416073751e-2, 7.7224039624829719e-3, 3.5072890155148542e-2,
        2.2853240321835319e-2, 9.9179014221649955e-3, 3.3944570133613752e-2,
        1.258009305624949e-2, 2.808904163947544e-2, 2.015897400394908e-2,
        2.7962258174586922e-2, 1.6010778628484771e-2, 1.0961950806818921e-2,
        2.4774437278031941e-2, 4.103888501222671e-3, 1.7456798057438299e-3,
        1.718439080989034e-2, 1.6030653961648669e-2, 2.2400757191990469e-2,
        1.7121546593131989e-2, 1.253275279199627e-2, 6.3369457112313343e-3,
        1.011037458386165e-2, 5.7569507057607314e-3, 2.6116240461434791e-3,
        9.2434633524531712e-3, 7.8563264430212797e-3, 5.0487782804937917e-3,
        3.4443223009541311e-3, 4.9025727039768013e-3, 9.3956903939640759e-4
      ],
      [
        -9.9499331274279257e-1, -9.9475538078078674e-1, -9.9457465332892536e-1,
        -9.9361658361103933e-1, -9.9160212064915454e-1, -9.8854933465116968e-1,
        -9.853949921317231e-1, -9.8503079521948711e-1, -9.832827588628299e-1,
        -9.7211361744902758e-1, -9.6293242514585298e-1, -9.6110091207014181e-1,
        -9.4624982400949165e-1, -9.4113595764192248e-1, -9.3824488484013124e-1,
        -9.3146127983081239e-1, -9.2957358754840513e-1, -9.2323100411373116e-1,
        -9.1833177635206875e-1, -9.1165749697160159e-1, -8.8889126929092743e-1,
        -8.7793015094851179e-1, -8.6374516572099136e-1, -8.5013100255366103e-1,
        -8.4324062443708081e-1, -8.33329414474418e-1, -8.2968875059774305e-1,
        -8.2907441502639811e-1, -8.1872057049507319e-1, -8.0886733718179726e-1,
        -7.8026997720042146e-1, -7.7523015590486322e-1, -7.4708294986089774e-1,
        -7.3615113718340131e-1, -7.2871464319731261e-1, -7.1808860550392428e-1,
        -7.1465379391902095e-1, -7.0671995374338592e-1, -6.9036794905862775e-1,
        -6.7640251577717647e-1, -6.5068945397624567e-1, -6.2085134756634586e-1,
        -6.1162928878990475e-1, -5.9790039623730473e-1, -5.7780772098558542e-1,
        -5.7284565670738419e-1, -5.6026880540236201e-1, -5.6002261623358063e-1,
        -5.3157154791295447e-1, -5.2137222215424517e-1, -5.2056832408069131e-1,
        -4.7477138319949402e-1, -4.5188915632431931e-1, -4.2532768639463547e-1,
        -4.2437146427255962e-1, -4.208552091936032e-1, -3.9714264347253658e-1,
        -3.8408248033025139e-1, -3.5370371788385208e-1, -3.3442495650426057e-1,
        -3.1836896810120913e-1, -3.0999783709926709e-1, -2.7428731356946268e-1,
        -2.6847895264420518e-1, -2.236413499576709e-1, -2.0768139350381021e-1,
        -1.9859923540465921e-1, -1.7318625867034959e-1, -1.6500945365959119e-1,
        -1.6340284456781559e-1, -1.5485563287655671e-1, -8.8871070417902542e-2,
        -8.6820501212339737e-2, -3.4243263903430653e-2, -3.7645717541713911e-3,
        -1.890047137705217e-3, 0.0, 1.890047137705217e-3, 3.7645717541713911e-3,
        3.4243263903430653e-2, 8.6820501212339737e-2, 8.8871070417902542e-2,
        1.5485563287655671e-1, 1.6340284456781559e-1, 1.6500945365959119e-1,
        1.7318625867034959e-1, 1.9859923540465921e-1, 2.0768139350381021e-1,
        2.236413499576709e-1, 2.6847895264420518e-1, 2.7428731356946268e-1,
        3.0999783709926709e-1, 3.1836896810120913e-1, 3.3442495650426057e-1,
        3.5370371788385208e-1, 3.8408248033025139e-1, 3.9714264347253658e-1,
        4.208552091936032e-1, 4.2437146427255962e-1, 4.2532768639463547e-1,
        4.5188915632431931e-1, 4.7477138319949402e-1, 5.2056832408069131e-1,
        5.2137222215424517e-1, 5.3157154791295447e-1, 5.6002261623358063e-1,
        5.6026880540236201e-1, 5.7284565670738419e-1, 5.7780772098558542e-1,
        5.9790039623730473e-1, 6.1162928878990475e-1, 6.2085134756634586e-1,
        6.5068945397624567e-1, 6.7640251577717647e-1, 6.9036794905862775e-1,
        7.0671995374338592e-1, 7.1465379391902095e-1, 7.1808860550392428e-1,
        7.2871464319731261e-1, 7.3615113718340131e-1, 7.4708294986089774e-1,
        7.7523015590486322e-1, 7.8026997720042146e-1, 8.0886733718179726e-1,
        8.1872057049507319e-1, 8.2907441502639811e-1, 8.2968875059774305e-1,
        8.33329414474418e-1, 8.4324062443708081e-1, 8.5013100255366103e-1,
        8.6374516572099136e-1, 8.7793015094851179e-1, 8.8889126929092743e-1,
        9.1165749697160159e-1, 9.1833177635206875e-1, 9.2323100411373116e-1,
        9.2957358754840513e-1, 9.3146127983081239e-1, 9.3824488484013124e-1,
        9.4113595764192248e-1, 9.4624982400949165e-1, 9.6110091207014181e-1,
        9.6293242514585298e-1, 9.7211361744902758e-1, 9.832827588628299e-1,
        9.8503079521948711e-1, 9.853949921317231e-1, 9.8854933465116968e-1,
        9.9160212064915454e-1, 9.9361658361103933e-1, 9.9457465332892536e-1,
