{
  "name": "Sommariva 13",
  "domain": "C2",
  "degree": 13,
  "test_tolerance": 1.082e-15,
  "weight factor": 2.5e-1,
  "data": {
    "plain": [
      [
        1.1884466730059549e-1, 2.5687074948196781e-1, 1.2976355037000281e-1,
        7.7492738533105454e-2, 3.8174421317083637e-2, 2.9991838864499139e-2,
        2.133415814571894e-1, 6.0424923817749811e-2, 1.1884466730059549e-1,
        2.5687074948196781e-1, 1.2976355037000281e-1, 7.7492738533105454e-2,
        3.8174421317083637e-2, 2.9991838864499139e-2, 2.133415814571894e-1,
        6.0424923817749811e-2, 1.1884466730059549e-1, 2.5687074948196781e-1,
        1.2976355037000281e-1, 7.7492738533105454e-2, 3.8174421317083637e-2,
        2.9991838864499139e-2, 2.133415814571894e-1, 6.0424923817749811e-2,
        1.1884466730059549e-1, 2.5687074948196781e-1, 1.2976355037000281e-1,
        7.7492738533105454e-2, 3.8174421317083637e-2, 2.9991838864499139e-2,
        2.133415814571894e-1, 6.0424923817749811e-2, 3.0038211543122528e-1
      ],
      [
        4.7580862521827549e-1, 3.4271655604040691e-1, 7.5580535657208114e-1,
        9.4132722587292506e-1, 9.5729769978630741e-1, 7.7880971155441947e-1,
        -7.0741508996444685e-2, 1.38183459862465e-1, -8.5007667369974882e-1,
        -4.0930456169403873e-1, -6.4782163718701102e-1, -3.9073621612946108e-1,
        -8.5955600564163881e-1, -9.8348668243987225e-1, -6.9625007849174936e-1,
        -9.5892517028753499e-1, -4.7580862521827549e-1, -3.4271655604040691e-1,
        -7.5580535657208114e-1, -9.4132722587292506e-1, -9.5729769978630741e-1,
        -7.7880971155441947e-1, 7.0741508996444685e-2, -1.38183459862465e-1,
        8.5007667369974882e-1, 4.0930456169403873e-1, 6.4782163718701102e-1,
        3.9073621612946108e-1, 8.5955600564163881e-1, 9.8348668243987225e-1,
        6.9625007849174936e-1, 9.5892517028753499e-1, 0.0
      ],
      [
        8.5007667369974882e-1, 4.0930456169403873e-1, 6.4782163718701102e-1,
        3.9073621612946108e-1, 8.5955600564163881e-1, 9.8348668243987225e-1,
        6.9625007849174936e-1, 9.5892517028753499e-1, 4.7580862521827549e-1,
        3.4271655604040691e-1, 7.5580535657208114e-1, 9.4132722587292506e-1,
        9.5729769978630741e-1, 7.7880971155441947e-1, -7.0741508996444685e-2,
        1.38183459862465e-1, -8.5007667369974882e-1, -4.0930456169403873e-1,
        -6.4782163718701102e-1, -3.9073621612946108e-1, -8.5955600564163881e-1,
        -9.8348668243987225e-1, -6.9625007849174936e-1, -9.5892517028753499e-1,
        -4.7580862521827549e-1, -3.4271655604040691e-1, -7.5580535657208114e-1,
        -9.4132722587292506e-1, -9.5729769978630741e-1, -7.7880971155441947e-1,
        7.0741508996444685e-2, -1.38183459862465e-1, 0.0
      ]
    ]
  }
}
