{
  "name": "Sommariva 30",
  "domain": "C2",
  "degree": 30,
  "test_tolerance": 1.348e-15,
  "weight factor": 2.5e-1,
  "data": {
    "plain": [
      [
        3.8926301775156248e-3, 4.5342016206362731e-3, 3.6906104422109432e-3,
        4.9459896128478138e-3, 1.529980279640927e-3, 3.8067048243537048e-3,
        3.2506420100939099e-3, 7.7370850016375288e-4, 7.1781072492264758e-3,
        1.012484081798108e-2, 1.3557638040907311e-2, 3.8123943744570888e-3,
        1.2668045743306509e-2, 1.3949792280449069e-2, 1.467879560257003e-3,
        5.2607009274564286e-3, 4.9071189411688896e-3, 1.17200105412125e-2,
        1.825632348450637e-2, 1.4826158734229281e-2, 2.118348083720268e-2,
        2.272620841149477e-2, 2.304963366190331e-2, 3.389088115670371e-3,
        5.3645635947733054e-3, 2.875519471334203e-3, 1.2777106648575291e-2,
        1.6580962807764311e-2, 2.911278919189067e-2, 2.9650019375140689e-2,
        2.6457488041927199e-2, 2.3168006515930189e-2, 3.3736210574319712e-2,
        3.8505870283995019e-3, 3.034893498538439e-2, 1.014999644279535e-2,
        1.517356711708827e-2, 2.842931310687195e-2, 4.096030346800239e-2,
        2.3715953524280249e-2, 3.5054799816738202e-2, 4.3512267647439887e-2,
        2.9894031953732171e-2, 1.050599811708168e-2, 3.8771415073313121e-3,
        2.679921705344681e-2, 5.0041670456674243e-2, 4.9216467962095382e-2,
        3.5694389698434782e-2, 2.045602682082065e-2, 4.7087141853317561e-2,
        3.3244350551302322e-2, 5.0005793788422147e-2, 2.1564823636806629e-2,
        5.0805655931277643e-2, 3.8167480096175442e-3, 3.2143082626499342e-2,
        1.285989649810473e-2, 4.7624395844475871e-2, 5.7942493526217463e-2,
        3.4282248416611663e-2, 3.7555469751673981e-2, 4.8062177808285762e-2,
        2.1793741364079831e-2, 1.370404412777051e-2, 3.0694864880685291e-2,
        6.4853678311708546e-2, 4.3317118593310763e-2, 5.8363536708391103e-2,
        5.2408366165824184e-3, 4.8446387154849863e-2, 1.6820307763056219e-2,
        3.9159042367440999e-2, 1.474658041347025e-2, 6.6619325286405212e-2,
        2.3296685138320929e-2, 5.4692109383376902e-2, 6.5715941262845107e-2,
        5.3007243531758882e-2, 5.4991128756511519e-3, 2.5178549434487271e-2,
        2.0855875313890861e-2, 6.4885335780840298e-3, 2.2713130731398221e-2,
        6.3746717363391367e-2, 5.036688164272618e-2, 6.7470559467502494e-2,
        5.7620764853711898e-2, 1.528097665571535e-2, 4.3362080275765727e-2,
        2.5272784358870429e-2, 2.6459993544403261e-3, 1.2992717624918351e-2,
        3.9006194360189872e-2, 5.6666647390641867e-2, 4.0942426066349298e-2,
        6.4309179390626386e-2, 4.9953301345005488e-3, 3.3224900811593391e-2,
        5.1637152439544642e-2, 2.2905474440020061e-2, 9.7097875004030949e-3,
        3.7869534108002853e-2, 2.1794261500333811e-2, 4.6197390213874173e-2,
        5.6799934044776942e-2, 5.3690390304431491e-2, 1.2845242669973229e-2,
        3.8752673713696721e-2, 3.0142200063772401e-2, 5.5008614068902173e-2,
        3.78001400190363e-3, 1.161053553740031e-2, 3.7990330032054112e-2,
        5.0845892619238137e-2, 4.6270280091547579e-2, 2.6761180149604689e-2,
        4.904466589737274e-2, 1.9309406865925211e-2, 3.7688774258099749e-3,
        3.3395677476772058e-2, 2.9470654950542751e-2, 3.885728390925337e-3,
        2.8478078146194991e-2, 4.4198329961354768e-2, 3.4395754223151533e-2,
        1.5367852013428589e-2, 2.2355107686918719e-2, 3.2462956137582218e-2,
        9.6074791202635165e-3, 2.7763386730264801e-2, 1.857369110661608e-2,
        2.604275460103966e-2, 1.7709113538880879e-2, 3.4773638188446233e-2,
        6.3189142497887731e-3, 2.1314598114356199e-2, 2.898559224509574e-2,
        1.212457346099878e-2, 2.574302443652325e-3, 2.2173558936892612e-2,
        2.187541877465294e-2, 1.6366712009052729e-2, 7.8890969063805331e-3,
        2.2477909752994261e-2, 2.2693681179803062e-2, 1.0924846963752601e-2,
        1.4902103737265171e-2, 4.8985361708725871e-3, 2.9975789050838528e-3,
        1.5138234358526469e-2, 1.2027255563692989e-3, 8.1888292152948045e-3,
        1.301642639806175e-2, 1.3263659175462071e-2, 1.225127303731581e-2,
        8.4993152538871131e-3, 5.9650446198067112e-3, 3.9343088182949813e-3,
        3.2532037266655711e-3, 7.6008938826783046e-4, 1.435167883917694e-3,
        4.4187907326791696e-3, 5.1449184791548027e-3, 3.8678552572712121e-3,
        3.5815012486427101e-3, 4.3368880904846134e-3
      ],
      [
        -9.9626959530221171e-1, -9.9541141736265482e-1, -9.9492698195946372e-1,
        -9.9477910360814759e-1, -9.9405132387120865e-1, -9.9370092848882352e-1,
        -9.9141299745330558e-1, -9.9125709813569385e-1, -9.8236321995379228e-1,
        -9.7744186513282383e-1, -9.7065441082675563e-1, -9.7039034240638888e-1,
        -9.6945740721854479e-1, -9.6904071159624372e-1, -9.6288026713743058e-1,
        -9.5273994486245972e-1, -9.5141325213365058e-1, -9.3450469555743798e-1,
        -9.2971465205779158e-1, -9.2933144443474447e-1, -9.2601491103976019e-1,
        -9.1918786202270475e-1, -9.1583501856310368e-1, -9.100695669977138e-1,
        -8.8497351917820499e-1, -8.8086668122384371e-1, -8.5957166864621115e-1,
        -8.5342335181581841e-1, -8.5323336092156954e-1, -8.5003298991315179e-1,
        -8.5001439202293172e-1, -8.4540252507450864e-1, -8.3672293479512461e-1,
        -8.0013476730928657e-1, -7.6951162749300106e-1, -7.5555766806576119e-1,
        -7.5386477168374122e-1, -7.462990724884444e-1, -7.4359294664728981e-1,
        -7.3672313446373994e-1, -7.360783333119556e-1, -7.3583576319030441e-1,
        -6.7844587701508763e-1, -6.3231427540862362e-1, -6.1874132183310493e-1,
        -6.185869146576074e-1, -6.1698421754794108e-1, -6.1114384372364838e-1,
        -6.0285396523111934e-1, -6.0245680311794281e-1, -6.005929876780286e-1,
        -5.7214767521595145e-1, -4.8215876432763211e-1, -4.6935085121460363e-1,
        -4.6641120787353529e-1, -4.6186651196481932e-1, -4.4941432738568748e-1,
        -4.4791600387761987e-1, -4.448715957603111e-1, -4.4438146358424369e-1,
        -4.3961981133547517e-1, -3.6579402264614203e-1, -3.0683817073038699e-1,
        -2.9674159583373511e-1, -2.8436239232398858e-1, -2.8417731588109929e-1,
        -2.7745029551570721e-1, -2.7548225830442341e-1, -2.6878717392736962e-1,
        -2.5674361689280611e-1, -2.5134990075691188e-1, -1.598590614299937e-1,
        -1.4277992575799159e-1, -1.09185323635157e-1, -1.022992873259765e-1,
        -1.01541667716151e-1, -9.4128891586013994e-2, -8.9070009544563331e-2,
        -8.7440290297622486e-2, -7.712410713884485e-2, -6.5234735736405688e-2,
        -1.0957217367205089e-2, 2.5183034115942679e-2, 6.6493670186093284e-2,
        7.8640936759878197e-2, 8.2305948528248615e-2, 8.9945955844070419e-2,
        9.331414467274024e-2, 1.0362749342856881e-1, 1.0623796793572481e-1,
        1.070563588959354e-1, 1.7022410249822631e-1, 1.941498146775931e-1,
        2.3828514949897869e-1, 2.5972162082602068e-1, 2.6336087151166748e-1,
        2.6804227284495669e-1, 2.7095351024304948e-1, 2.7177681850557639e-1,
        2.8608650296044552e-1, 2.9196292077241948e-1, 3.2219947257365861e-1,
        3.2389168645318012e-1, 4.3268838244900221e-1, 4.3341128629335601e-1,
        4.3938944356100201e-1, 4.4577075964240731e-1, 4.4802224228071191e-1,
        4.4812454056621542e-1, 4.5481061448795562e-1, 4.581780858586828e-1,
        4.7038609204391169e-1, 5.8040077453934003e-1, 5.8333548542511704e-1,
        5.9308560970623869e-1, 5.9656413531763686e-1, 6.019409638213139e-1,
        6.0253371377849319e-1, 6.0356853728066773e-1, 6.054544565337695e-1,
        6.0572077340208397e-1, 6.8756703078886117e-1, 7.0231774665907365e-1,
        7.1951709807006348e-1, 7.2384469103744242e-1, 7.2402106529494747e-1,
        7.3710206677119627e-1, 7.3841957074265352e-1, 7.4054990345889049e-1,
        7.4406046921687963e-1, 7.6859009224429797e-1, 7.9543297355341092e-1,
        8.1404615188946494e-1, 8.2982095131849709e-1, 8.3372551084159063e-1,
