{
  "name": "Sommariva 37",
  "domain": "C2",
  "degree": 37,
  "test_tolerance": 1.263e-14,
  "weight factor": 2.5e-1,
  "data": {
    "plain": [
      [
        1.879076889689011e-2, 3.4499176678157079e-2, 3.712580251685875e-2,
        2.804589806906416e-2, 1.317147780067464e-2, 3.2467860428362291e-3,
        4.0739446621457037e-2, 1.8887694951967581e-2, 3.3383167954120489e-2,
        3.1605975674607573e-2, 1.8822985644536688e-2, 5.2425919684419616e-3,
        3.7297815427685767e-2, 1.4796776501286669e-2, 2.8996701571916889e-2,
        2.1918394303080589e-2, 2.228800060943608e-2, 1.1157710067470281e-2,
        3.7459637837024468e-2, 3.1618194756428533e-2, 1.1975695418218571e-2,
        1.687104351509356e-2, 1.4330250414929781e-2, 1.517136608765207e-2,
        5.9546817841383106e-3, 3.77961318884133e-3, 3.1814663826848728e-2,
        2.2057070353590981e-2, 8.5556958206393658e-3, 1.0865167787837511e-2,
        4.4139495866517258e-3, 2.773238005998524e-2, 2.0401707350259861e-2,
        1.5373856909384011e-2, 1.469009646857076e-2, 8.7378710414265353e-3,
        2.3154968842507839e-3, 1.1403495990087451e-2, 1.6496056649742651e-2,
        1.79994419134278e-2, 8.885404075061408e-3, 1.0129995061148641e-3,
        4.6095427704342766e-3, 1.482235294209374e-2, 8.4444520790410774e-3,
        1.230535711494119e-2, 6.2284110190667192e-3, 4.1168046953270554e-3,
        4.2988218478134969e-3, 9.8428252110918501e-3, 3.0637340638705831e-3,
        2.6861894379453348e-3, 4.5834257869438791e-4, 1.832840176946247e-3,
        1.0730912194321441e-3, 3.6557134582997967e-2, 4.0272711839813187e-2,
        3.3734389584140052e-2, 2.195827523559744e-2, 5.4902732794615211e-3,
        1.4365356996596391e-3, 1.879076889689011e-2, 3.4499176678157079e-2,
        3.712580251685875e-2, 2.804589806906416e-2, 1.317147780067464e-2,
        3.2467860428362291e-3, 4.0739446621457037e-2, 1.8887694951967581e-2,
        3.3383167954120489e-2, 3.1605975674607573e-2, 1.8822985644536688e-2,
        5.2425919684419616e-3, 3.7297815427685767e-2, 1.4796776501286669e-2,
        2.8996701571916889e-2, 2.1918394303080589e-2, 2.228800060943608e-2,
        1.1157710067470281e-2, 3.7459637837024468e-2, 3.1618194756428533e-2,
        1.1975695418218571e-2, 1.687104351509356e-2, 1.4330250414929781e-2,
        1.517136608765207e-2, 5.9546817841383106e-3, 3.77961318884133e-3,
        3.1814663826848728e-2, 2.2057070353590981e-2, 8.5556958206393658e-3,
        1.0865167787837511e-2, 4.4139495866517258e-3, 2.773238005998524e-2,
        2.0401707350259861e-2, 1.5373856909384011e-2, 1.469009646857076e-2,
        8.7378710414265353e-3, 2.3154968842507839e-3, 1.1403495990087451e-2,
        1.6496056649742651e-2, 1.79994419134278e-2, 8.885404075061408e-3,
        1.0129995061148641e-3, 4.6095427704342766e-3, 1.482235294209374e-2,
        8.4444520790410774e-3, 1.230535711494119e-2, 6.2284110190667192e-3,
        4.1168046953270554e-3, 4.2988218478134969e-3, 9.8428252110918501e-3,
        3.0637340638705831e-3, 2.6861894379453348e-3, 4.5834257869438791e-4,
        1.832840176946247e-3, 1.0730912194321441e-3, 3.6557134582997967e-2,
        4.0272711839813187e-2, 3.3734389584140052e-2, 2.195827523559744e-2,
        5.4902732794615211e-3, 1.4365356996596391e-3, 1.879076889689011e-2,
        3.4499176678157079e-2, 3.712580251685875e-2, 2.804589806906416e-2,
        1.317147780067464e-2, 3.2467860428362291e-3, 4.0739446621457037e-2,
        1.8887694951967581e-2, 3.3383167954120489e-2, 3.1605975674607573e-2,
        1.8822985644536688e-2, 5.2425919684419616e-3, 3.7297815427685767e-2,
        1.4796776501286669e-2, 2.8996701571916889e-2, 2.1918394303080589e-2,
        2.228800060943608e-2, 1.1157710067470281e-2, 3.7459637837024468e-2,
        3.1618194756428533e-2, 1.1975695418218571e-2, 1.687104351509356e-2,
        1.4330250414929781e-2, 1.517136608765207e-2, 5.9546817841383106e-3,
        3.77961318884133e-3, 3.1814663826848728e-2, 2.2057070353590981e-2,
        8.5556958206393658e-3, 1.0865167787837511e-2, 4.4139495866517258e-3,
        2.773238005998524e-2, 2.0401707350259861e-2, 1.5373856909384011e-2,
        1.469009646857076e-2, 8.7378710414265353e-3, 2.3154968842507839e-3,
        1.1403495990087451e-2, 1.6496056649742651e-2, 1.79994419134278e-2,
        8.885404075061408e-3, 1.0129995061148641e-3, 4.6095427704342766e-3,
        1.482235294209374e-2, 8.4444520790410774e-3, 1.230535711494119e-2,
        6.2284110190667192e-3, 4.1168046953270554e-3, 4.2988218478134969e-3,
        9.8428252110918501e-3, 3.0637340638705831e-3, 2.6861894379453348e-3,
        4.5834257869438791e-4, 1.832840176946247e-3, 1.0730912194321441e-3,
        3.6557134582997967e-2, 4.0272711839813187e-2, 3.3734389584140052e-2,
        2.195827523559744e-2, 5.4902732794615211e-3, 1.4365356996596391e-3,
        1.879076889689011e-2, 3.4499176678157079e-2, 3.712580251685875e-2,
        2.804589806906416e-2, 1.317147780067464e-2, 3.2467860428362291e-3,
        4.0739446621457037e-2, 1.8887694951967581e-2, 3.3383167954120489e-2,
        3.1605975674607573e-2, 1.8822985644536688e-2, 5.2425919684419616e-3,
        3.7297815427685767e-2, 1.4796776501286669e-2, 2.8996701571916889e-2,
        2.1918394303080589e-2, 2.228800060943608e-2, 1.1157710067470281e-2,
        3.7459637837024468e-2, 3.1618194756428533e-2, 1.1975695418218571e-2,
        1.687104351509356e-2, 1.4330250414929781e-2, 1.517136608765207e-2,
        5.9546817841383106e-3, 3.77961318884133e-3, 3.1814663826848728e-2,
        2.2057070353590981e-2, 8.5556958206393658e-3, 1.0865167787837511e-2,
        4.4139495866517258e-3, 2.773238005998524e-2, 2.0401707350259861e-2,
        1.5373856909384011e-2, 1.469009646857076e-2, 8.7378710414265353e-3,
        2.3154968842507839e-3, 1.1403495990087451e-2, 1.6496056649742651e-2,
        1.79994419134278e-2, 8.885404075061408e-3, 1.0129995061148641e-3,
        4.6095427704342766e-3, 1.482235294209374e-2, 8.4444520790410774e-3,
        1.230535711494119e-2, 6.2284110190667192e-3, 4.1168046953270554e-3,
        4.2988218478134969e-3, 9.8428252110918501e-3, 3.0637340638705831e-3,
        2.6861894379453348e-3, 4.5834257869438791e-4, 1.832840176946247e-3,
        1.0730912194321441e-3, 3.6557134582997967e-2, 4.0272711839813187e-2,
        3.3734389584140052e-2, 2.195827523559744e-2, 5.4902732794615211e-3,
        1.4365356996596391e-3, 2.7339624379748909e-2
      ],
      [
        1.6886895156989051e-1, 1.6649226727015271e-1, 1.789345703476781e-1,
        1.9128280971432779e-1, 1.90900055481034e-1, 1.197461382570857e-1,
        3.1429429829251432e-1, 3.1364306583503632e-1, 3.2575927353100231e-1,
        3.3707676118453761e-1, 3.2286383692872639e-1, 3.2407944290410662e-1,
        4.5730438993315681e-1, 4.7525913593568703e-1, 4.7583330738202301e-1,
        5.6529301313543812e-1, 4.5081594013231319e-1, 4.4751760315547351e-1,
        5.9619406580677758e-1, 5.9588949930592827e-1, 6.7585176229619537e-1,
        6.4409736955956376e-1, 6.599539606557937e-1, 5.6621126575929803e-1,
        6.6047043115279902e-1, 5.5500219254116634e-1, 7.1755984711680498e-1,
        7.6895291494850848e-1, 7.2252445193798065e-1, 7.4021911261805684e-1,
        6.9018798406553727e-1, 8.145402907615753e-1, 8.4686748800690537e-1,
        7.7098944309692796e-1, 8.4123244483915838e-1, 8.0461263751108381e-1,
        7.820614187450875e-1, 9.5080791608160786e-1, 9.0837724701892864e-1,
        8.6233760599695164e-1, 9.0496509890855548e-1, 9.4149878046980273e-1,
        8.7840020899902993e-1, 9.2777183803707863e-1, 9.7402842804738876e-1,
        9.2613840321766849e-1, 9.6795461336709143e-1, 9.563820929391198e-1,
        9.9260614119616652e-1, 9.7091439785809819e-1, 9.9644697229909462e-1,
        9.9485909500341474e-1, 9.924033492665334e-1, 9.9360787625979619e-1,
        9.897652124914369e-1, 3.032916166693916e-2, 2.2172946019806541e-2,
        2.814942665710626e-2, 4.438627067827642e-2, 6.744822333126831e-3,
        -4.9824463291915172e-2, -1.8998553104421961e-1, -3.4291401336238447e-1,
