{
  "name": "Sommariva 9",
  "domain": "C2",
  "degree": 9,
  "test_tolerance": 8.882e-16,
  "weight factor": 2.5e-1,
  "data": {
    "plain": [
      [
        8.8879378170198711e-2, 3.9828243926207008e-1, 2.6905133763978067e-1,
        1.1209960212959651e-1, 8.8879378170198711e-2, 3.9828243926207008e-1,
        2.6905133763978067e-1, 1.1209960212959651e-1, 8.8879378170198711e-2,
        3.9828243926207008e-1, 2.6905133763978067e-1, 1.1209960212959651e-1,
        8.8879378170198711e-2, 3.9828243926207008e-1, 2.6905133763978067e-1,
        1.1209960212959651e-1, 5.2674897119341568e-1
      ],
      [
        -6.3068011973166871e-1, 4.5333982113564708e-1, 8.5261572933366236e-1,
        -7.5027709997890069e-1, -9.6884996636197773e-1, 5.2373582021442944e-1,
        7.6208328192617331e-2, 9.2796164595956965e-1, 6.3068011973166871e-1,
        -4.5333982113564708e-1, -8.5261572933366236e-1, 7.5027709997890069e-1,
        9.6884996636197773e-1, -5.2373582021442944e-1, -7.6208328192617331e-2,
        -9.2796164595956965e-1, 0.0
      ],
      [
        9.6884996636197773e-1, -5.2373582021442944e-1, -7.6208328192617331e-2,
        -9.2796164595956965e-1, -6.3068011973166871e-1, 4.5333982113564708e-1,
        8.5261572933366236e-1, -7.5027709997890069e-1, -9.6884996636197773e-1,
        5.2373582021442944e-1, 7.6208328192617331e-2, 9.2796164595956965e-1,
        6.3068011973166871e-1, -4.5333982113564708e-1, -8.5261572933366236e-1,
        7.5027709997890069e-1, 0.0
      ]
    ]
  }
}
