{
  "name": "Sommariva 8",
  "domain": "C2",
  "degree": 8,
  "test_tolerance": 1.332e-15,
  "weight factor": 2.5e-1,
  "data": {
    "plain": [
      [
        2.0668519708232971e-1, 1.637084884729354e-1, 3.4487252886128372e-1,
        4.1549900985740497e-2, 1.207701070516287e-1, 4.7616121492980551e-1,
        8.7145648720949889e-2, 3.7550787955205289e-1, 5.939493422195995e-1,
        1.5768230811451209e-1, 1.26174804204644e-1, 4.9684228620650461e-1,
        3.6110247234938919e-1, 1.413572491732567e-1, 2.3631887532692289e-1,
        7.0171696748444631e-2
      ],
      [
        9.2002339792460985e-1, 8.930854460206108e-1, 6.6753690615909911e-1,
        9.7368418556113689e-1, 4.6340596705458059e-1, 5.2572510557221586e-1,
        -3.1719060885857048e-1, -6.1891136223418408e-2, 6.7208254240653312e-2,
        1.9574786569504121e-1, -7.2805912955956309e-1, -5.5387754511188303e-1,
        -4.4484469869796689e-1, -9.4210813229475721e-1, -8.9001069695662127e-1,
        -8.8415589072944889e-1
      ],
      [
        -1.061811254185043e-1, 7.5384568688101028e-1, -6.6027698632401821e-1,
        -9.4189063979561116e-1, 9.7131462228677279e-1, 3.2843847839698259e-1,
        8.4316517196832175e-1, 6.8532270046559662e-1, -2.6541376577695452e-1,
        -9.5313809850589404e-1, 9.2456231671654276e-1, 1.849451143123379e-1,
        -7.4179220431149029e-1, 5.6527602987582715e-1, -3.6263269719632368e-1,
        -9.4185110772813063e-1
      ]
    ]
  }
}
