{
  "name": "Sommariva 36",
  "domain": "C2",
  "degree": 36,
  "test_tolerance": 1.106e-15,
  "weight factor": 2.5e-1,
  "data": {
    "plain": [
      [
        2.3307416326742779e-3, 9.6279691932265373e-4, 8.8989734868350639e-4,
        2.8328316525221471e-3, 2.519247595249725e-3, 2.958064214592169e-3,
        3.892327512506448e-3, 2.2887068274179468e-3, 1.9589414001059632e-3,
        2.395428553360631e-3, 2.8027011483218131e-3, 6.6944723896024292e-3,
        7.382399101251368e-3, 1.1287464256630429e-3, 7.8321403973530632e-3,
        1.002140135620488e-3, 9.5682648807296558e-3, 4.3092608184997086e-3,
        6.6645514676515758e-3, 4.080017523260788e-3, 7.4152187949060554e-3,
        1.0378911808262141e-2, 7.42260540562835e-3, 1.195246886959401e-2,
        8.8444888780290411e-3, 1.3805559283147299e-2, 4.1468948591086808e-3,
        4.2595094432975114e-3, 1.25390564961653e-2, 1.4266789039241669e-2,
        9.3343897604419076e-3, 1.4520360351600309e-2, 1.734677366105503e-2,
        1.367023050135804e-2, 1.89922282839988e-3, 1.6698209025120869e-2,
        8.3641550279986154e-3, 1.5480101983336089e-2, 9.1207305620868932e-3,
        1.918170304192286e-3, 2.087884271099431e-2, 2.0026094997648701e-2,
        1.9250074412047621e-2, 1.5547447979884299e-2, 1.901567227303284e-2,
        7.0561164229925857e-3, 6.5041443778846792e-3, 2.203842796899376e-2,
        1.3609085247226149e-2, 1.776520678097427e-2, 2.0390922514689071e-2,
        1.5324808736973261e-2, 2.8542572291071398e-2, 4.9219168957119266e-3,
        2.4519797274801889e-2, 2.1998497076761971e-2, 1.112305619521462e-2,
        1.7711562520116249e-2, 2.374966048245442e-3, 2.3186952241980779e-2,
        1.6556995756087191e-2, 1.2574473583427601e-2, 2.9996984236077179e-2,
        9.6675684046273677e-3, 2.1631946119842871e-2, 3.2981684145879382e-2,
        2.5105516669229229e-3, 2.1192267283656911e-2, 3.1474802513787703e-2,
        2.5013841516483601e-2, 2.8809324335020991e-2, 7.7916730630386939e-3,
        1.9252673752271899e-2, 1.421144648662051e-2, 3.551950638985276e-2,
        3.5778647946442768e-2, 3.5592381251685762e-2, 8.6638521265555279e-3,
        2.7702291256833399e-2, 2.9551644586882819e-2, 2.432216069339591e-3,
        1.7239944400579441e-2, 1.391944650569191e-2, 3.5501969390964512e-2,
        2.8561475060879599e-2, 3.6479137431039227e-2, 3.4279816541954493e-2,
        2.5344651504295952e-2, 3.171371339804449e-3, 1.474166848943957e-2,
        2.1643212070164251e-2, 2.378767233475549e-2, 4.7030101719739712e-3,
        3.4233103517148568e-2, 3.3396511844853309e-2, 2.096575868118241e-2,
        1.91120885588715e-2, 4.2788249442155049e-2, 1.053036550496354e-2,
        8.647185905965778e-3, 5.8688604219962991e-3, 3.6288041592350342e-2,
        2.8546232727070249e-2, 3.8945188170334703e-2, 1.014429441651051e-2,
        2.233474208920316e-2, 7.1543371732915532e-3, 1.673175151833196e-2,
        4.0867879774285333e-2, 1.982971921305763e-2, 3.616547559993144e-2,
        4.5760137465637327e-2, 3.7174330564801301e-3, 2.071715580387419e-2,
        4.0892241202089598e-2, 1.6025341572769379e-2, 3.8443623216274113e-2,
        3.9739840138704498e-3, 2.5541843336035111e-2, 1.7171559651239461e-2,
        1.6173337830827399e-2, 4.4848969254221639e-2, 2.1547927386052691e-2,
        4.0494277704161842e-2, 4.4225126679275799e-2, 9.96360247367193e-3,
        1.877217900127421e-2, 3.4831213305500527e-2, 2.2271171336912199e-2,
        1.9490855471506519e-2, 1.101932189177536e-2, 4.2473150972317499e-2,
        4.4586033437060253e-2, 2.5276237643756229e-2, 3.0262554903820241e-2,
        4.0980667386154461e-2, 2.7953092012489481e-2, 3.9473067683379312e-2,
        3.0739854544662389e-3, 1.396431826192642e-2, 1.768832443081297e-2,
        1.9817973893953261e-2, 3.6404290248699279e-3, 4.2111001098237337e-2,
        4.2341006527721992e-2, 2.4254546434551241e-2, 3.3171633963558857e-2,
        1.9873623221090039e-2, 3.5598246941906962e-2, 3.7425087914047993e-2,
        1.5012995442567571e-2, 1.0686917732323361e-2, 1.602448842253433e-2,
        7.8921528407936963e-3, 4.1027680209629297e-2, 1.634600741893583e-2,
        2.2520289522681529e-2, 3.7763844705979058e-2, 3.2062487786710177e-2,
        1.494395639519947e-2, 2.8699951329526151e-2, 4.0633133659167091e-3,
        1.946548740642335e-2, 3.5922438247390782e-2, 1.1310414035504399e-2,
        2.716710521567537e-2, 2.6866626422575781e-3, 1.3109831887257841e-2,
        3.7079171400222218e-2, 3.1230836124469721e-2, 3.0040970122281251e-2,
        1.239250785539078e-2, 2.1093698097749879e-2, 1.56682305051053e-3,
        1.353919524034135e-2, 2.4530362227008249e-2, 3.2350591497811602e-2,
        4.8433293611247121e-3, 2.7675800500183981e-2, 7.1801529227764468e-3,
        3.086990327791525e-2, 5.3551051479419076e-3, 2.3754491022900379e-2,
        1.036024466955918e-2, 2.7850018497800982e-2, 1.3687419036063041e-2,
        2.3281036357600961e-2, 1.811779028755979e-2, 2.6978951645039689e-2,
        2.2046604321762421e-3, 2.3605095848320219e-2, 2.578022439771223e-3,
        9.8444778194140773e-3, 2.355691263970365e-2, 1.625476526376125e-2,
        2.3967639475619629e-2, 6.7993336972977242e-3, 1.8249688401662991e-2,
        2.048685538595784e-2, 1.319146184667337e-2, 1.7248702878336609e-2,
        5.6367253091050744e-3, 1.7771287912661849e-2, 1.60620665040224e-2,
        8.2964086620737065e-3, 2.4637224934354221e-3, 1.8257762485233749e-2,
        1.314634212775509e-2, 1.3620281363432459e-2, 7.7180820912663897e-3,
        1.3126902160755511e-2, 6.0955433090020142e-3, 1.544072841043584e-3,
        1.1471210277488819e-2, 1.1769186573242369e-2, 4.270793656586557e-3,
        6.7459423161734724e-3, 7.7847202527200924e-3, 8.6886575592235761e-3,
        1.132962868101588e-2, 3.3429591805318008e-3, 8.200365271055058e-3,
        5.733917618965338e-3, 7.4797501013790686e-3, 7.4668028211448186e-3,
        1.0554773476978451e-3, 3.9461532147874638e-3, 3.684068604731808e-3,
        8.5017505399539442e-4, 3.730991030920448e-3, 4.2482729704814183e-3,
        3.793703053258545e-3, 1.4581497705348531e-3, 1.7695644569692981e-3,
        2.2581428911715761e-3, 2.7213795602734751e-3, 2.8719297855870529e-3,
        7.7691507346296898e-4
      ],
      [
        -9.9788172276140552e-1, -9.9737116464044506e-1, -9.9616926359441238e-1,
        -9.9594979220098789e-1, -9.959465092993447e-1, -9.9549803100072287e-1,
        -9.9466624501023027e-1, -9.9349737367520496e-1, -9.9170534804350741e-1,
        -9.9166944207148977e-1, -9.8959108098894033e-1, -9.8313318893006418e-1,
        -9.8076316332416724e-1, -9.7988860592627913e-1, -9.7506800344349909e-1,
        -9.7284125625571316e-1, -9.7105372752061325e-1, -9.6895350665760804e-1,
        -9.6876041031097837e-1, -9.6872115352639299e-1, -9.6684854206685678e-1,
        -9.5357843687966881e-1, -9.5126636402245401e-1, -9.4938181097322305e-1,
        -9.3678703892538973e-1, -9.3635134571406486e-1, -9.3606969714082e-1,
        -9.2392023642642651e-1, -9.2257069592395258e-1, -9.179832388286352e-1,
        -9.1490342733519381e-1, -9.1385518732381432e-1, -8.9967911657938704e-1,
        -8.8854472685424346e-1, -8.8717141178384717e-1, -8.8168803309190302e-1,
        -8.8124031731034635e-1, -8.6566923883012892e-1, -8.6435296293480468e-1,
        -8.6412865820877782e-1, -8.5226129423025498e-1, -8.422113258119911e-1,
        -8.416694599504575e-1, -8.3609020625213026e-1, -8.2031456327176999e-1,
        -8.1994907421988972e-1, -7.9849238093316444e-1, -7.937886622074718e-1,
        -7.898800883541095e-1, -7.8574564503014654e-1, -7.7075283476918088e-1,
        -7.7029004225343312e-1, -7.5763312957412055e-1, -7.5691511332592398e-1,
        -7.438369227242233e-1, -7.2416301756367729e-1, -7.1766925399812742e-1,
        -7.1246869465892548e-1, -7.0697377785024196e-1, -6.963043004286823e-1,
        -6.9212494778141842e-1, -6.8929156776319211e-1, -6.7859221598964392e-1,
        -6.5525069199565389e-1, -6.4498007153859016e-1, -6.3840207502986623e-1,
