{
  "name": "Sommariva 34",
  "domain": "C2",
  "degree": 34,
  "test_tolerance": 1.221e-14,
  "weight factor": 2.5e-1,
  "data": {
    "plain": [
      [
        1.2699219387427539e-3, 2.8247858946551171e-3, 2.6454666167586389e-3,
        2.5793949477790801e-3, 5.121822735027154e-4, 4.0955951534073741e-4,
        2.21260075252641e-3, 3.4896328743828139e-3, 4.8155980566433661e-3,
        4.9418540399480586e-3, 8.4602700925915739e-3, 7.3234526370543557e-3,
        5.5913356774158719e-3, 3.181105696378461e-3, 1.679399407542441e-3,
        6.0893900507215685e-4, 1.2710373443729319e-3, 5.64087271769195e-3,
        1.008027250286055e-2, 1.161336024599024e-2, 1.2535542724170351e-2,
        1.355567725840021e-2, 1.281170011512887e-2, 1.01649990010473e-2,
        7.0661590925694198e-3, 3.2417710144455499e-3, 5.7186905116817007e-3,
        1.175179682399269e-2, 1.5547469702970201e-2, 1.953552168957224e-2,
        2.0244868746936689e-2, 2.0401343849132399e-2, 1.7820846452694959e-2,
        1.354418113376059e-2, 8.7211913978197525e-3, 3.0131363626120832e-3,
        3.863549341320347e-3, 1.1289614073116549e-2, 1.716850446840271e-2,
        2.320252631505465e-2, 2.7289664040294721e-2, 2.873816438714253e-2,
        2.5615723392569852e-2, 2.1574598993666171e-2, 1.5063327098467871e-2,
        7.8994704552952048e-3, 1.3263742756147981e-3, 1.275494804255145e-3,
        8.4875187312029605e-3, 1.6411945430393531e-2, 2.5603765864194879e-2,
        3.1183280854542649e-2, 3.4796487661668582e-2, 3.4805354160600453e-2,
        2.961142270210251e-2, 2.3110150219648379e-2, 1.415501795415763e-2,
        4.8329526019638041e-3, 3.633655134392321e-3, 1.392167112523221e-2,
        2.481829833350465e-2, 3.4231156094090477e-2, 3.8019386215634561e-2,
        4.0337616739763917e-2, 3.8831312330550233e-2, 3.1225524268862642e-2,
        2.203539439992588e-2, 1.059755194349184e-2, 1.5645964430779961e-3,
        1.084348902106024e-2, 2.205645658430699e-2, 3.3487456118305607e-2,
        4.047512990695875e-2, 4.3932881537145529e-2, 4.3887372926442417e-2,
        4.012853694760013e-2, 3.0084728513538921e-2, 1.7997036359205559e-2,
        5.5475984527609563e-3, 7.5972115254034824e-3, 1.712946714791248e-2,
        3.1194927492626329e-2, 3.9270233147539399e-2, 4.6003622430853798e-2,
        4.7751192847185153e-2, 4.4932389865283091e-2, 3.8485548178046759e-2,
        2.592723046024846e-2, 1.1968001701960791e-2, 1.465730151083379e-3,
        2.6418678290589599e-3, 1.1924657471014949e-2, 2.6617409540675371e-2,
        3.7310706244699753e-2, 4.4287702550296147e-2, 4.9215825123672549e-2,
        4.9063519378074953e-2, 4.32324084413949e-2, 3.3999281042856731e-2,
        1.9683260703173111e-2, 5.1067150242063344e-3, 8.1702165765496128e-3,
        2.022961085099902e-2, 3.2905254109218733e-2, 4.2392254815780531e-2,
        4.6957915280077332e-2, 4.9985183647598741e-2, 4.7492472547609813e-2,
        3.916228450022604e-2, 2.7375176961350459e-2, 1.213622924790588e-2,
        5.2588350648287571e-4, 3.4062789744438581e-3, 1.268502876701255e-2,
        2.6755835104787431e-2, 3.7617198384780753e-2, 4.5068808324224413e-2,
        4.7324691564296938e-2, 4.8059777415752229e-2, 4.3625910862590239e-2,
        3.2930313841819298e-2, 1.9493400772521381e-2, 4.0166109048847343e-3,
        5.6882731098146979e-3, 1.9130105263603779e-2, 3.1244761683343079e-2,
        3.9832367572751062e-2, 4.5137905688669287e-2, 4.5480145607604862e-2,
        4.4292193825770237e-2, 3.7149684526450087e-2, 2.5488806881484669e-2,
        1.101466595660109e-2, 1.2298857054673261e-2, 2.3429978594626439e-2,
        3.3143419505168373e-2, 3.9301461027421811e-2, 4.2630188530280999e-2,
        4.2420158796018667e-2, 3.7991549078431837e-2, 2.921009462864135e-2,
        1.7461392569009221e-2, 3.5706688779277552e-3, 3.7083706345788581e-3,
        1.6613597485625131e-2, 2.543791270192361e-2, 3.2178120298589859e-2,
        3.6264139917374157e-2, 3.8465242736672962e-2, 3.7256058132417648e-2,
        3.0450255472483659e-2, 2.0637259843897741e-2, 1.003007390672613e-2,
        7.3435354166300681e-3, 1.8635621174173e-2, 2.4954269400211969e-2,
        2.875505251303774e-2, 3.1569455033083213e-2, 3.2153150021881509e-2,
        3.0763124882549921e-2, 2.2558767446103651e-2, 1.2678552782073469e-2,
        3.6003278703169192e-3, 1.8545292641514129e-3, 9.286071545967561e-3,
        2.2234926207155239e-2, 2.3686667254988358e-2, 2.5694833749629001e-2,
        2.4903429221318781e-2, 2.3463416995046889e-2, 1.465176915755172e-2,
        6.5607283360410371e-3, 3.9743097885743071e-3, 9.8004689933444793e-3,
        1.7904976727916581e-2, 1.7335780398902292e-2, 1.8406639344788849e-2,
        1.9378034240509719e-2, 1.7816965970315578e-2, 1.5005329510256391e-2,
        7.6553142546855607e-3, 2.70503100284876e-3, 6.6515287646161771e-4,
        4.9072878756233331e-3, 8.9990206851286499e-3, 1.4492664434856551e-2,
        1.1549484732664719e-2, 1.2815085167222229e-2, 1.2894255372230511e-2,
        1.0371251924838711e-2, 7.635598833311997e-3, 3.7161673107785789e-3,
        1.4208446489304811e-3, 4.2363708366580438e-3, 6.4664851988326293e-3,
        9.1230452488242925e-3, 5.0369035510231582e-3, 6.4072631742447686e-3,
        6.2844799406690278e-3, 5.8068172364905014e-3, 3.5480387423791429e-3,
        5.9267836879921601e-4, 3.2007474059073012e-4, 1.112585947085899e-3,
        1.7668568093953841e-3, 2.3745701442780889e-3, 3.5085271971070251e-3,
        1.8420164638963011e-3, 2.603732985806352e-3, 1.326109663812068e-3,
        9.7490088153109162e-4
      ],
      [
        9.9578940492349399e-1, 9.966819226158441e-1, 9.964232568659287e-1,
        9.956972863904161e-1, 9.9700190110957598e-1, 9.9275663245562284e-1,
        9.7033230119616176e-1, 9.9002425138956263e-1, 9.9025258520684623e-1,
        9.9177120973069588e-1, 9.7730249853830309e-1, 9.7653960609481016e-1,
        9.8803234774066995e-1, 9.9441227337751659e-1, 9.9582046498633447e-1,
        9.7398514114791901e-1, 9.254838810436582e-1, 9.5875571328844211e-1,
        9.4788495148640006e-1, 9.5494105821827602e-1, 9.6133146888562737e-1,
        9.3714483884830946e-1, 9.4926373680763543e-1, 9.5667391860629047e-1,
        9.690740057689825e-1, 9.7494063729487157e-1, 9.028278454473605e-1,
        8.8665815481827071e-1, 8.9037064838693636e-1, 8.9691445905409117e-1,
        9.0533296611794323e-1, 8.8420307474486426e-1, 8.9464046702507871e-1,
        9.0628020147418409e-1, 9.1988118882805447e-1, 9.293075634720418e-1,
        8.3074166491030965e-1, 7.9890180935809241e-1, 8.1538579835097447e-1,
        8.1065859598010848e-1, 8.1628937187764128e-1, 8.2159059355476971e-1,
        8.0720572397105017e-1, 8.1977493092852682e-1, 8.3391654762197964e-1,
        8.437899588814044e-1, 8.6822289581683976e-1, 7.4149659308967264e-1,
        6.8961233979523995e-1, 7.2111537592423114e-1, 7.1104940188639298e-1,
        7.120710037407173e-1, 7.0823378439191687e-1, 7.1872063125566099e-1,
        7.099505499909835e-1, 7.2317763780513145e-1, 7.3694957412111717e-1,
        7.5059526604771232e-1, 5.6296530243638243e-1, 6.1412142403965742e-1,
        5.9319210735137584e-1, 5.8998710253193409e-1, 5.8835749411733118e-1,
        5.8665226924239899e-1, 5.9569773008775573e-1, 5.9277828894320139e-1,
        6.039926786166937e-1, 6.2541001519181394e-1, 6.1380606517340086e-1,
        5.0221653226791163e-1, 4.5895093273639292e-1, 4.5354172724294889e-1,
        4.5109045246240947e-1, 4.5318134327166582e-1, 4.4884709293367991e-1,
        4.5631454126778392e-1, 4.5626555267949842e-1, 4.7274308361683792e-1,
        4.8433961130212011e-1, 3.7820745256813709e-1, 3.2100219718836143e-1,
        2.9711503880896001e-1, 3.0858274866366392e-1, 3.0262830903868099e-1,
        3.0354811419690481e-1, 2.9944510405460978e-1, 3.0269138395822409e-1,
        3.1215633144929361e-1, 3.1773775279752858e-1, 3.5225629492268518e-1,
        2.252906962715443e-1, 1.870003268404008e-1, 1.3072622192359179e-1,
        1.4602022344221471e-1, 1.5517328483599041e-1, 1.4468186014516901e-1,
