{
  "name": "Sommariva 4",
  "domain": "C2",
  "degree": 4,
  "test_tolerance": 8.049e-16,
  "weight factor": 2.5e-1,
  "data": {
    "plain": [
      [
        4.9792836608418672e-1, 6.8830810694138667e-1, 6.3408498246426515e-1,
        4.8568473223765679e-1, 1.180646405191258, 5.1334740708124749e-1
      ],
      [
        9.2986644738263968e-1, -7.3290126188740268e-1, 3.8954464197192479e-1,
        5.1692943621695087e-1, -5.2231599755441137e-2, -7.6935635990175555e-1
      ],
      [
        6.3611974731085444e-2, 5.9031452584256083e-1, 8.3253233270634852e-1,
        -8.804002381721473e-1, -1.5401678626059359e-1, -6.9436877661343266e-1
      ]
    ]
  }
}
