{
  "name": "Sommariva 19",
  "domain": "C2",
  "degree": 19,
  "test_tolerance": 1.11e-15,
  "weight factor": 2.5e-1,
  "data": {
    "plain": [
      [
        2.092785503234627e-2, 1.8082406997045119e-2, 2.2487439452051911e-2,
        1.0118307738812339e-2, 4.6193284616705662e-3, 1.9561376690365111e-2,
        5.7735555339442773e-2, 6.3457997368526239e-2, 3.9904773492314687e-2,
        6.8874617292318321e-3, 5.7736862098995853e-2, 2.822764839262689e-2,
        1.0011382651517151e-1, 7.9384518475719382e-2, 3.6988551387266741e-2,
        9.8621083708266943e-2, 6.4304008257059744e-2, 1.6194325540558791e-2,
        1.145600986645687e-1, 7.5423027994418912e-2, 1.2717450838529659e-1,
        7.5096217692615735e-2, 2.3603534646849361e-2, 5.6473743872944293e-2,
        6.6836305055565329e-2, 1.024013654183961e-1, 1.271636872050067e-1,
        6.8542098708632274e-2, 1.103357066015591e-1, 3.1677399242166643e-2,
        1.060858442601201e-1, 8.327955875718944e-2, 2.608831452074966e-2,
        1.19810524592896e-1, 2.608831452074966e-2, 8.327955875718944e-2,
        1.060858442601201e-1, 3.1677399242166643e-2, 1.103357066015591e-1,
        6.8542098708632274e-2, 1.271636872050067e-1, 1.024013654183961e-1,
        6.6836305055565329e-2, 5.6473743872944293e-2, 2.3603534646849361e-2,
        7.5096217692615735e-2, 1.2717450838529659e-1, 7.5423027994418912e-2,
        1.145600986645687e-1, 1.6194325540558791e-2, 6.4304008257059744e-2,
        9.8621083708266943e-2, 3.6988551387266741e-2, 7.9384518475719382e-2,
        1.0011382651517151e-1, 2.822764839262689e-2, 5.7736862098995853e-2,
        6.8874617292318321e-3, 3.9904773492314687e-2, 6.3457997368526239e-2,
        5.7735555339442773e-2, 1.9561376690365111e-2, 4.6193284616705662e-3,
        1.0118307738812339e-2, 2.2487439452051911e-2, 1.8082406997045119e-2,
        2.092785503234627e-2
      ],
      [
        -9.8828112070436258e-1, -9.8496436676337495e-1, -9.8139996661220141e-1,
        -9.7821042025050053e-1, -9.6910162499988362e-1, -9.6832417559439177e-1,
        -9.2027067005878671e-1, -9.0949710725315791e-1, -8.9552833738974935e-1,
        -8.9103825342962006e-1, -8.6452173065062066e-1, -8.3619918226288648e-1,
        -7.7304149579800341e-1, -7.6505723393625946e-1, -7.3391651229816579e-1,
        -7.1425916886303364e-1, -6.5675938783974419e-1, -5.9119656810705767e-1,
        -5.6506127977335452e-1, -5.522558344482561e-1, -5.2044972266462131e-1,
        -4.8431041692172222e-1, -4.5767109547716511e-1, -3.5018195052999768e-1,
        -3.4499097570796172e-1, -3.2456161039683201e-1, -2.8998889363442848e-1,
        -2.124604121926062e-1, -2.1018633701940209e-1, -2.0610440198179919e-1,
        -6.1832816396998252e-2, -5.6246980005265637e-2, -4.7300138292257717e-2,
        0.0, 4.7300138292257717e-2, 5.6246980005265637e-2,
        6.1832816396998252e-2, 2.0610440198179919e-1, 2.1018633701940209e-1,
        2.124604121926062e-1, 2.8998889363442848e-1, 3.2456161039683201e-1,
        3.4499097570796172e-1, 3.5018195052999768e-1, 4.5767109547716511e-1,
        4.8431041692172222e-1, 5.2044972266462131e-1, 5.522558344482561e-1,
        5.6506127977335452e-1, 5.9119656810705767e-1, 6.5675938783974419e-1,
        7.1425916886303364e-1, 7.3391651229816579e-1, 7.6505723393625946e-1,
        7.7304149579800341e-1, 8.3619918226288648e-1, 8.6452173065062066e-1,
        8.9103825342962006e-1, 8.9552833738974935e-1, 9.0949710725315791e-1,
        9.2027067005878671e-1, 9.6832417559439177e-1, 9.6910162499988362e-1,
        9.7821042025050053e-1, 9.8139996661220141e-1, 9.8496436676337495e-1,
        9.8828112070436258e-1
      ],
      [
        5.4996806595863861e-2, 6.2125979072989357e-1, -4.9523652652137901e-1,
        9.2758014243505094e-1, -9.8573650668599644e-1, -8.3528300827487234e-1,
        3.5118511499953731e-1, -2.1727574212098141e-1, 7.9761744023188885e-1,
        9.9453694483219102e-1, -6.6319961050983456e-1, -9.4035897265747703e-1,
        8.2388311369248887e-2, 5.8629723139790002e-1, 9.3014443247993572e-1,
        -4.1446874592542821e-1, -8.1874568002442316e-1, -9.8908954168914787e-1,
        3.5627771860691582e-1, 7.8771800015489712e-1, -1.319110721429938e-1,
        -6.3724819005477962e-1, 9.8043442774075751e-1, -9.1552585920287244e-1,
        -5.1711128866473377e-1, 6.1127290989170524e-1, 1.6409173542323771e-1,
        8.9076822051139326e-1, -2.8884068049535178e-1, -7.8065401870714757e-1,
        4.5152748113961882e-1, -7.3887494739492199e-1, -9.8112370743983657e-1,
        0.0, 9.8112370743983657e-1, 7.3887494739492199e-1,
        -4.5152748113961882e-1, 7.8065401870714757e-1, 2.8884068049535178e-1,
        -8.9076822051139326e-1, -1.6409173542323771e-1, -6.1127290989170524e-1,
        5.1711128866473377e-1, 9.1552585920287244e-1, -9.8043442774075751e-1,
        6.3724819005477962e-1, 1.319110721429938e-1, -7.8771800015489712e-1,
        -3.5627771860691582e-1, 9.8908954168914787e-1, 8.1874568002442316e-1,
        4.1446874592542821e-1, -9.3014443247993572e-1, -5.8629723139790002e-1,
        -8.2388311369248887e-2, 9.4035897265747703e-1, 6.6319961050983456e-1,
        -9.9453694483219102e-1, -7.9761744023188885e-1, 2.1727574212098141e-1,
        -3.5118511499953731e-1, 8.3528300827487234e-1, 9.8573650668599644e-1,
        -9.2758014243505094e-1, 4.9523652652137901e-1, -6.2125979072989357e-1,
        -5.4996806595863861e-2
      ]
    ]
  }
}
