{
  "name": "Sommariva 32",
  "domain": "C2",
  "degree": 32,
  "test_tolerance": 1.161e-15,
  "weight factor": 2.5e-1,
  "data": {
    "plain": [
      [
        3.1762658818063321e-3, 3.280265060152129e-3, 4.675890937959332e-3,
        2.2840583129052181e-3, 4.5107711236274956e-3, 4.8138910207402357e-3,
        5.3751124988576297e-4, 2.4966127094753891e-3, 7.7011385292934391e-4,
        9.3590367917033221e-3, 1.1819867921893259e-2, 7.8988083355623732e-3,
        1.1511763302504131e-2, 8.6448185966649903e-3, 4.2232808330255871e-3,
        1.388419379439329e-2, 4.4154313294198942e-3, 6.8325735397251567e-3,
        1.016860955591373e-2, 1.0656651816555261e-2, 1.669398948968993e-2,
        9.5910646234010771e-3, 2.0595917442562891e-2, 1.7972835636997229e-2,
        2.2207749030333752e-2, 2.8428276962681361e-3, 2.5263258821623929e-3,
        1.7402068796543779e-2, 2.3207479454213621e-2, 1.8231352151665089e-2,
        9.6288259496032074e-3, 8.808214017805906e-3, 2.0389805068050409e-2,
        3.1156863959825639e-2, 1.86797208805695e-2, 2.828908020393419e-2,
        1.8187203276989281e-2, 2.161873511289656e-2, 4.2013132390306468e-3,
        6.8999656761533348e-3, 3.7420437600455228e-2, 1.9196421219698171e-2,
        1.783672443816834e-2, 3.7381483143935947e-2, 3.1451762285428807e-2,
        3.3078819939205632e-2, 2.7989411313985638e-2, 7.162747081491355e-3,
        2.9150372197222058e-3, 1.46935787320391e-2, 4.3339998539314098e-2,
        4.450992385162815e-2, 2.8590713770572881e-3, 3.7373331447557959e-2,
        3.5424310968171523e-2, 2.9910542731621959e-2, 1.3110474385799559e-2,
        2.8873799095149019e-2, 8.2318818683089975e-3, 4.4638982228612088e-2,
        2.3756289805163752e-2, 9.9725347323849686e-3, 4.4878657761291199e-2,
        4.9886518157056539e-2, 9.5471708643654046e-3, 1.057733340125433e-2,
        2.4332382952213329e-2, 3.1863014106996698e-2, 2.4168655583649161e-2,
        2.9620648131882268e-2, 3.2339469909866907e-2, 3.7931729764573408e-3,
        4.7539083437448858e-2, 4.6154978281256663e-2, 1.8112545091321808e-2,
        4.5547108410707582e-2, 3.0608235766851509e-3, 3.4041040525206782e-2,
        1.7883294670086518e-2, 3.2153480998903278e-2, 1.6198371062188081e-2,
        4.3187828660213132e-2, 4.5530977827840602e-2, 4.1103638686151578e-2,
        4.2676103007102208e-2, 5.0740711624728631e-2, 2.6808973581453059e-2,
        2.6571342651147519e-2, 9.7306259472329255e-3, 4.8411445001187638e-2,
        6.943274642780526e-3, 4.0143421244797778e-2, 4.8440657206609887e-2,
        3.5587998332934773e-2, 4.8316072317315537e-2, 4.5370554583585972e-2,
        1.7587903569062011e-2, 4.8181532533075541e-2, 5.4654642690716779e-2,
        1.7864099906268988e-2, 3.4102888067820282e-2, 2.7233097342307031e-2,
        3.5693211910024299e-3, 4.5417507398796839e-2, 2.662577185951133e-2,
        3.827435555232931e-2, 7.8876793031756823e-3, 3.5581397236317099e-2,
        5.1391414577828837e-2, 4.2304400263305078e-2, 2.5121681309328549e-2,
        5.1958895258768227e-2, 8.5423848056751916e-3, 3.9577811746515298e-2,
        1.8297228479747778e-2, 2.9722511940984599e-2, 4.4431180227931112e-2,
        4.1844417531331043e-2, 3.2759692687548962e-2, 2.471843473128421e-3,
        5.0987408155939641e-2, 4.9524345856249589e-2, 1.407985409716778e-2,
        6.4954562248601636e-3, 3.1939241966890533e-2, 4.0090987223237937e-2,
        2.251236322931963e-2, 2.6281456417469481e-2, 2.1381588669850762e-2,
        4.4617258886805337e-2, 4.7142248350114491e-2, 5.4008397507485312e-3,
        4.2551090671466327e-2, 1.2430293836206731e-2, 2.4148013070717358e-2,
        3.1810431637250662e-2, 2.3060168311364371e-2, 1.2033598783105681e-2,
        3.0644671915739182e-3, 3.9656342112748273e-2, 3.4803175978039967e-2,
        4.0152775373806557e-2, 3.1195464380212271e-2, 2.1612516834694531e-2,
        1.565402681403319e-2, 2.0674772236804188e-2, 1.8802678617553779e-2,
        3.7760505736733202e-3, 7.1566593108108537e-3, 2.2010325823410639e-2,
        3.1612520359411582e-2, 2.9936173757566849e-2, 2.452891312211182e-2,
        1.408878624403073e-2, 2.137248847571907e-2, 1.302733239156259e-2,
        5.7000883977985769e-3, 1.2425349419691379e-2, 3.023298480841919e-3,
        2.114261952758863e-2, 1.8839162963921019e-2, 6.5145099996216779e-3,
        1.4922779613595571e-2, 1.5257538400787109e-2, 2.1149897215212071e-2,
        1.6562136451881111e-2, 6.5052787555137086e-3, 9.6683047724557269e-3,
        1.585630013135186e-2, 9.2811790287140373e-4, 1.284569365696251e-2,
        1.055872402608265e-2, 6.9682608657461028e-3, 1.210463692085719e-3,
        8.6838415657130002e-3, 1.15985137968113e-2, 7.3634674080974042e-3,
        7.3184770132691552e-3, 6.2829280019326512e-3, 8.8800008151802366e-3,
        1.6607860693807249e-3, 2.7113249146467418e-3, 1.6887357293274071e-3,
        3.8717878269062199e-3, 2.7413398182146338e-3, 4.5893228928558039e-3,
        3.583734039365401e-3, 4.0457189268065293e-3, 2.4050304441202469e-3
      ],
      [
        -9.9614431583764873e-1, -9.9551505398959661e-1, -9.9536731748065599e-1,
        -9.9533011489581169e-1, -9.9495362891381134e-1, -9.9475810010274879e-1,
        -9.9413432684562508e-1, -9.9328248771076311e-1, -9.9017186065384521e-1,
        -9.7510086308665778e-1, -9.7239778265225207e-1, -9.7161232051442448e-1,
        -9.7118429774780646e-1, -9.7040554891232877e-1, -9.6941990589884441e-1,
        -9.6834118746250775e-1, -9.5678080078885053e-1, -9.437425354265615e-1,
        -9.4022187882003017e-1, -9.2175510199651822e-1, -9.2013450366060678e-1,
        -9.1871379272572951e-1, -9.1819470919054791e-1, -9.1816373845645649e-1,
        -9.1808669519456088e-1, -9.1622339420949028e-1, -8.9423754220539642e-1,
        -8.9250045481030993e-1, -8.5673763426672978e-1, -8.5270492851638047e-1,
        -8.5003462926599738e-1, -8.4959366222252486e-1, -8.420958026145372e-1,
        -8.4052290085916948e-1, -8.4001307475023823e-1, -8.2515200159115565e-1,
        -7.9607468432472883e-1, -7.8842005019435535e-1, -7.83219858039369e-1,
        -7.6919563775152233e-1, -7.5090724112878682e-1, -7.427461156257692e-1,
        -7.3938461730496075e-1, -7.3511941839492878e-1, -7.2133982599260915e-1,
        -7.1205430048289198e-1, -7.0137853142297735e-1, -6.8890475286170216e-1,
        -6.5222803724371448e-1, -6.2941413340372632e-1, -6.2892364822315994e-1,
        -6.2501435516689707e-1, -6.1624791854743877e-1, -6.0995560604008314e-1,
        -6.0356924377756738e-1, -5.9573989314344911e-1, -5.8807206737787932e-1,
        -5.6429439558744088e-1, -5.3414532895117772e-1, -5.037785265285627e-1,
        -5.0355200207802209e-1, -4.9887762724694101e-1, -4.8809508604249607e-1,
        -4.7828737634499441e-1, -4.611263669660518e-1, -4.4609401727370868e-1,
        -4.3442155602896892e-1, -4.3034645478407618e-1, -4.1407719093877032e-1,
        -4.1066213346050412e-1, -3.8600096629739189e-1, -3.484793436284917e-1,
        -3.3919515678409351e-1, -3.3578093566967432e-1, -3.2502781299668693e-1,
        -3.0560891598595019e-1, -2.9612148609821243e-1, -2.8479323662299272e-1,
        -2.7134781765381649e-1, -2.6238918957446911e-1, -2.4745414077408609e-1,
        -2.3500089426917681e-1, -2.0295779737970179e-1, -1.9906701685402281e-1,
        -1.5494560913178029e-1, -1.3473319970248149e-1, -1.1932126151101741e-1,
        -9.6083661818840052e-2, -8.7246743174234642e-2, -8.3572621810471759e-2,
        -7.6636571894018721e-2, -7.5065426651254305e-2, -6.8145601753986956e-2,
        1.0624735587277589e-2, 1.6600175461189338e-2, 2.2724531794807261e-2,
        4.931212356041427e-2, 7.6131407270601817e-2, 7.8532942808235098e-2,
        8.3721255572877046e-2, 9.3378874078428709e-2, 1.0890749108133051e-1,
        1.4119088900753579e-1, 1.7514134746558899e-1, 1.756054472282782e-1,
        1.8645988992834861e-1, 2.015902009534723e-1, 2.0440454269538991e-1,
        2.3789323174897739e-1, 2.4534195578369619e-1, 2.6739240563880062e-1,
        2.7943218785226781e-1, 2.8527503212283928e-1, 3.3669190978829688e-1,
