{
  "name": "Sommariva 2",
  "domain": "C2",
  "degree": 2,
  "test_tolerance": 7.494e-16,
  "weight factor": 2.5e-1,
  "data": {
    "plain": [
      [1.498681096511322, 1.051530016968792, 1.4497888865198869],
      [6.5195423824820187e-1, -8.070876861583226e-1, -8.8560869465524453e-2],
      [3.6234443150224283e-1, 5.3223090388330219e-1, -7.6059040841264647e-1]
    ]
  }
}
