{
  "name": "Sommariva 6",
  "domain": "C2",
  "degree": 6,
  "test_tolerance": 9.992e-16,
  "weight factor": 2.5e-1,
  "data": {
    "plain": [
      [
        2.115144101443901e-1, 2.6331285965627182e-1, 3.7653925842312708e-1,
        7.1282611217343084e-1, 1.9150808883269349e-1, 7.6473989791974573e-1,
        4.4220792845026119e-1, 2.8015103953997639e-1, 6.5363086667165371e-1,
        1.035695381884487e-1
      ],
      [
        9.7851554768515625e-1, 8.0020711747967321e-1, 6.4784472711792929e-1,
        4.5277404059185222e-1, -4.7756687316929192e-1, -7.5694201647991038e-2,
        -1.241563248035317e-1, -9.0141589131564059e-1, -6.5602776289784437e-1,
        -9.5378715174532747e-1
      ],
      [
        2.0326637588453481e-1, -8.0682127897895684e-1, 8.1744371513452652e-1,
        -2.3171080882075001e-1, 9.7665970771681543e-1, 4.4090554015332512e-1,
        -8.4092224990921993e-1, 5.4831217200800897e-1, -2.8664975296487949e-1,
        -8.8615234300506329e-1
      ]
    ]
  }
}
