{
  "name": "Sommariva 27",
  "domain": "C2",
  "degree": 27,
  "test_tolerance": 1.485e-15,
  "weight factor": 2.5e-1,
  "data": {
    "plain": [
      [
        6.9796806090528948e-2, 4.3149665065609542e-2, 1.0723998311672339e-2,
        8.488483237702206e-2, 7.727830308506041e-2, 5.6215861024135512e-2,
        2.5359110502492881e-2, 5.2720555116839698e-3, 7.726743635049893e-2,
        6.3651473573690456e-2, 3.8547755339969368e-2, 1.1944902818252241e-2,
        5.6589416715101891e-2, 6.376865298046723e-2, 4.6254535448612702e-2,
        1.8204372850939961e-2, 5.7562693566788666e-3, 4.0469357076972828e-2,
        4.6953669165093102e-2, 2.452811191323398e-2, 3.599599560868793e-3,
        1.136717702495919e-2, 9.0879586403679186e-3, 2.155259200865792e-2,
        2.7231423177192061e-2, 6.586312510744677e-3, 9.1706256797168002e-3,
        2.753902574626484e-2, 2.0629388984310438e-3, 6.2134556003167101e-3,
        3.5421651441076402e-3, 2.7890252099605681e-3, 2.641115240694518e-3,
        6.9796806090528948e-2, 4.3149665065609542e-2, 1.0723998311672339e-2,
        8.488483237702206e-2, 7.727830308506041e-2, 5.6215861024135512e-2,
        2.5359110502492881e-2, 5.2720555116839698e-3, 7.726743635049893e-2,
        6.3651473573690456e-2, 3.8547755339969368e-2, 1.1944902818252241e-2,
        5.6589416715101891e-2, 6.376865298046723e-2, 4.6254535448612702e-2,
        1.8204372850939961e-2, 5.7562693566788666e-3, 4.0469357076972828e-2,
        4.6953669165093102e-2, 2.452811191323398e-2, 3.599599560868793e-3,
        1.136717702495919e-2, 9.0879586403679186e-3, 2.155259200865792e-2,
        2.7231423177192061e-2, 6.586312510744677e-3, 9.1706256797168002e-3,
        2.753902574626484e-2, 2.0629388984310438e-3, 6.2134556003167101e-3,
        3.5421651441076402e-3, 2.7890252099605681e-3, 2.641115240694518e-3,
        6.9796806090528948e-2, 4.3149665065609542e-2, 1.0723998311672339e-2,
        8.488483237702206e-2, 7.727830308506041e-2, 5.6215861024135512e-2,
        2.5359110502492881e-2, 5.2720555116839698e-3, 7.726743635049893e-2,
        6.3651473573690456e-2, 3.8547755339969368e-2, 1.1944902818252241e-2,
        5.6589416715101891e-2, 6.376865298046723e-2, 4.6254535448612702e-2,
        1.8204372850939961e-2, 5.7562693566788666e-3, 4.0469357076972828e-2,
        4.6953669165093102e-2, 2.452811191323398e-2, 3.599599560868793e-3,
        1.136717702495919e-2, 9.0879586403679186e-3, 2.155259200865792e-2,
        2.7231423177192061e-2, 6.586312510744677e-3, 9.1706256797168002e-3,
        2.753902574626484e-2, 2.0629388984310438e-3, 6.2134556003167101e-3,
        3.5421651441076402e-3, 2.7890252099605681e-3, 2.641115240694518e-3,
        6.9796806090528948e-2, 4.3149665065609542e-2, 1.0723998311672339e-2,
        8.488483237702206e-2, 7.727830308506041e-2, 5.6215861024135512e-2,
        2.5359110502492881e-2, 5.2720555116839698e-3, 7.726743635049893e-2,
        6.3651473573690456e-2, 3.8547755339969368e-2, 1.1944902818252241e-2,
        5.6589416715101891e-2, 6.376865298046723e-2, 4.6254535448612702e-2,
        1.8204372850939961e-2, 5.7562693566788666e-3, 4.0469357076972828e-2,
        4.6953669165093102e-2, 2.452811191323398e-2, 3.599599560868793e-3,
        1.136717702495919e-2, 9.0879586403679186e-3, 2.155259200865792e-2,
        2.7231423177192061e-2, 6.586312510744677e-3, 9.1706256797168002e-3,
        2.753902574626484e-2, 2.0629388984310438e-3, 6.2134556003167101e-3,
        3.5421651441076402e-3, 2.7890252099605681e-3, 2.641115240694518e-3
      ],
      [
        1.88600502178272e-3, -4.6100904460803392e-3, -4.1552840838381788e-2,
        2.0678723203444041e-1, 2.0822691670235091e-1, 2.0521371613581729e-1,
        1.8073932568528239e-1, 3.3220574759449389e-1, 4.0453058246120238e-1,
        4.0258378741935141e-1, 3.8509001362244338e-1, 4.9615658096116882e-1,
        7.3370414167951381e-1, 5.8099609899377413e-1, 5.6772305741482876e-1,
        6.2092596608862494e-1, 7.2227129465244277e-1, 8.4726755193353342e-1,
        7.2353137551895974e-1, 7.4362091966078647e-1, 8.078125449235396e-1,
        8.4960117898704335e-1, 9.8739936326527789e-1, 9.4079185389929787e-1,
        8.5836228936629322e-1, 9.4171121901553334e-1, 9.2930072717189738e-1,
        9.365522911144204e-1, 9.9130013206100276e-1, 9.8920629936843318e-1,
        9.8257946960061615e-1, 9.8996239838160394e-1, 9.4548168929223009e-1,
        -5.8285667386912976e-1, -8.5779298726336506e-1, -9.8888529305529971e-1,
        6.2964778621349199e-4, -4.0386166391903172e-1, -7.3941713908379592e-1,
        -9.4962655655497019e-1, -9.9602273860850632e-1, -2.0598597411364769e-1,
        -5.8701285106622236e-1, -8.7078222037106079e-1, -9.7261087526213519e-1,
        -2.0824468066062091e-1, -4.0734747890412748e-1, -7.5316795691080296e-1,
        -9.313450399117541e-1, -9.9266883320778809e-1, -4.2020986891984752e-1,
        -6.0090015982533307e-1, -8.5326311278828304e-1, -8.8658602385572061e-1,
        -9.5847404026872074e-1, -3.8575650232545011e-1, -5.8062902755378731e-1,
        -7.3552601552771668e-1, -8.1409332334861728e-1, -8.9763149042858448e-1,
        -2.2476490483321721e-1, -5.1469107727479435e-1, -7.1773063408633542e-1,
        -8.5269169768632447e-1, -9.5591230397712335e-1, -9.9315083323291409e-1,
        -1.88600502178272e-3, 4.6100904460803392e-3, 4.1552840838381788e-2,
        -2.0678723203444041e-1, -2.0822691670235091e-1, -2.0521371613581729e-1,
        -1.8073932568528239e-1, -3.3220574759449389e-1, -4.0453058246120238e-1,
        -4.0258378741935141e-1, -3.8509001362244338e-1, -4.9615658096116882e-1,
        -7.3370414167951381e-1, -5.8099609899377413e-1, -5.6772305741482876e-1,
        -6.2092596608862494e-1, -7.2227129465244277e-1, -8.4726755193353342e-1,
        -7.2353137551895974e-1, -7.4362091966078647e-1, -8.078125449235396e-1,
        -8.4960117898704335e-1, -9.8739936326527789e-1, -9.4079185389929787e-1,
        -8.5836228936629322e-1, -9.4171121901553334e-1, -9.2930072717189738e-1,
        -9.365522911144204e-1, -9.9130013206100276e-1, -9.8920629936843318e-1,
        -9.8257946960061615e-1, -9.8996239838160394e-1, -9.4548168929223009e-1,
        5.8285667386912976e-1, 8.5779298726336506e-1, 9.8888529305529971e-1,
        -6.2964778621349199e-4, 4.0386166391903172e-1, 7.3941713908379592e-1,
        9.4962655655497019e-1, 9.9602273860850632e-1, 2.0598597411364769e-1,
        5.8701285106622236e-1, 8.7078222037106079e-1, 9.7261087526213519e-1,
        2.0824468066062091e-1, 4.0734747890412748e-1, 7.5316795691080296e-1,
        9.313450399117541e-1, 9.9266883320778809e-1, 4.2020986891984752e-1,
        6.0090015982533307e-1, 8.5326311278828304e-1, 8.8658602385572061e-1,
        9.5847404026872074e-1, 3.8575650232545011e-1, 5.8062902755378731e-1,
        7.3552601552771668e-1, 8.1409332334861728e-1, 8.9763149042858448e-1,
        2.2476490483321721e-1, 5.1469107727479435e-1, 7.1773063408633542e-1,
        8.5269169768632447e-1, 9.5591230397712335e-1, 9.9315083323291409e-1
      ],
      [
        5.8285667386912976e-1, 8.5779298726336506e-1, 9.8888529305529971e-1,
        -6.2964778621349199e-4, 4.0386166391903172e-1, 7.3941713908379592e-1,
        9.4962655655497019e-1, 9.9602273860850632e-1, 2.0598597411364769e-1,
        5.8701285106622236e-1, 8.7078222037106079e-1, 9.7261087526213519e-1,
        2.0824468066062091e-1, 4.0734747890412748e-1, 7.5316795691080296e-1,
        9.313450399117541e-1, 9.9266883320778809e-1, 4.2020986891984752e-1,
        6.0090015982533307e-1, 8.5326311278828304e-1, 8.8658602385572061e-1,
        9.5847404026872074e-1, 3.8575650232545011e-1, 5.8062902755378731e-1,
        7.3552601552771668e-1, 8.1409332334861728e-1, 8.9763149042858448e-1,
        2.2476490483321721e-1, 5.1469107727479435e-1, 7.1773063408633542e-1,
        8.5269169768632447e-1, 9.5591230397712335e-1, 9.9315083323291409e-1,
        1.88600502178272e-3, -4.6100904460803392e-3, -4.1552840838381788e-2,
        2.0678723203444041e-1, 2.0822691670235091e-1, 2.0521371613581729e-1,
