{
  "name": "Sommariva 33",
  "domain": "C2",
  "degree": 33,
  "test_tolerance": 1.166e-15,
  "weight factor": 2.5e-1,
  "data": {
    "plain": [
      [
        4.8081488678037722e-2, 4.731056174816773e-2, 3.5162951232546702e-2,
        1.951472105421867e-2, 3.9765014441623583e-3, 2.2939082866212841e-2,
        4.4320686370155217e-2, 3.8979214214489008e-2, 2.6603825082439751e-2,
        1.105346348813268e-2, 3.9663609731566539e-2, 2.597222014353591e-2,
        3.7136489141355179e-2, 2.9335903673196079e-2, 3.0477350398492361e-2,
        1.7251428293635868e-2, 3.162797947778954e-3, 3.2174263215377821e-2,
        2.734110543912327e-2, 1.9404423391996391e-2, 2.1206499875492221e-2,
        8.3624978163083733e-3, 3.2966139567079222e-2, 2.3865736993070721e-2,
        2.058221303838324e-2, 1.190900733146451e-2, 3.147989159421966e-3,
        2.4382367973298489e-2, 1.7276376633461401e-2, 9.4841397465904014e-3,
        1.280268009696023e-2, 6.9008535882274739e-3, 1.8875319743767691e-2,
        1.0663756431999429e-2, 1.625052256486291e-2, 1.032788782555771e-2,
        4.4561782671475661e-3, 4.6985455792290286e-3, 1.7729828512263459e-3,
        3.8475168098839291e-3, 3.3522289071558999e-3, 8.7466511119908951e-3,
        2.9951152656263651e-3, 1.006759244687949e-3, 3.5271421536167441e-2,
        3.0517117327867299e-2, 4.2791291344573233e-2, 2.696044145284995e-2,
        1.1837140519290509e-2, 4.8081488678037722e-2, 4.731056174816773e-2,
        3.5162951232546702e-2, 1.951472105421867e-2, 3.9765014441623583e-3,
        2.2939082866212841e-2, 4.4320686370155217e-2, 3.8979214214489008e-2,
        2.6603825082439751e-2, 1.105346348813268e-2, 3.9663609731566539e-2,
        2.597222014353591e-2, 3.7136489141355179e-2, 2.9335903673196079e-2,
        3.0477350398492361e-2, 1.7251428293635868e-2, 3.162797947778954e-3,
        3.2174263215377821e-2, 2.734110543912327e-2, 1.9404423391996391e-2,
        2.1206499875492221e-2, 8.3624978163083733e-3, 3.2966139567079222e-2,
        2.3865736993070721e-2, 2.058221303838324e-2, 1.190900733146451e-2,
        3.147989159421966e-3, 2.4382367973298489e-2, 1.7276376633461401e-2,
        9.4841397465904014e-3, 1.280268009696023e-2, 6.9008535882274739e-3,
        1.8875319743767691e-2, 1.0663756431999429e-2, 1.625052256486291e-2,
        1.032788782555771e-2, 4.4561782671475661e-3, 4.6985455792290286e-3,
        1.7729828512263459e-3, 3.8475168098839291e-3, 3.3522289071558999e-3,
        8.7466511119908951e-3, 2.9951152656263651e-3, 1.006759244687949e-3,
        3.5271421536167441e-2, 3.0517117327867299e-2, 4.2791291344573233e-2,
        2.696044145284995e-2, 1.1837140519290509e-2, 4.8081488678037722e-2,
        4.731056174816773e-2, 3.5162951232546702e-2, 1.951472105421867e-2,
        3.9765014441623583e-3, 2.2939082866212841e-2, 4.4320686370155217e-2,
        3.8979214214489008e-2, 2.6603825082439751e-2, 1.105346348813268e-2,
        3.9663609731566539e-2, 2.597222014353591e-2, 3.7136489141355179e-2,
        2.9335903673196079e-2, 3.0477350398492361e-2, 1.7251428293635868e-2,
        3.162797947778954e-3, 3.2174263215377821e-2, 2.734110543912327e-2,
        1.9404423391996391e-2, 2.1206499875492221e-2, 8.3624978163083733e-3,
        3.2966139567079222e-2, 2.3865736993070721e-2, 2.058221303838324e-2,
        1.190900733146451e-2, 3.147989159421966e-3, 2.4382367973298489e-2,
        1.7276376633461401e-2, 9.4841397465904014e-3, 1.280268009696023e-2,
        6.9008535882274739e-3, 1.8875319743767691e-2, 1.0663756431999429e-2,
        1.625052256486291e-2, 1.032788782555771e-2, 4.4561782671475661e-3,
        4.6985455792290286e-3, 1.7729828512263459e-3, 3.8475168098839291e-3,
        3.3522289071558999e-3, 8.7466511119908951e-3, 2.9951152656263651e-3,
        1.006759244687949e-3, 3.5271421536167441e-2, 3.0517117327867299e-2,
        4.2791291344573233e-2, 2.696044145284995e-2, 1.1837140519290509e-2,
        4.8081488678037722e-2, 4.731056174816773e-2, 3.5162951232546702e-2,
        1.951472105421867e-2, 3.9765014441623583e-3, 2.2939082866212841e-2,
        4.4320686370155217e-2, 3.8979214214489008e-2, 2.6603825082439751e-2,
        1.105346348813268e-2, 3.9663609731566539e-2, 2.597222014353591e-2,
        3.7136489141355179e-2, 2.9335903673196079e-2, 3.0477350398492361e-2,
        1.7251428293635868e-2, 3.162797947778954e-3, 3.2174263215377821e-2,
        2.734110543912327e-2, 1.9404423391996391e-2, 2.1206499875492221e-2,
        8.3624978163083733e-3, 3.2966139567079222e-2, 2.3865736993070721e-2,
        2.058221303838324e-2, 1.190900733146451e-2, 3.147989159421966e-3,
        2.4382367973298489e-2, 1.7276376633461401e-2, 9.4841397465904014e-3,
        1.280268009696023e-2, 6.9008535882274739e-3, 1.8875319743767691e-2,
        1.0663756431999429e-2, 1.625052256486291e-2, 1.032788782555771e-2,
        4.4561782671475661e-3, 4.6985455792290286e-3, 1.7729828512263459e-3,
        3.8475168098839291e-3, 3.3522289071558999e-3, 8.7466511119908951e-3,
        2.9951152656263651e-3, 1.006759244687949e-3, 3.5271421536167441e-2,
        3.0517117327867299e-2, 4.2791291344573233e-2, 2.696044145284995e-2,
        1.1837140519290509e-2, 5.1522135366946088e-2
      ],
      [
        1.485098538731679e-1, 1.172505996395537e-1, 1.066031447166868e-1,
        1.132061108674796e-1, 1.073615219898776e-1, 3.4626085830724129e-1,
        2.6373065438359572e-1, 2.6937958418386182e-1, 2.8753482049163992e-1,
        2.8937535511933687e-1, 5.3385464250199255e-1, 4.5496808850729747e-1,
        4.0901440246081688e-1, 5.6630267522040634e-1, 4.4001872845683437e-1,
        4.5825985095662941e-1, 4.5827528272471268e-1, 6.7593090275639511e-1,
        5.9073012597043861e-1, 7.1468931603007635e-1, 5.953318104316343e-1,
        6.1608608380463692e-1, 7.7674204102614253e-1, 7.8318821832070817e-1,
        7.0418516047079016e-1, 7.2905343820813084e-1, 7.8201330718233386e-1,
        8.6526841582403868e-1, 8.6423008069945673e-1, 8.1625825073931713e-1,
        8.1827735600741858e-1, 8.7639774752754229e-1, 9.3286177063215414e-1,
        9.7617394112062261e-1, 9.3034305178986987e-1, 9.2353786626282885e-1,
        9.1629099626939525e-1, 9.6875638849666679e-1, 9.4790687587780742e-1,
        9.9624673629960636e-1, 9.961740044729398e-1, 9.7154835074306045e-1,
        9.9342517247265072e-1, 9.9441691886186578e-1, 7.1262177369936282e-3,
        -6.2464341737814622e-2, -5.4107064763549727e-2, -6.7404810347675481e-2,
        -7.2687394481523712e-2, -1.694663949097438e-1, -5.2087936541281821e-1,
        -7.7780799733518058e-1, -9.3166431763496182e-1, -9.9596760052783528e-1,
        -2.127438914067375e-1, -3.7229473444323508e-1, -6.6820024201696537e-1,
        -8.6704522259981343e-1, -9.7572884523822268e-1, -2.1838011171137159e-1,
        -3.7446772104752329e-1, -5.4589548832480483e-1, -6.7346598888837295e-1,
        -7.78844858706494e-1, -9.3553762362788884e-1, -9.9686037266441563e-1,
        -3.6464808802375798e-1, -4.9493409468128341e-1, -6.3296484330258029e-1,
        -8.701483739421072e-1, -9.7942868222107848e-1, -2.222325062449502e-1,
        -5.2879920627200194e-1, -7.8478894587510228e-1, -9.3883090097337274e-1,
        -9.9483087155654581e-1, -4.0119761966384038e-1, -6.8615744369030707e-1,
        -7.6976173502337086e-1, -8.7943027008651664e-1, -9.6688679820516521e-1,
        -2.521078906774078e-1, -4.3125664625756083e-1, -5.7105430427269188e-1,
        -8.2057501084732853e-1, -9.0202193044907031e-1, -9.3158603381849792e-1,
        -9.9351264946548301e-1, -2.5487051236576058e-1, -6.0473583470627135e-1,
        -7.2738674248925816e-1, -8.4971871340820437e-1, -9.7856125727819177e-1,
        -2.9467540024330019e-1, -4.0785639053202227e-1, -6.5619353116353152e-1,
        -8.6809694631014112e-1, -9.746198602047339e-1, -1.485098538731679e-1,
        -1.172505996395537e-1, -1.066031447166868e-1, -1.132061108674796e-1,
        -1.073615219898776e-1, -3.4626085830724129e-1, -2.6373065438359572e-1,
        -2.6937958418386182e-1, -2.8753482049163992e-1, -2.8937535511933687e-1,
