{
  "name": "Sommariva 5",
  "domain": "C2",
  "degree": 5,
  "test_tolerance": 5.551e-16,
  "weight factor": 2.5e-1,
  "data": {
    "plain": [
      [
        3.174603174603175e-1, 5.5555555555555558e-1, 5.5555555555555558e-1,
        1.142857142857143, 5.5555555555555558e-1, 5.5555555555555558e-1,
        3.174603174603175e-1
      ],
      [
        -9.66091783079296e-1, -5.7735026918962584e-1, -5.7735026918962584e-1,
        0.0, 5.7735026918962584e-1, 5.7735026918962584e-1, 9.66091783079296e-1
      ],
      [
        0.0, -7.745966692414834e-1, 7.745966692414834e-1, 0.0,
        7.745966692414834e-1, -7.745966692414834e-1, 0.0
      ]
    ]
  }
}
