{
  "name": "Sommariva 26",
  "domain": "C2",
  "degree": 26,
  "test_tolerance": 8.882e-16,
  "weight factor": 2.5e-1,
  "data": {
    "plain": [
      [
        3.684914976298696e-3, 5.7694680554344051e-3, 5.7320889764569134e-3,
        7.8522139577804489e-3, 5.1215086489695477e-3, 7.653897829024368e-3,
        1.353489163893612e-3, 1.601609521006031e-3, 1.4812632279057009e-2,
        1.4671025530351951e-2, 2.0665927836255479e-2, 2.0579959919136529e-2,
        8.0534898430563179e-3, 8.9197326091211924e-3, 2.2731842821443509e-2,
        2.0966669025116329e-2, 3.2519255989938677e-2, 1.9548146362740319e-2,
        2.7697159914167171e-2, 5.5036864203821534e-3, 3.7332002120294208e-2,
        5.1243038710623414e-3, 3.9030318572466721e-2, 2.070806621666239e-2,
        3.3986346611890393e-2, 1.770750778349851e-2, 3.9093739178132747e-2,
        3.2062084798470468e-2, 5.215291009390418e-2, 5.8536088431517613e-2,
        6.5486083191993727e-3, 4.1288870882428552e-2, 1.4323536545880309e-2,
        4.7205821974723609e-2, 3.0834528969692989e-2, 3.8478611732392781e-2,
        5.8595723347269993e-2, 6.9772002438413513e-2, 1.9210324304961921e-2,
        4.2679201815339532e-2, 6.7277433650419938e-2, 5.3981486920095141e-2,
        3.0722808810589999e-2, 5.3141556625521981e-3, 5.741502788464329e-2,
        7.2443525353814001e-2, 2.864804532479737e-2, 8.3764602959131487e-3,
        7.8257435615877918e-2, 5.2532520151292207e-2, 7.1474739449116642e-2,
        2.066316039292166e-2, 1.7989115980126119e-2, 4.8599431515271421e-2,
        6.7656104040747386e-2, 2.6522224300732811e-2, 8.0255614240097334e-2,
        8.1205908425852916e-2, 4.6367523447585872e-2, 6.8160194937649373e-3,
        6.7479188738782114e-2, 3.3874597224708869e-2, 5.5389313394571892e-2,
        1.032926366015326e-2, 7.3203491653543465e-2, 8.3056159855628059e-2,
        3.6046655848167249e-2, 7.7611219528886236e-2, 6.3697191093321157e-3,
        6.1564965558163452e-2, 3.9682434707123321e-2, 2.0265871057316889e-2,
        5.6912321108198827e-2, 6.5622169249149641e-3, 7.6392347746130351e-2,
        7.9889639892677514e-2, 1.9519513973016749e-2, 6.7716943795190845e-2,
        3.5348835582387127e-2, 4.1148544439289503e-2, 1.2180296893855771e-2,
        2.9856148152636611e-2, 6.0296059859825939e-2, 3.4241561094292133e-2,
        7.4070774935930922e-2, 6.6359662026148208e-2, 5.409613333068085e-3,
        2.7205202572755868e-2, 4.8309190141069762e-2, 3.4040335530267259e-2,
        3.7914966865752887e-2, 1.996022042410962e-2, 6.1449813220249602e-2,
        3.2364885930007123e-2, 5.802989349830448e-2, 3.5798078756731212e-3,
        1.4848756784941989e-2, 4.9591795697855511e-2, 3.0610736827597192e-2,
        1.594483883723016e-2, 3.1197719732034151e-2, 4.5485811141286449e-2,
        4.0106686457082749e-2, 1.707575997005541e-2, 1.0843376250050191e-2,
        2.03677452067011e-2, 4.0727778748760692e-2, 4.2862777903057156e-3,
        2.6651087083564201e-2, 2.1990469623046169e-2, 2.9335139005646119e-2,
        1.7927337162014528e-2, 1.3348536571693669e-2, 1.8284188995517162e-2,
        2.4934275652475218e-2, 2.9976692881607389e-3, 7.3333511812249501e-3,
        1.9069836003008579e-2, 1.2832539886248341e-2, 9.6641559673617972e-3,
        8.0192439328693604e-3, 8.8692568172843607e-3, 4.432377107176309e-3,
        9.2781778126738829e-4, 2.6852858823704531e-3, 6.8866499122388122e-3,
        6.4637639067560261e-3
      ],
      [
        -9.9541494320535862e-1, -9.9518463164639825e-1, -9.9469100610103434e-1,
        -9.9193737590229147e-1, -9.906494815143384e-1, -9.8962552047843311e-1,
        -9.8830670048736124e-1, -9.871269120799574e-1, -9.6881755056398933e-1,
        -9.6231072353332836e-1, -9.5946990501328155e-1, -9.5563403296540683e-1,
        -9.5515304473890184e-1, -9.4249698616687072e-1, -9.4202530841625121e-1,
        -8.9873209165613621e-1, -8.9586070508638482e-1, -8.8964726957905471e-1,
        -8.8558707545730253e-1, -8.8519755347754303e-1, -8.8248690233976634e-1,
        -8.5362981780667369e-1, -8.4701269899597065e-1, -7.9357918968527708e-1,
        -7.9163114954022062e-1, -7.8614056190983272e-1, -7.8447634883873918e-1,
        -7.8125955155569149e-1, -7.7508021810466576e-1, -7.13576441211765e-1,
        -6.8289431446959059e-1, -6.6587966229515627e-1, -6.6014730803960853e-1,
        -6.5795060623880874e-1, -6.4796463193991982e-1, -6.3977900863682591e-1,
        -6.2493626960777726e-1, -5.5768422506398729e-1, -5.2312257207260882e-1,
        -5.1080135427248352e-1, -4.9588224436405393e-1, -4.9039132783228517e-1,
        -4.7167861097848862e-1, -4.571089728524948e-1, -4.4583590277509438e-1,
        -3.7612042190537909e-1, -3.7572704387693678e-1, -3.2331514584485749e-1,
        -3.214177198641322e-1, -3.0795969137476659e-1, -2.9084999870461209e-1,
        -2.7114885271125549e-1, -2.6218921533003348e-1, -2.481167506627375e-1,
        -1.7913423653141261e-1, -1.4375445783605811e-1, -1.2697434759315571e-1,
        -1.038608843226707e-1, -8.599298880188963e-2, -8.3950062817828047e-2,
        -8.3719471259301029e-2, -1.697646807858736e-2, 1.8338711436555952e-2,
        5.5651063324523263e-2, 7.3953300915057876e-2, 9.4680868435651572e-2,
        1.024839179112914e-1, 1.074857184095777e-1, 1.267100636690128e-1,
        1.5346072765304619e-1, 2.264963086729804e-1, 2.4598574540377e-1,
        2.5732439326674877e-1, 2.7872999468924198e-1, 2.9380692663691399e-1,
        3.0317516444395909e-1, 3.0571761242104528e-1, 3.4299482244095869e-1,
        3.4683959027632189e-1, 4.2947150537459228e-1, 4.5044383247918679e-1,
        4.5871142164581002e-1, 4.7050232400992997e-1, 4.730542337014057e-1,
        4.9394407702587612e-1, 5.2037154159277477e-1, 5.2576397850077994e-1,
        5.3133788268063009e-1, 6.0229230455079408e-1, 6.204433975928566e-1,
        6.2094667119912161e-1, 6.4666898795821359e-1, 6.6210335640676021e-1,
        6.7898097700632476e-1, 6.796918717501631e-1, 6.8125021767543237e-1,
        7.2664754365407602e-1, 7.4406426169361606e-1, 7.5924748405059095e-1,
        7.6515975569148331e-1, 7.9674362849180957e-1, 8.0825417169847136e-1,
        8.1096960766523074e-1, 8.2305421080683749e-1, 8.3454794022098833e-1,
        8.5010415299243869e-1, 8.6721764019627157e-1, 8.8156596743053406e-1,
        8.8843288636790385e-1, 9.0360961989497357e-1, 9.0876146965229188e-1,
        9.2274899405360367e-1, 9.2442325989698537e-1, 9.3713400231665878e-1,
        9.5331013856248381e-1, 9.5462187861515535e-1, 9.5491842548663053e-1,
        9.58484009530716e-1, 9.7548851449912144e-1, 9.7847661341447179e-1,
        9.8781125207884146e-1, 9.8787304212474392e-1, 9.9145524127257978e-1,
        9.9293432701745399e-1, 9.9376399192499187e-1, 9.9390073411065205e-1,
        9.9525098628425313e-1
      ],
      [
        -8.467950645561364e-1, 4.9622392874170113e-1, -2.5540390390188011e-1,
        1.036499274958413e-1, 8.6498569060587982e-1, -5.3673530862902186e-1,
        9.8929914585926659e-1, -9.8562439727464324e-1, 6.8765798428457314e-1,
        -7.1133150464851569e-1, 3.1584940850629989e-1, -8.0226039461615675e-2,
        -9.3064844975917682e-1, 9.469477514122181e-1, -3.6773252306081039e-1,
        8.1225937862615805e-1, 5.1928840771302176e-1, -8.3373178999082709e-1,
        -5.696730697875062e-1, -9.861706664088894e-1, 1.313680696309325e-1,
        9.9128189480968043e-1, -1.7515433701073491e-1, 9.0859463911056781e-1,
        -4.0816213666515738e-1, -9.3161047138012087e-1, 6.7700668796533225e-1,
        -7.2087921127437982e-1, 3.3802822389521109e-1, 1.416925255648272e-2,
        -9.9073841815994512e-1, -5.7390956489185785e-1, 9.7204489995110932e-1,
        -2.8448592128701888e-1, -8.4981573183317516e-1, 8.0940611843233368e-1,
        5.2162179589510449e-1, 2.121572188446747e-1, -9.559709376266402e-1,
        -7.2711852688031198e-1, -1.3529502267861321e-1, -4.6325935787017791e-1,
        9.0964105774205029e-1, 9.9623951259523347e-1, 6.8458784782365667e-1,
        4.0274921882324449e-1, -8.813300989750833e-1, -9.9247026145105477e-1,
