{
  "name": "Sommariva 14",
  "domain": "C2",
  "degree": 14,
  "test_tolerance": 3.775e-15,
  "weight factor": 2.5e-1,
  "data": {
    "plain": [
      [
        7.0426092909748094e-3, 5.1270004016192312e-2, 2.835904116834926e-2,
        5.8025523412907351e-3, 6.4068397997811014e-2, 3.0598274531835879e-2,
        1.0152933041778291e-1, 1.070566792196576e-1, 1.491850201682654e-1,
        1.672674729613243e-1, 1.035166248728787e-1, 2.7870081382691689e-2,
        4.2657042724923683e-2, 1.42507546670328e-1, 2.1055161627916649e-1,
        1.867185172918136e-1, 6.9721824425892032e-2, 2.0439486183130329e-1,
        2.3359305392804869e-1, 1.601269026668343e-1, 6.4652708342860812e-2,
        1.466929221365241e-1, 2.2802818710738751e-1, 2.0552725770340849e-1,
        4.3167692319290268e-2, 9.5767216693031787e-2, 1.7393151714936711e-1,
        1.9414900242977079e-1, 9.6633451996031725e-2, 2.2663312686610721e-2,
        1.3933823168935501e-2, 5.657603379663307e-2, 1.3272234488789361e-1,
        1.369481741372994e-1, 6.0333219128621073e-2, 2.4195465814254049e-2,
        4.1161105450212197e-2, 1.164178174263354e-1, 3.4727562538020611e-2,
        1.7933730900148329e-2
      ],
      [
        9.7842472480916265e-1, 9.6960333671283905e-1, 9.6359079004336989e-1,
        9.6096808536893363e-1, 8.7591752448243232e-1, 9.8506229778615528e-1,
        9.1323781642629953e-1, 8.2102555752512796e-1, 7.2538026976467707e-1,
        7.1299722346173067e-1, 5.5517819845443017e-1, 8.0476279465163514e-1,
        6.4243731834390239e-1, 4.2026205880369027e-1, 4.5471666154708118e-1,
        4.2599901435991627e-1, 9.7100210279545088e-2, 1.1140089194980241e-1,
        1.2096671307582681e-1, 7.5240974000708727e-2, -4.5186561964383892e-1,
        -2.040271575380492e-1, -2.4278622188746249e-1, -2.459782585741061e-1,
        2.1248524507229841e-1, -7.5681082393817789e-1, -5.4482026931146588e-1,
        -5.9083857237624815e-1, -2.8950463027109891e-1, -6.4170367775263615e-1,
        -7.9215951508138471e-1, -9.5273130165597164e-1, -8.3009124886102226e-1,
        -5.7588390555401237e-1, -7.954880187581953e-1, -9.5620075148726935e-1,
        -9.8398765232597041e-1, -8.5525180429441894e-1, -9.6945917237785739e-1,
        -9.4682829753678166e-1
      ],
      [
        9.8493790373456791e-1, -3.3316333523583241e-1, -8.2351358276961917e-1,
        -9.6658480542093883e-1, 8.440519016975554e-1, 5.9270068822727751e-1,
        1.6866441074460459e-1, -6.3121384841147987e-1, 5.2712994242510802e-1,
        -1.7467253642066499e-1, -8.6176775694950969e-1, -9.6744327863793034e-1,
        9.6600087371613175e-1, 7.8095961168872541e-1, 1.9274017175768979e-1,
        -4.9622087157686251e-1, 9.5369770824535671e-1, 4.9236162898969038e-1,
        -1.5034691008762541e-1, -7.452253206810735e-1, 9.4277957165822857e-1,
        7.5912240314181656e-1, 1.7367088250324739e-1, -4.4499559369225899e-1,
        -9.8107328332429322e-1, 7.9011223155700461e-1, 5.0343245488401234e-1,
        -1.2689358671108081e-1, -9.1161339119490981e-1, -9.886715561256082e-1,
        9.955322518565568e-1, 5.6882432845502451e-1, 2.262029630794567e-1,
        -6.7563660155639205e-1, -8.5066848694086517e-1, 9.1399067779349685e-1,
        -5.3815972687164718e-2, -4.0020283809442492e-1, -6.8235569928339912e-1,
        -9.5062551139084461e-1
      ]
    ]
  }
}
