{
  "name": "Sommariva 31",
  "domain": "C2",
  "degree": 31,
  "test_tolerance": 1.142e-15,
  "weight factor": 2.5e-1,
  "data": {
    "plain": [
      [
        3.9528281265151996e-3, 4.4656749265655944e-3, 4.7346537869511493e-3,
        3.6870837067167618e-3, 3.5677532827463089e-3, 7.9003535575358698e-4,
        3.2483397036055478e-3, 2.680927365865937e-3, 1.655992514072826e-3,
        5.7911336191876651e-3, 6.9581991183273366e-3, 1.394269523344841e-2,
        1.249777398451523e-2, 1.2290213802971491e-2, 7.4710010608772734e-3,
        1.254260666301101e-2, 1.3629469518962019e-3, 5.0575218385487467e-3,
        1.377422226180171e-2, 4.4080926821168974e-3, 1.0966625402595411e-2,
        2.3255630690278119e-2, 2.3173490302820138e-2, 1.6327868367741399e-2,
        2.1886753570295899e-2, 5.4913857312733081e-3, 1.9825442062543611e-2,
        2.7226598419026579e-3, 1.239374987476905e-2, 2.1517973285090329e-2,
        2.8324981258285961e-2, 6.4904657357947471e-3, 1.7417195585303611e-2,
        3.4393088369719667e-2, 2.7023687420377172e-2, 2.5096235812211411e-2,
        2.2684602170509501e-2, 9.9793380771195858e-3, 2.2795622529917989e-2,
        3.2945158926625057e-2, 1.5843217801271629e-2, 2.903866461556321e-2,
        4.3707757959723419e-2, 3.7146805864125512e-2, 3.480514785349274e-3,
        3.0699754932649721e-2, 3.881568620917195e-3, 1.991703166278273e-2,
        3.3891415074583577e-2, 2.7131416108200291e-2, 4.5537326374059758e-2,
        5.0026463061678447e-2, 3.9110544844493861e-2, 4.8212877904883218e-2,
        1.173664788888666e-2, 1.3136662842663091e-2, 3.056135412459628e-2,
        5.2465668244746709e-2, 5.2259281572014073e-2, 3.8649739738722912e-2,
        5.6210079740991008e-2, 3.9426909516457886e-3, 4.592935024129758e-2,
        2.1891859723534711e-2, 2.8233185881671619e-2, 2.3092847496703209e-2,
        1.017404407973292e-2, 4.974674817513107e-2, 5.2533663556176193e-3,
        4.0961159757925317e-2, 6.3988405903119355e-2, 3.3067285841275683e-2,
        5.6653063217368238e-2, 4.6082563204921989e-2, 2.1547673347088341e-3,
        1.2347373260176981e-2, 2.7074772680628641e-2, 1.5723435085164911e-2,
        3.8719282880604909e-2, 6.6849281521898118e-2, 5.655998204740964e-2,
        5.0923060518165641e-2, 6.4373303486901429e-2, 2.1151220299304621e-2,
        6.1407276143695174e-3, 1.672977767715024e-2, 1.672977767715024e-2,
        6.1407276143695174e-3, 2.1151220299304621e-2, 6.4373303486901429e-2,
        5.0923060518165641e-2, 5.655998204740964e-2, 6.6849281521898118e-2,
        3.8719282880604909e-2, 1.5723435085164911e-2, 2.7074772680628641e-2,
        1.2347373260176981e-2, 2.1547673347088341e-3, 4.6082563204921989e-2,
        5.6653063217368238e-2, 3.3067285841275683e-2, 6.3988405903119355e-2,
        4.0961159757925317e-2, 5.2533663556176193e-3, 4.974674817513107e-2,
        1.017404407973292e-2, 2.3092847496703209e-2, 2.8233185881671619e-2,
        2.1891859723534711e-2, 4.592935024129758e-2, 3.9426909516457886e-3,
        5.6210079740991008e-2, 3.8649739738722912e-2, 5.2259281572014073e-2,
        5.2465668244746709e-2, 3.056135412459628e-2, 1.3136662842663091e-2,
        1.173664788888666e-2, 4.8212877904883218e-2, 3.9110544844493861e-2,
        5.0026463061678447e-2, 4.5537326374059758e-2, 2.7131416108200291e-2,
        3.3891415074583577e-2, 1.991703166278273e-2, 3.881568620917195e-3,
        3.0699754932649721e-2, 3.480514785349274e-3, 3.7146805864125512e-2,
        4.3707757959723419e-2, 2.903866461556321e-2, 1.5843217801271629e-2,
        3.2945158926625057e-2, 2.2795622529917989e-2, 9.9793380771195858e-3,
        2.2684602170509501e-2, 2.5096235812211411e-2, 2.7023687420377172e-2,
        3.4393088369719667e-2, 1.7417195585303611e-2, 6.4904657357947471e-3,
        2.8324981258285961e-2, 2.1517973285090329e-2, 1.239374987476905e-2,
        2.7226598419026579e-3, 1.9825442062543611e-2, 5.4913857312733081e-3,
        2.1886753570295899e-2, 1.6327868367741399e-2, 2.3173490302820138e-2,
        2.3255630690278119e-2, 1.0966625402595411e-2, 4.4080926821168974e-3,
        1.377422226180171e-2, 5.0575218385487467e-3, 1.3629469518962019e-3,
        1.254260666301101e-2, 7.4710010608772734e-3, 1.2290213802971491e-2,
        1.249777398451523e-2, 1.394269523344841e-2, 6.9581991183273366e-3,
        5.7911336191876651e-3, 1.655992514072826e-3, 2.680927365865937e-3,
        3.2483397036055478e-3, 7.9003535575358698e-4, 3.5677532827463089e-3,
        3.6870837067167618e-3, 4.7346537869511493e-3, 4.4656749265655944e-3,
        3.9528281265151996e-3
      ],
      [
        -9.9554962963464466e-1, -9.952093636515903e-1, -9.9492192936967083e-1,
        -9.9477772894333316e-1, -9.9477116578079627e-1, -9.8986654784123229e-1,
        -9.8962011331198241e-1, -9.8942217971942326e-1, -9.891613515312806e-1,
        -9.8471154590758048e-1, -9.8222168357498518e-1, -9.6882902804612125e-1,
        -9.6811411609414033e-1, -9.6806530323371565e-1, -9.6211051130048186e-1,
        -9.5658881103638438e-1, -9.4697900686173808e-1, -9.4649715952124469e-1,
        -9.4040749790333111e-1, -9.3860712758182496e-1, -9.3402839573633978e-1,
        -9.1980520619787753e-1, -9.1250698461607516e-1, -9.1239830522789034e-1,
        -9.0686771876476513e-1, -9.0556591363413941e-1, -8.7740694253334184e-1,
        -8.7063206577822871e-1, -8.5598725943738674e-1, -8.4874137711274567e-1,
        -8.4756455303981804e-1, -8.4491195250880702e-1, -8.3884934239997921e-1,
        -8.3208781896834327e-1, -8.2902674828291556e-1, -8.0345756951730796e-1,
        -7.7603572573168988e-1, -7.5092489970722287e-1, -7.3870627912880171e-1,
        -7.3825506976528321e-1, -7.3632609725951603e-1, -7.2983340962605892e-1,
        -7.2515471378834995e-1, -7.1135811450932573e-1, -7.0718074416414567e-1,
        -7.0398201562478135e-1, -6.1840862977828048e-1, -6.0772183109975819e-1,
        -6.0349543416826668e-1, -6.0130417652091972e-1, -5.9951718391750897e-1,
        -5.9877474922731966e-1, -5.9277785486647339e-1, -5.9014401076680179e-1,
        -5.7849130159458417e-1, -4.588198301439419e-1, -4.5672711233486929e-1,
        -4.5370693994249828e-1, -4.5283315507446908e-1, -4.4726862237174808e-1,
        -4.4342916876648047e-1, -4.4063252526587532e-1, -4.3931379416158711e-1,
        -4.2866563457447382e-1, -3.3780316894253443e-1, -3.0442516146154519e-1,
        -2.9284565365630189e-1, -2.9125026273436411e-1, -2.8113221148457568e-1,
        -2.766540265223294e-1, -2.7489225386930971e-1, -2.6586918939895998e-1,
        -2.6384483889093968e-1, -2.5092551779119332e-1, -1.8739245076341621e-1,
        -1.6237251171129111e-1, -1.3210954332178909e-1, -1.2484865743191501e-1,
        -1.160794606213587e-1, -9.8626273157039229e-2, -9.3247380407372737e-2,
        -9.0004337918849348e-2, -8.1932302025783332e-2, -4.9214472805823702e-2,
        -2.766233245972495e-2, -1.010525418227002e-2, 1.010525418227002e-2,
        2.766233245972495e-2, 4.9214472805823702e-2, 8.1932302025783332e-2,
        9.0004337918849348e-2, 9.3247380407372737e-2, 9.8626273157039229e-2,
        1.160794606213587e-1, 1.2484865743191501e-1, 1.3210954332178909e-1,
        1.6237251171129111e-1, 1.8739245076341621e-1, 2.5092551779119332e-1,
        2.6384483889093968e-1, 2.6586918939895998e-1, 2.7489225386930971e-1,
        2.766540265223294e-1, 2.8113221148457568e-1, 2.9125026273436411e-1,
        2.9284565365630189e-1, 3.0442516146154519e-1, 3.3780316894253443e-1,
        4.2866563457447382e-1, 4.3931379416158711e-1, 4.4063252526587532e-1,
        4.4342916876648047e-1, 4.4726862237174808e-1, 4.5283315507446908e-1,
        4.5370693994249828e-1, 4.5672711233486929e-1, 4.588198301439419e-1,
        5.7849130159458417e-1, 5.9014401076680179e-1, 5.9277785486647339e-1,
        5.9877474922731966e-1, 5.9951718391750897e-1, 6.0130417652091972e-1,
        6.0349543416826668e-1, 6.0772183109975819e-1, 6.1840862977828048e-1,
        7.0398201562478135e-1, 7.0718074416414567e-1, 7.1135811450932573e-1,
