{
  "name": "Sommariva 20",
  "domain": "C2",
  "degree": 20,
  "test_tolerance": 1.318e-15,
  "weight factor": 2.5e-1,
  "data": {
    "plain": [
      [
        1.4995545157294579e-2, 2.023115319845336e-2, 1.2825558779627971e-2,
        8.3472413518378159e-3, 1.862995031692569e-2, 4.6863231741224127e-3,
        5.7979115636404609e-3, 4.7067571946332737e-2, 4.0128221778630818e-2,
        5.1078601418182809e-2, 2.1592083710614919e-2, 3.5942362381117539e-2,
        6.6958386339496134e-2, 6.7454271136618449e-2, 2.20409098161423e-2,
        4.7483124829651009e-2, 8.0950424361897703e-3, 7.099765909663569e-2,
        5.1853578660034462e-2, 7.9257192719816363e-2, 6.838834261564096e-2,
        4.3674070531656631e-2, 3.5950113522105719e-2, 1.1265544748226979e-2,
        8.0696765725422476e-2, 9.1228273974729587e-2, 8.384497173647569e-2,
        5.8666512966200277e-2, 6.0523908073153797e-2, 9.6067536624053138e-2,
        2.4218865784752651e-2, 3.9450034104236802e-2, 7.8033826753597157e-2,
        1.190753521874101e-1, 8.1529009009645909e-2, 9.7377896811575979e-2,
        7.8405839911723021e-3, 6.4177740095540683e-2, 6.9581379921000386e-2,
        1.046411531707668e-1, 1.283072770780011e-1, 7.3862358661983915e-2,
        3.2805433932450098e-2, 2.7678504632943669e-2, 2.4160127819792501e-2,
        8.9759170191631946e-2, 1.15666685471051e-1, 1.124110482665555e-1,
        7.1316793531848832e-2, 5.6006281026133718e-2, 1.006394209690602e-1,
        9.4114070481038842e-2, 1.1010923461728531e-1, 4.0829347342666807e-2,
        1.6582633143706831e-2, 7.2071596996164389e-2, 6.3883363710141625e-2,
        9.5023161658221583e-2, 9.6354466720992113e-2, 8.9018925374620087e-3,
        3.7448479190435563e-2, 3.5411347990869903e-2, 6.733975809456394e-2,
        6.859164893126736e-2, 7.8321919192707951e-2, 1.558785638304684e-2,
        3.8894832411996261e-2, 7.9985233544619307e-3, 3.4389259258008828e-2,
        4.8381427236858211e-2, 4.8244162892563218e-2, 1.394893863211126e-2,
        6.2922084579091521e-3, 1.737917079753502e-2, 4.2980127530354972e-3,
        1.6607645442645199e-2, 2.4263833399275452e-3, 1.6260984692194821e-2
      ],
      [
        -9.9158783176343956e-1, -9.8487842102988921e-1, -9.8255266770911098e-1,
        -9.8230447062870863e-1, -9.7796647227050049e-1, -9.7498836944153111e-1,
        -9.3854872885328e-1, -9.3829631264275726e-1, -9.2499688579819139e-1,
        -8.9998934040403455e-1, -8.920744993132258e-1, -8.8391541258092221e-1,
        -8.2555790838478937e-1, -8.1502450242840208e-1, -7.8450380845495482e-1,
        -7.8241594345807453e-1, -7.6954720953301969e-1, -7.2973050466789802e-1,
        -6.917823169027344e-1, -6.7076565748497674e-1, -6.5316046084685553e-1,
        -6.0777734377630144e-1, -6.0662752997557379e-1, -5.3688905492464645e-1,
        -5.3162040990836457e-1, -4.9900466270827998e-1, -4.796158821615813e-1,
        -4.4532458423425719e-1, -4.339460304187116e-1, -3.3604602868362338e-1,
        -3.1633044506295288e-1, -2.9730072760588627e-1, -2.583665449486478e-1,
        -2.5189107782428283e-1, -2.3506589391261701e-1, -1.2493720405552459e-1,
        -1.071681420632334e-1, -7.9900321156208182e-2, -4.8185817874721419e-2,
        -6.3029324367618158e-3, 6.2825613823777196e-3, 7.6784211408710432e-2,
        1.223163344818137e-1, 1.4762596131847039e-1, 1.5186258383056889e-1,
        2.0269815285892981e-1, 2.3291940268339331e-1, 2.5941878148388298e-1,
        2.7984703024234991e-1, 3.8142177124748361e-1, 4.4445924049023061e-1,
        4.5589143870372051e-1, 4.6140200718133201e-1, 4.6854956643571383e-1,
        5.5609184579469073e-1, 6.138352275991088e-1, 6.1684269918159196e-1,
        6.4961726463327396e-1, 6.597659995735623e-1, 6.7580489367697882e-1,
        7.5269866510071892e-1, 7.6127107274691208e-1, 7.9172318309600331e-1,
        8.0458970428900745e-1, 8.2671944492178073e-1, 8.9058027159633235e-1,
        8.9269619217052376e-1, 9.0083695898986327e-1, 9.0556296731231634e-1,
        9.3238020747147043e-1, 9.3458583769311221e-1, 9.7385069143569702e-1,
        9.755796434358871e-1, 9.843147800221137e-1, 9.8493169533132863e-1,
        9.8518405419291311e-1, 9.8705872399148598e-1, 9.9218023523989796e-1
      ],
      [
        -3.7667658900539869e-1, 2.360994416770047e-1, -8.0354277797091611e-1,
        9.0798246015184481e-1, 6.5500563362061992e-1, -9.7647552562244366e-1,
        9.8603424333502987e-1, -8.8014269498555689e-2, -6.0859592869220414e-1,
        4.5295140703556352e-1, -9.1987807343424888e-1, 8.1438182426252892e-1,
        -3.6544274173480429e-1, 1.3586070260095451e-1, 9.5505684859531859e-1,
        -7.8787433257184991e-1, -9.9586005789524079e-1, 6.4786260884264246e-1,
        3.2813170674805758e-1, -1.6647301506894921e-1, -6.0615538722604356e-1,
        8.7321478266093411e-1, -9.3260146471856642e-1, 9.928457944663468e-1,
        6.5761588874317586e-2, 4.435890153276254e-1, -4.4315843615102551e-1,
        -8.1219049604795579e-1, 7.5463579198955699e-1, -1.7795275512812389e-1,
        -9.7897384909806462e-1, 9.3845283391044521e-1, -6.7462230077401297e-1,
        2.0471449926178381e-1, 6.1762239497144944e-1, -4.0127981961438919e-1,
        9.9118535570026733e-1, -8.8815375574857258e-1, 8.3688718974644949e-1,
        4.4273874977787281e-1, -4.7358639690948348e-2, -6.5159689861982251e-1,
        -5.04926486796342e-1, 9.6936558403555628e-1, -9.8027049619359707e-1,
        6.9042575558098318e-1, 2.3273730996678771e-1, -2.8563584936972891e-1,
        -8.0561330863861969e-1, 8.8833759331165252e-1, 5.0432611572581731e-1,
        -5.3298229230305982e-1, 4.4869721300913436e-3, -9.3685447709887282e-1,
        9.8629388769875859e-1, 7.500124042821561e-1, -7.3090060893461495e-1,
        -2.4650462064621739e-1, 2.8108566348518538e-1, -9.9752297025821413e-1,
        -8.7901729274506724e-1, 9.1872712985491523e-1, -4.9368096259130628e-1,
        5.5737636857068307e-1, 2.268030189899398e-2, -9.579826342974288e-1,
        -7.0920712874538949e-1, 9.8652753060571186e-1, 7.8455295266670022e-1,
        -2.6457950798326568e-1, 3.2000265557550828e-1, -8.4690066292519528e-1,
        8.8022252421541669e-1, -5.3837496840181565e-1, 9.4648418228917319e-1,
        6.0216489715713384e-1, -9.8341576261320796e-1, 2.6088268896439441e-2
      ]
    ]
  }
}
