{
  "name": "Sommariva 21",
  "domain": "C2",
  "degree": 21,
  "test_tolerance": 1.901e-14,
  "weight factor": 2.5e-1,
  "data": {
    "plain": [
      [
        1.2570812743152709e-1, 9.1956200746446601e-2, 3.8239130025758232e-2,
        9.9556597004622535e-2, 5.7112336795571199e-2, 8.1254096845321862e-3,
        8.989795633682901e-2, 6.2857129655161673e-2, 2.0688855210203621e-2,
        5.4633766302549652e-2, 2.9504031420435069e-2, 6.8502171292064004e-3,
        3.6304147931012297e-2, 1.1105567266806241e-2, 2.723130314700101e-2,
        6.1655463525412714e-3, 2.900715554613127e-3, 1.1654264931055559e-1,
        6.7547414136341466e-2, 1.332984242008183e-2, 1.2570812743152709e-1,
        9.1956200746446601e-2, 3.8239130025758232e-2, 9.9556597004622535e-2,
        5.7112336795571199e-2, 8.1254096845321862e-3, 8.989795633682901e-2,
        6.2857129655161673e-2, 2.0688855210203621e-2, 5.4633766302549652e-2,
        2.9504031420435069e-2, 6.8502171292064004e-3, 3.6304147931012297e-2,
        1.1105567266806241e-2, 2.723130314700101e-2, 6.1655463525412714e-3,
        2.900715554613127e-3, 1.1654264931055559e-1, 6.7547414136341466e-2,
        1.332984242008183e-2, 1.2570812743152709e-1, 9.1956200746446601e-2,
        3.8239130025758232e-2, 9.9556597004622535e-2, 5.7112336795571199e-2,
        8.1254096845321862e-3, 8.989795633682901e-2, 6.2857129655161673e-2,
        2.0688855210203621e-2, 5.4633766302549652e-2, 2.9504031420435069e-2,
        6.8502171292064004e-3, 3.6304147931012297e-2, 1.1105567266806241e-2,
        2.723130314700101e-2, 6.1655463525412714e-3, 2.900715554613127e-3,
        1.1654264931055559e-1, 6.7547414136341466e-2, 1.332984242008183e-2,
        1.2570812743152709e-1, 9.1956200746446601e-2, 3.8239130025758232e-2,
        9.9556597004622535e-2, 5.7112336795571199e-2, 8.1254096845321862e-3,
        8.989795633682901e-2, 6.2857129655161673e-2, 2.0688855210203621e-2,
        5.4633766302549652e-2, 2.9504031420435069e-2, 6.8502171292064004e-3,
        3.6304147931012297e-2, 1.1105567266806241e-2, 2.723130314700101e-2,
        6.1655463525412714e-3, 2.900715554613127e-3, 1.1654264931055559e-1,
        6.7547414136341466e-2, 1.332984242008183e-2, 1.3497222455281549e-1
      ],
      [
        2.6597860545583191e-1, 2.9662995610787318e-1, 3.4764568485609748e-1,
        5.2048993651344666e-1, 5.5653314792492881e-1, 5.6086258250411436e-1,
        7.1075452678420892e-1, 7.3230283820341391e-1, 7.2483371213910708e-1,
        8.6789584237808659e-1, 8.5011423092171912e-1, 9.1428597586303351e-1,
        9.5372235440121012e-1, 9.9344251986262089e-1, 9.4485730499590503e-1,
        9.8657165629319077e-1, 9.7905707500212069e-1, 1.944817128807972e-2,
        5.6008055895693291e-2, 1.000588448960449e-1, -2.4729434667922051e-1,
        -6.8376591201451808e-1, -9.3913050128937925e-1, -4.7010562213620749e-1,
        -8.2996874765591921e-1, -9.9382353815377955e-1, -2.2187862312419801e-1,
        -6.6757596139585407e-1, -9.5560083746609314e-1, -4.5953940544876731e-1,
        -8.69222082806968e-1, -9.85227492327585e-1, -2.0501088033583281e-1,
        -5.1020481283374719e-1, -7.2187387350545762e-1, -8.882998675210052e-1,
        -9.5871346068946073e-1, -4.9504006478006651e-1, -8.5012305819641831e-1,
        -9.9086770160401549e-1, -2.6597860545583191e-1, -2.9662995610787318e-1,
        -3.4764568485609748e-1, -5.2048993651344666e-1, -5.5653314792492881e-1,
        -5.6086258250411436e-1, -7.1075452678420892e-1, -7.3230283820341391e-1,
        -7.2483371213910708e-1, -8.6789584237808659e-1, -8.5011423092171912e-1,
        -9.1428597586303351e-1, -9.5372235440121012e-1, -9.9344251986262089e-1,
        -9.4485730499590503e-1, -9.8657165629319077e-1, -9.7905707500212069e-1,
        -1.944817128807972e-2, -5.6008055895693291e-2, -1.000588448960449e-1,
        2.4729434667922051e-1, 6.8376591201451808e-1, 9.3913050128937925e-1,
        4.7010562213620749e-1, 8.2996874765591921e-1, 9.9382353815377955e-1,
        2.2187862312419801e-1, 6.6757596139585407e-1, 9.5560083746609314e-1,
        4.5953940544876731e-1, 8.69222082806968e-1, 9.85227492327585e-1,
        2.0501088033583281e-1, 5.1020481283374719e-1, 7.2187387350545762e-1,
        8.882998675210052e-1, 9.5871346068946073e-1, 4.9504006478006651e-1,
        8.5012305819641831e-1, 9.9086770160401549e-1, 0.0
      ],
      [
        2.4729434667922051e-1, 6.8376591201451808e-1, 9.3913050128937925e-1,
        4.7010562213620749e-1, 8.2996874765591921e-1, 9.9382353815377955e-1,
        2.2187862312419801e-1, 6.6757596139585407e-1, 9.5560083746609314e-1,
        4.5953940544876731e-1, 8.69222082806968e-1, 9.85227492327585e-1,
        2.0501088033583281e-1, 5.1020481283374719e-1, 7.2187387350545762e-1,
        8.882998675210052e-1, 9.5871346068946073e-1, 4.9504006478006651e-1,
        8.5012305819641831e-1, 9.9086770160401549e-1, 2.6597860545583191e-1,
        2.9662995610787318e-1, 3.4764568485609748e-1, 5.2048993651344666e-1,
        5.5653314792492881e-1, 5.6086258250411436e-1, 7.1075452678420892e-1,
        7.3230283820341391e-1, 7.2483371213910708e-1, 8.6789584237808659e-1,
        8.5011423092171912e-1, 9.1428597586303351e-1, 9.5372235440121012e-1,
        9.9344251986262089e-1, 9.4485730499590503e-1, 9.8657165629319077e-1,
        9.7905707500212069e-1, 1.944817128807972e-2, 5.6008055895693291e-2,
        1.000588448960449e-1, -2.4729434667922051e-1, -6.8376591201451808e-1,
        -9.3913050128937925e-1, -4.7010562213620749e-1, -8.2996874765591921e-1,
        -9.9382353815377955e-1, -2.2187862312419801e-1, -6.6757596139585407e-1,
        -9.5560083746609314e-1, -4.5953940544876731e-1, -8.69222082806968e-1,
        -9.85227492327585e-1, -2.0501088033583281e-1, -5.1020481283374719e-1,
        -7.2187387350545762e-1, -8.882998675210052e-1, -9.5871346068946073e-1,
        -4.9504006478006651e-1, -8.5012305819641831e-1, -9.9086770160401549e-1,
        -2.6597860545583191e-1, -2.9662995610787318e-1, -3.4764568485609748e-1,
        -5.2048993651344666e-1, -5.5653314792492881e-1, -5.6086258250411436e-1,
        -7.1075452678420892e-1, -7.3230283820341391e-1, -7.2483371213910708e-1,
        -8.6789584237808659e-1, -8.5011423092171912e-1, -9.1428597586303351e-1,
        -9.5372235440121012e-1, -9.9344251986262089e-1, -9.4485730499590503e-1,
        -9.8657165629319077e-1, -9.7905707500212069e-1, -1.944817128807972e-2,
        -5.6008055895693291e-2, -1.000588448960449e-1, 0.0
      ]
    ]
  }
}
