{
  "name": "Sommariva 7",
  "domain": "C2",
  "degree": 7,
  "test_tolerance": 9.888e-16,
  "weight factor": 2.5e-1,
  "data": {
    "plain": [
      [
        5.2092862230230441e-1, 2.3740240561379911e-1, 2.4166897208389651e-1,
        5.2092862230230441e-1, 2.3740240561379911e-1, 2.4166897208389651e-1,
        5.2092862230230441e-1, 2.3740240561379911e-1, 2.4166897208389651e-1,
        5.2092862230230441e-1, 2.3740240561379911e-1, 2.4166897208389651e-1
      ],
      [
        3.9383136101878902e-1, 8.0196847620659251e-1, -1.8327327664247231e-2,
        3.6699793434042738e-1, -8.0992592975809186e-1, -9.259609259310837e-1,
        -3.9383136101878902e-1, -8.0196847620659251e-1, 1.8327327664247231e-2,
        -3.6699793434042738e-1, 8.0992592975809186e-1, 9.259609259310837e-1
      ],
      [
        -3.6699793434042738e-1, 8.0992592975809186e-1, 9.259609259310837e-1,
        3.9383136101878902e-1, 8.0196847620659251e-1, -1.8327327664247231e-2,
        3.6699793434042738e-1, -8.0992592975809186e-1, -9.259609259310837e-1,
        -3.9383136101878902e-1, -8.0196847620659251e-1, 1.8327327664247231e-2
      ]
    ]
  }
}
