{
  "name": "Sommariva 3",
  "domain": "C2",
  "degree": 3,
  "test_tolerance": 4.441e-16,
  "weight factor": 2.5e-1,
  "data": {
    "plain": [
      [1.0, 1.0, 1.0, 1.0],
      [
        -5.7735026918962573e-1, -5.7735026918962573e-1, 5.7735026918962573e-1,
        5.7735026918962573e-1
      ],
      [
        -5.7735026918962573e-1, 5.7735026918962573e-1, 5.7735026918962573e-1,
        -5.7735026918962573e-1
      ]
    ]
  }
}
