{
  "name": "Sommariva 10",
  "domain": "C2",
  "degree": 10,
  "test_tolerance": 9.437e-16,
  "weight factor": 2.5e-1,
  "data": {
    "plain": [
      [
        1.1984158532391249e-1, 6.3269272761111064e-2, 8.868620221697536e-2,
        2.6587113477126079e-1, 2.305700455337005e-1, 6.2537941187552334e-2,
        1.186176720746597e-1, 2.8395842218278972e-1, 3.8811447402440891e-1,
        3.3387129247072961e-2, 2.5827939410342832e-1, 4.0824197726154571e-1,
        3.1498878221231119e-1, 1.3460977386198059e-1, 5.9110195150351097e-2,
        2.6042397681916829e-1, 3.7171764930896162e-1, 1.3337731192240121e-1,
        7.180589876051692e-2, 9.7940429484131855e-2, 2.001832062027751e-1,
        3.4467525588983638e-2
      ],
      [
        9.4061855719921172e-1, 9.8171192640479699e-1, 8.1171510601648733e-1,
        7.7882541598318522e-1, 6.4763548426267548e-1, 9.2254816825741193e-1,
        1.14295173642238e-1, 4.7113921490701688e-1, 3.5072672608918992e-1,
        6.240243795898468e-1, -3.924748753960961e-1, -3.2110023120386577e-2,
        -1.073322786510871e-1, 2.0650134619887239e-1, -7.5296563247996018e-1,
        -7.6050655071397377e-1, -4.7324898849276581e-1, -5.089131904296067e-1,
        -9.5380192234255101e-1, -9.6634208368735852e-1, -8.1037492260191824e-1,
        -9.5774959160007522e-1
      ],
      [
        -3.188453596839293e-1, 6.2586619353239681e-1, 9.2466842429053542e-1,
        2.1052738914821539e-1, -6.474946981752544e-1, -8.7923480439903234e-1,
        9.4921913140887004e-1, 6.6664733059821113e-1, -1.8447172062121969e-1,
        -9.8538331193145989e-1, 7.6311149392438349e-1, 3.18793575936407e-1,
        -6.188661913929927e-1, -9.1195887103573448e-1, 9.7071837396777472e-1,
        3.6631391678067909e-1, -1.6557852510038329e-1, -9.2152907557898267e-1,
        7.5512692061435538e-1, -1.043123255663638e-1, -6.1159678303492493e-1,
        -9.2621050012583894e-1
      ]
    ]
  }
}
