{
  "name": "Sommariva 24",
  "domain": "C2",
  "degree": 24,
  "test_tolerance": 1.556e-15,
  "weight factor": 2.5e-1,
  "data": {
    "plain": [
      [
        2.6985577911241448e-3, 7.3776827740835334e-3, 6.953676686934647e-3,
        4.0056761693552942e-3, 1.3916804406700799e-2, 8.8446808427404353e-3,
        1.101492580337329e-2, 2.833762301624789e-3, 1.3461130923558801e-2,
        1.735987104490214e-2, 4.1346389941397258e-3, 3.3851099517116783e-2,
        3.313278955371516e-2, 2.595775803019849e-2, 2.740072723324332e-2,
        1.341647825529986e-2, 1.8285560907108419e-2, 5.1097354520423667e-2,
        3.5786486434264277e-2, 5.4506666093368308e-2, 5.5249515232116504e-3,
        5.0699794495760078e-2, 3.1188575853378579e-2, 1.02061437366672e-2,
        3.3459756764335727e-2, 6.0019526912787502e-2, 7.3461661149148857e-2,
        2.2988089272625412e-2, 7.1364311710523501e-2, 5.3520977661799377e-2,
        2.2062388754330441e-2, 5.5246216223107457e-2, 1.050046021811538e-2,
        8.2899528102987202e-2, 1.096035229919467e-2, 4.4879092081749603e-2,
        7.0037413292018486e-2, 9.2031597688719005e-2, 3.5337351803996331e-2,
        2.4793777401403282e-2, 1.9871234657240021e-2, 8.1480618781925612e-2,
        4.4216275781158417e-3, 4.8740848698211381e-2, 2.7312218303749101e-2,
        9.1838879786121774e-3, 9.5143848751996454e-2, 1.000641506538448e-1,
        3.7690599008171378e-2, 8.2850275187554938e-3, 4.7678058383031227e-2,
        5.5416716743585663e-2, 1.8190784821873199e-2, 2.860240343608491e-2,
        8.7775026770715608e-2, 1.033082821984657e-1, 9.7712871324464601e-2,
        4.025365288851937e-2, 4.7271257867904648e-2, 7.0398338521591849e-3,
        4.9792736014049092e-2, 1.078258330904423e-2, 9.6903917586967106e-2,
        7.1096388094396723e-2, 1.0109039986368951e-1, 6.4797128524705747e-2,
        2.600605597250065e-2, 2.912818672968244e-2, 2.5710494998324951e-2,
        5.4936995860577091e-2, 7.9106346404746911e-2, 9.4826144312333951e-2,
        5.0590010954275268e-2, 7.6001318577652383e-2, 8.9387916006428876e-3,
        9.652257973711614e-3, 5.5653336368247902e-2, 5.724631842495273e-2,
        7.6209742494951951e-2, 3.6077819471348652e-2, 2.9760450726496381e-2,
        7.4024738006331373e-2, 5.1284741621655042e-2, 3.9870865048500272e-2,
        1.4258029117817549e-2, 3.513944563783513e-2, 5.3319334222315308e-2,
        1.298770336406751e-2, 5.6598797831315752e-2, 4.597071032159282e-2,
        3.2352292090615672e-2, 1.9690804675605401e-2, 3.049246549718226e-2,
        1.724041843190777e-2, 3.5532627490830693e-2, 3.4382299447417608e-2,
        1.373744804296171e-2, 2.9893829786676058e-3, 4.4435648615815913e-3,
        1.649904214759328e-2, 1.893234461167443e-2, 2.021199306716822e-2,
        1.1439505107393369e-2, 1.303588980687769e-2, 3.6501623852770639e-3,
        4.1997641682107786e-3, 7.9771985134297081e-3, 7.1518006726268317e-3,
        5.6179611216863358e-3
      ],
      [
        -9.9475524884349376e-1, -9.931097629772323e-1, -9.9268038566665295e-1,
        -9.9063895647782851e-1, -9.8539829809080415e-1, -9.8375089754666112e-1,
        -9.8349723840531167e-1, -9.8189220984587033e-1, -9.7371977107312258e-1,
        -9.5000749611207458e-1, -9.4037018344370016e-1, -9.3228910095597561e-1,
        -9.2914324424341255e-1, -9.2787705141980881e-1, -9.1609842943659137e-1,
        -9.1587882804674614e-1, -8.6140493419812347e-1, -8.4113267817771686e-1,
        -8.3995851099460572e-1, -8.2842508188766162e-1, -8.2588933939973008e-1,
        -8.0612445011121714e-1, -8.039912747312149e-1, -7.5038006003306901e-1,
        -7.1595803960666082e-1, -7.066954614920985e-1, -6.8854857934651137e-1,
        -6.8000885017911494e-1, -6.5609398415335274e-1, -6.5493197099700162e-1,
        -5.986758659840633e-1, -5.4409864217269077e-1, -5.4210133312745534e-1,
        -5.1174721210118146e-1, -5.0591947335998e-1, -4.9802727816511888e-1,
        -4.8273050436465759e-1, -4.6570326163787551e-1, -3.9843354318809437e-1,
        -3.8122518420544033e-1, -3.2543246499683781e-1, -3.0813765727392112e-1,
        -3.0616094712479508e-1, -3.0408060997549768e-1, -3.0406271689263759e-1,
        -2.7302675474334281e-1, -2.5484248902513779e-1, -2.5195548560031439e-1,
        -1.9319952096341139e-1, -1.8853493537606689e-1, -1.0185449597163911e-1,
        -9.6556851068050037e-2, -7.9013097876947685e-2, -7.169337674372403e-2,
        -4.3499023302612717e-2, -2.8848483430317848e-2, -1.950518268267537e-2,
        1.000713405257931e-1, 1.2883865762252131e-1, 1.3071552654975979e-1,
        1.308425147211156e-1, 1.4511644061664769e-1, 1.8539951534780541e-1,
        1.9432477611632701e-1, 2.0528791325528339e-1, 2.7685853699525692e-1,
        3.1498368761739798e-1, 3.4664394345038319e-1, 3.903088921667896e-1,
        3.993865541451484e-1, 4.0865933694304718e-1, 4.1200454738053349e-1,
        4.1702980414967139e-1, 4.9919488040433713e-1, 5.2157183004129193e-1,
        5.3587954563707996e-1, 5.6756636500982627e-1, 6.0831135017356908e-1,
        6.091213803480886e-1, 6.0981305395243268e-1, 6.1332290898924124e-1,
        6.6446929758454609e-1, 7.0583600226407495e-1, 7.6039780946556723e-1,
        7.6800819306489176e-1, 7.7305661523104929e-1, 7.7405249734453629e-1,
        7.7650315393590696e-1, 8.1058915378497454e-1, 8.1360308602675435e-1,
        8.7382965486385222e-1, 8.8207670097212665e-1, 8.9687258003286596e-1,
        9.0085678204395947e-1, 9.0363519918947111e-1, 9.1941134987158979e-1,
        9.2359014365994585e-1, 9.3288301959710396e-1, 9.4043726280378215e-1,
        9.6079261253339188e-1, 9.6274350595503566e-1, 9.661246051400586e-1,
        9.7721050636811335e-1, 9.8180837905722718e-1, 9.8736068645197883e-1,
        9.9094817274171165e-1, 9.9332288655067058e-1, 9.9347349272449681e-1,
        9.958206097496789e-1
      ],
      [
        -4.3857044908964138e-1, 6.7037393584353289e-1, 2.074620875386726e-1,
        9.3897875946736642e-1, -1.5469753103382031e-1, -8.4190034693409432e-1,
        -5.8444675916042277e-1, -9.8089068045604055e-1, 3.8467789571318312e-1,
        8.2098646565614242e-1, 9.8980465098431059e-1, 6.8910562056650776e-2,
        -3.6492929410552699e-1, 5.3725072157733733e-1, -7.0884541332255291e-1,
        -9.354605631847065e-1, 9.2231864882920078e-1, 2.9867961336961302e-1,
        6.9418276536025769e-1, -1.4135970896735439e-1, -9.9468399745937697e-1,
        -5.2497500167907363e-1, -8.3937037608023313e-1, 9.8089951350276217e-1,
        8.2040050095306527e-1, 5.0153056146057684e-1, 9.2023288495930999e-2,
        -9.4436408368741986e-1, -3.0838195636618532e-1, -6.9280809249696051e-1,
        9.0368876311933111e-1, 6.6902886894800051e-1, 9.8059736715483348e-1,
        3.1404527351809219e-1, -9.8374579371191351e-1, -8.4054542757299344e-1,
        -4.9805240780163051e-1, -8.311620500718582e-2, 7.8235603364254502e-1,
        9.2116920185575946e-1, -6.1064852173681405e-1, 5.152565145304252e-1,
        -9.9530994994391153e-1, -6.9452058730584143e-1, -9.2382546149738098e-1,
        9.9143657799672924e-1, -3.019158326395579e-1, 1.492385558662303e-1,
        8.2326436171114958e-1, -8.8934703885628374e-1, -7.8322015087735231e-1,
        6.7035580206635981e-1, -9.6873922276459534e-1, 9.4526156829873242e-1,
        -5.1443065944319355e-1, -7.5154839932256384e-2, 3.6870327065159381e-1,
        -8.7785925957758992e-1, 8.4991664005709522e-1, -9.9382418138333184e-1,
        6.5268074214217264e-1, 9.9055918071860893e-1, -3.0356460330258062e-1,
        -6.7695273051309346e-1, 1.4945678790609079e-1, 5.0673110624725404e-1,
        -9.4985098783322064e-1, 9.4101848037110358e-1, 4.2506930935721621e-1,
        7.683264787575288e-1, -4.9699449463352169e-1, -8.3798542334512921e-2,
        -8.1108276787378186e-1, 2.8443835800065398e-1, -9.9114765427547935e-1,
        9.8927065962407523e-1, 6.2699305478397094e-1, -6.6715734607574628e-1,
        -3.002786277521432e-1, 8.8806417349838174e-1, -9.1157168132846145e-1,
        7.2782846367525411e-2, 4.7363683483077468e-1, 7.6875307878379373e-1,
