{
  "name": "Sommariva 18",
  "domain": "C2",
  "degree": 18,
  "test_tolerance": 8.57e-16,
  "weight factor": 2.5e-1,
  "data": {
    "plain": [
      [
        1.9244011628210982e-2, 2.3770818034111449e-2, 1.824571677716675e-2,
        1.040325999881736e-2, 5.1692280820433709e-3, 2.70186419019229e-2,
        6.8324301884744396e-3, 5.8557236211664733e-2, 5.2975901631315582e-2,
        7.1115154674823947e-2, 2.8943838926501549e-2, 5.3735220674583778e-2,
        1.3151886921466051e-2, 8.4095952666739707e-2, 6.493193699070636e-2,
        1.059543276308938e-1, 1.356692677046532e-2, 1.0519423393426661e-1,
        5.2104869777665423e-2, 9.7889812235301688e-2, 1.1082355154886341e-1,
        5.541443510056418e-2, 1.4695666774711719e-1, 9.8487369350363563e-2,
        2.170786884754973e-2, 1.015778188232984e-1, 1.1078161842335731e-1,
        2.884073562303302e-2, 1.6120014296988541e-1, 1.3906137506349001e-1,
        6.8538300620467174e-2, 1.1945806923543389e-1, 6.6857246300823667e-2,
        1.4911615546883919e-1, 8.6309023641979038e-2, 3.3642438581641412e-2,
        1.4866471129202791e-1, 1.0273790358967209e-1, 2.192507210698709e-2,
        1.058102193186085e-1, 1.0909056489970829e-1, 6.3464750385886878e-2,
        1.337777655566684e-1, 6.0793609428220909e-2, 6.4364198582802568e-2,
        8.1779395114938744e-2, 1.6403812189070648e-2, 7.7468851028836688e-2,
        7.7881883311565064e-2, 2.3135795625791069e-2, 7.4121129870173427e-2,
        6.4201225456163968e-2, 3.3365942602623863e-2, 6.5538803871094203e-2,
        3.9496076940899329e-2, 5.906741413770155e-2, 5.3483292796960513e-2,
        8.9462751108094433e-3, 2.5771991769004791e-2, 5.3323694799153566e-3,
        2.0708045736434689e-2, 2.981298882062168e-2, 5.7452994942290298e-3,
        1.543638847873499e-2
      ],
      [
        -9.9011347968017827e-1, -9.8134791946574418e-1, -9.7512462021741009e-1,
        -9.7411920206315417e-1, -9.699879010686473e-1, -9.6959884256300344e-1,
        -9.5026278152024668e-1, -9.1977230587894387e-1, -9.0592473811285101e-1,
        -8.6275991535404672e-1, -8.5698559908390448e-1, -8.3891437763058363e-1,
        -8.0656753560715466e-1, -7.8724482067222534e-1, -7.3258971023388464e-1,
        -7.1086081155439185e-1, -6.6201923506081883e-1, -6.3348494004271105e-1,
        -6.0147059983194529e-1, -5.8923248457040489e-1, -5.1310404577351898e-1,
        -5.0335561395675532e-1, -3.9475676560094303e-1, -3.3652552548252163e-1,
        -3.3447505166783098e-1, -3.3102874039688451e-1, -2.9995056411934862e-1,
        -2.331455368936777e-1, -1.1169802447189039e-1, -6.57562768874244e-2,
        -6.0890438402993637e-2, -4.7811181778759371e-2, -2.6445640504933251e-2,
        1.924944168163869e-1, 1.9513302721527531e-1, 2.0281586934491569e-1,
        2.092663468167508e-1, 2.2835538965031149e-1, 2.876554348315164e-1,
        4.2371598876429328e-1, 4.5811579472530511e-1, 4.7522807763997021e-1,
        4.8315080232944713e-1, 5.0578681045614227e-1, 6.0991625175680197e-1,
        6.5595988360458946e-1, 6.5656221077060151e-1, 6.9561261587212064e-1,
        7.0941776050669192e-1, 7.2903864354760739e-1, 7.557526341619506e-1,
        7.9123677910541723e-1, 8.5438446282712344e-1, 8.6456159954552403e-1,
        8.7058234520205424e-1, 8.9785799201250138e-1, 9.2367477196640946e-1,
        9.4401446496492647e-1, 9.6894133731755738e-1, 9.7163421030195085e-1,
        9.7294817169013026e-1, 9.7580251564476972e-1, 9.9391739357922748e-1,
        9.9537012900211452e-1
      ],
      [
        -3.636920739279686e-1, 2.2697288892269499e-1, -8.0878955360631877e-1,
        8.9669145121863991e-1, -9.8141718568743785e-1, 6.3726912715647688e-1,
        9.6633743994415444e-1, -5.8648043381139187e-2, -5.898828597989898e-1,
        4.1649878299400561e-1, -9.2678276436533658e-1, 8.0046619578598854e-1,
        9.8344374460526895e-1, -2.9857270243196321e-1, -7.6277073400051387e-1,
        1.48279892706973e-1, -9.9148657741707957e-1, 6.0374343576542278e-1,
        9.1432047093108459e-1, -5.045342974742788e-1, -9.0957151095990313e-2,
        -8.956709590819707e-1, 3.3838538759726972e-1, -6.932064968553141e-1,
        9.8661369197988091e-1, 7.7311923828261964e-1, -2.9284430153414021e-1,
        -9.7318540507666673e-1, 4.9924382377503511e-2, 5.4551746552469016e-1,
        -8.5623188367638836e-1, -4.9963309163886682e-1, 9.1657216024541799e-1,
        -2.367466035142029e-1, -7.3280368254946204e-1, -9.7033805374735294e-1,
        2.66232282539552e-1, 7.49618515693809e-1, 9.8738455099368128e-1,
        -5.5355825350864751e-1, 5.1309442333802902e-1, -8.8579999975540802e-1,
        -2.5498572938279129e-2, 8.8967507347042596e-1, -3.8530320518345051e-1,
        2.7958211527022442e-1, -9.8835825566471569e-1, 6.950821057395169e-1,
        -7.3700720095666383e-1, 9.703386432783726e-1, -2.9416085250264562e-1,
        8.7449148994117973e-2, -9.1824758277922369e-1, 4.5521514961417792e-1,
        8.4201861422893665e-1, -5.6038070098925685e-1, -1.0924833433027969e-1,
        9.7431998900317529e-1, 6.4538351430882013e-1, -9.8247720131816008e-1,
        -7.9362772619637811e-1, 2.2678766244574361e-1, 8.8413546414508448e-1,
        -3.66112998873389e-1
      ]
    ]
  }
}
