{
  "name": "Sommariva 35",
  "domain": "C2",
  "degree": 35,
  "test_tolerance": 1.378e-15,
  "weight factor": 2.5e-1,
  "data": {
    "plain": [
      [
        3.0404481179757601e-3, 1.978505799274471e-3, 1.810898452206362e-3,
        4.0456646118807336e-3, 2.8419774069465358e-3, 4.5482018069730916e-3,
        1.118097006661641e-3, 4.8303861170478901e-4, 4.9059503969610804e-3,
        6.7974441414948008e-3, 3.181435032108599e-3, 7.8872322144560355e-3,
        1.03450523054993e-2, 6.4646589055266414e-3, 3.2821580609384872e-3,
        1.2036881315059049e-2, 1.1027179471312511e-3, 1.281494987287384e-2,
        4.086139127613287e-3, 1.284843891927071e-2, 1.4799067536498621e-2,
        9.9408387327654738e-3, 7.7799643944201366e-3, 1.5617838241683821e-2,
        1.847140993304593e-2, 2.0031917891834882e-3, 1.424779189715308e-2,
        9.353615677783169e-3, 4.5748522920208831e-3, 1.555785382570586e-2,
        2.0573266224125419e-2, 2.141510206682392e-2, 8.2238567548009855e-3,
        7.0163358960848594e-3, 1.850564562244901e-2, 2.3579838530783069e-2,
        2.6705399719949171e-2, 1.342647121783435e-2, 2.1657946101847911e-3,
        7.9349607133274141e-3, 1.5617544536903489e-2, 4.4283501313009703e-3,
        2.1866167625046128e-2, 2.3714301232755419e-2, 2.9941048257678841e-2,
        2.533980569560729e-2, 1.9491748948482841e-2, 2.313801537268639e-2,
        1.0870892482905349e-2, 8.1476290831037929e-3, 2.3975139605146769e-2,
        1.246369990823231e-2, 6.6558783613596267e-3, 2.3470277156488431e-2,
        3.6604623424073703e-2, 3.1785803196177291e-2, 2.8087727310983249e-3,
        1.7490679315651739e-2, 2.2726732414539711e-2, 2.960589457868493e-2,
        3.14686865978702e-2, 4.3519635048836058e-3, 2.2837062837445729e-2,
        1.9439264214675581e-2, 3.0836692080069009e-2, 1.428889064276768e-2,
        4.4968061514592032e-2, 9.2662854180871786e-3, 2.3446444419822798e-2,
        2.46540055742763e-2, 4.0357053839146714e-3, 1.356103767266921e-2,
        3.5603244974519249e-2, 3.1549222793777643e-2, 1.7945822843596429e-2,
        1.152087899889739e-2, 1.6501333097754749e-2, 3.051316164369587e-3,
        4.7866450093469508e-2, 1.28314790640306e-2, 3.9936321094308329e-2,
        6.2924150312781528e-3, 4.7099573566062272e-2, 3.9206996295669448e-2,
        2.1410627687785969e-2, 2.448742112847983e-2, 1.342406173089754e-2,
        1.65884814126811e-2, 9.4879141545608815e-3, 4.7878947185292058e-2,
        1.4221516855974991e-2, 5.1462372156843947e-2, 3.9457571748586967e-2,
        4.9840233509832098e-2, 3.5336478099632827e-2, 1.288022793213647e-2,
        2.0973446786428259e-2, 1.1910065955505689e-2, 3.586815258663693e-3,
        3.5714003127391828e-3, 1.267403468943651e-2, 4.4447692021392843e-2,
        3.7733270868083577e-2, 5.1691922912250422e-2, 1.300368186580167e-2,
        5.3264495726688878e-2, 4.8299011927542657e-2, 1.7665596188441681e-2,
        2.5671052913380531e-2, 8.8165153050291951e-3, 8.8165153050291951e-3,
        2.5671052913380531e-2, 1.7665596188441681e-2, 4.8299011927542657e-2,
        5.3264495726688878e-2, 1.300368186580167e-2, 5.1691922912250422e-2,
        3.7733270868083577e-2, 4.4447692021392843e-2, 1.267403468943651e-2,
        3.5714003127391828e-3, 3.586815258663693e-3, 1.1910065955505689e-2,
        2.0973446786428259e-2, 1.288022793213647e-2, 3.5336478099632827e-2,
        4.9840233509832098e-2, 3.9457571748586967e-2, 5.1462372156843947e-2,
        1.4221516855974991e-2, 4.7878947185292058e-2, 9.4879141545608815e-3,
        1.65884814126811e-2, 1.342406173089754e-2, 2.448742112847983e-2,
        2.1410627687785969e-2, 3.9206996295669448e-2, 4.7099573566062272e-2,
        6.2924150312781528e-3, 3.9936321094308329e-2, 1.28314790640306e-2,
        4.7866450093469508e-2, 3.051316164369587e-3, 1.6501333097754749e-2,
        1.152087899889739e-2, 1.7945822843596429e-2, 3.1549222793777643e-2,
        3.5603244974519249e-2, 1.356103767266921e-2, 4.0357053839146714e-3,
        2.46540055742763e-2, 2.3446444419822798e-2, 9.2662854180871786e-3,
        4.4968061514592032e-2, 1.428889064276768e-2, 3.0836692080069009e-2,
        1.9439264214675581e-2, 2.2837062837445729e-2, 4.3519635048836058e-3,
        3.14686865978702e-2, 2.960589457868493e-2, 2.2726732414539711e-2,
        1.7490679315651739e-2, 2.8087727310983249e-3, 3.1785803196177291e-2,
        3.6604623424073703e-2, 2.3470277156488431e-2, 6.6558783613596267e-3,
        1.246369990823231e-2, 2.3975139605146769e-2, 8.1476290831037929e-3,
        1.0870892482905349e-2, 2.313801537268639e-2, 1.9491748948482841e-2,
        2.533980569560729e-2, 2.9941048257678841e-2, 2.3714301232755419e-2,
        2.1866167625046128e-2, 4.4283501313009703e-3, 1.5617544536903489e-2,
        7.9349607133274141e-3, 2.1657946101847911e-3, 1.342647121783435e-2,
        2.6705399719949171e-2, 2.3579838530783069e-2, 1.850564562244901e-2,
        7.0163358960848594e-3, 8.2238567548009855e-3, 2.141510206682392e-2,
        2.0573266224125419e-2, 1.555785382570586e-2, 4.5748522920208831e-3,
        9.353615677783169e-3, 1.424779189715308e-2, 2.0031917891834882e-3,
        1.847140993304593e-2, 1.5617838241683821e-2, 7.7799643944201366e-3,
        9.9408387327654738e-3, 1.4799067536498621e-2, 1.284843891927071e-2,
        4.086139127613287e-3, 1.281494987287384e-2, 1.1027179471312511e-3,
        1.2036881315059049e-2, 3.2821580609384872e-3, 6.4646589055266414e-3,
        1.03450523054993e-2, 7.8872322144560355e-3, 3.181435032108599e-3,
        6.7974441414948008e-3, 4.9059503969610804e-3, 4.8303861170478901e-4,
        1.118097006661641e-3, 4.5482018069730916e-3, 2.8419774069465358e-3,
        4.0456646118807336e-3, 1.810898452206362e-3, 1.978505799274471e-3,
        3.0404481179757601e-3
      ],
      [
        -9.9630540768312714e-1, -9.9592588766234047e-1, -9.9540675603606477e-1,
        -9.9527221382871545e-1, -9.9497751044764549e-1, -9.9437505503520274e-1,
        -9.9436770378852957e-1, -9.9370386555766299e-1, -9.9302026812224731e-1,
        -9.8617278416766385e-1, -9.8100711477196778e-1, -9.7400626315711369e-1,
        -9.7395870627892578e-1, -9.7265726975032296e-1, -9.6980670552623416e-1,
        -9.6941664628051916e-1, -9.6586746220892683e-1, -9.6381662219518049e-1,
        -9.5046832151668337e-1, -9.4499905576427179e-1, -9.4461690860768621e-1,
        -9.3177720956782262e-1, -9.2904865444644713e-1, -9.2831847372958143e-1,
        -9.2454622859907032e-1, -9.2117632983758191e-1, -9.1191510525546471e-1,
        -9.0571178460780577e-1, -8.9999352342328998e-1, -8.8292300876901531e-1,
        -8.8244675730404887e-1, -8.7356637253090996e-1, -8.7221802600646126e-1,
        -8.6882538508288609e-1, -8.6107118342484246e-1, -8.5626003241209037e-1,
        -8.3580950133267073e-1, -8.2283024424617024e-1, -8.1743850981922661e-1,
        -8.1664260168828307e-1, -7.9851520911605212e-1, -7.9811209972248054e-1,
        -7.9045871803956036e-1, -7.8876523307186419e-1, -7.7968348669126608e-1,
        -7.7049634564943492e-1, -7.6403265155700373e-1, -7.4504922344133762e-1,
        -7.3281363924313314e-1, -7.2952862645099836e-1, -7.0843110983167457e-1,
        -7.0055526703747351e-1, -6.8975310319347038e-1, -6.8485254751827518e-1,
        -6.7873623022156437e-1, -6.7585255179327519e-1, -6.5982494372739786e-1,
        -6.499799074317244e-1, -6.4067726912534373e-1, -6.4049095101296327e-1,
        -6.3082217365549076e-1, -6.1434559825498891e-1, -5.8447106755129474e-1,
        -5.7482306802615579e-1, -5.5724747169406774e-1, -5.4821028144876238e-1,
        -5.4357379681606577e-1, -5.3916839219564727e-1, -5.207225999437588e-1,
        -5.1858752068553393e-1, -5.17782199715903e-1, -5.1598013562234646e-1,
        -5.1589246602957861e-1, -4.9940449350702792e-1, -4.542210356062989e-1,
        -4.0562672550808693e-1, -4.0559481175571821e-1, -4.0405376477083182e-1,
        -4.0398823316664761e-1, -4.0359579254666877e-1, -3.9981396568788791e-1,
        -3.9634136950538168e-1, -3.9161925713728091e-1, -3.7814893807307148e-1,
