{
  "name": "Sommariva 17",
  "domain": "C2",
  "degree": 17,
  "test_tolerance": 1.065e-15,
  "weight factor": 2.5e-1,
  "data": {
    "plain": [
      [
        2.3056014670672791e-2, 3.2406732411152377e-2, 1.270290274356204e-2,
        6.9676584167564981e-3, 3.379494459982002e-2, 1.4904714925990589e-2,
        8.0520332028718292e-2, 5.1845252397331017e-2, 8.8885239349005413e-3,
        8.9424311312833626e-2, 6.6023691255853029e-2, 1.5192826233989419e-2,
        1.043702032541429e-1, 4.5423248968562042e-2, 1.345081852973794e-1,
        1.23529206876338e-1, 6.4860192613159229e-2, 8.4850704152643702e-2,
        1.454492206755823e-1, 1.6123396470418611e-1, 3.2510511051566528e-2,
        1.224068303196167e-1, 1.169672902517008e-1, 2.8559168488416189e-2,
        1.6261320387269451e-1, 8.682936644584309e-2, 1.5016079809658819e-1,
        1.5016079809658819e-1, 8.682936644584309e-2, 1.6261320387269451e-1,
        2.8559168488416189e-2, 1.169672902517008e-1, 1.224068303196167e-1,
        3.2510511051566528e-2, 1.6123396470418611e-1, 1.454492206755823e-1,
        8.4850704152643702e-2, 6.4860192613159229e-2, 1.23529206876338e-1,
        1.345081852973794e-1, 4.5423248968562042e-2, 1.043702032541429e-1,
        1.5192826233989419e-2, 6.6023691255853029e-2, 8.9424311312833626e-2,
        8.8885239349005413e-3, 5.1845252397331017e-2, 8.0520332028718292e-2,
        1.4904714925990589e-2, 3.379494459982002e-2, 6.9676584167564981e-3,
        1.270290274356204e-2, 3.2406732411152377e-2, 2.3056014670672791e-2
      ],
      [
        -9.8634071620010644e-1, -9.7979179207716849e-1, -9.759748695590249e-1,
        -9.7516046105408738e-1, -9.6554635906605668e-1, -9.5804170512726483e-1,
        -8.9904104183699363e-1, -8.9297774625256654e-1, -8.684155248367631e-1,
        -8.5438341555539832e-1, -8.1989940026998864e-1, -7.9278743986549094e-1,
        -7.3134892318851419e-1, -7.0907847261087331e-1, -6.9034432785988886e-1,
        -6.1591362972543873e-1, -5.5036551968183334e-1, -5.0888889615726884e-1,
        -4.7013952631106748e-1, -3.9561376566074152e-1, -3.7873998278234589e-1,
        -2.8314296833882069e-1, -2.4686253267314631e-1, -2.225539938942038e-1,
        -1.62664141314042e-1, -6.8749652102822328e-2, -5.847903009448556e-2,
        5.847903009448556e-2, 6.8749652102822328e-2, 1.62664141314042e-1,
        2.225539938942038e-1, 2.4686253267314631e-1, 2.8314296833882069e-1,
        3.7873998278234589e-1, 3.9561376566074152e-1, 4.7013952631106748e-1,
        5.0888889615726884e-1, 5.5036551968183334e-1, 6.1591362972543873e-1,
        6.9034432785988886e-1, 7.0907847261087331e-1, 7.3134892318851419e-1,
        7.9278743986549094e-1, 8.1989940026998864e-1, 8.5438341555539832e-1,
        8.684155248367631e-1, 8.9297774625256654e-1, 8.9904104183699363e-1,
        9.5804170512726483e-1, 9.6554635906605668e-1, 9.7516046105408738e-1,
        9.759748695590249e-1, 9.7979179207716849e-1, 9.8634071620010644e-1
      ],
      [
        -5.3504139620531876e-1, 9.2509291060985363e-2, -9.2167259542734514e-1,
        8.2266158235340714e-1, 5.8730381940120391e-1, 9.3921460084217556e-1,
        -2.4428998403005711e-1, -7.6281130860687185e-1, -9.9403325731579883e-1,
        3.348609125819369e-1, 7.8610397446175484e-1, 9.8671319716027217e-1,
        -5.3757364913975003e-1, -9.2013476322939203e-1, 8.4637046955403673e-3,
        5.598744500532884e-1, 9.1119468388186886e-1, -7.8263675232084962e-1,
        -3.1850128869357808e-1, 2.488545706442738e-1, -9.7661937656574394e-1,
        7.382031830574145e-1, -6.3097643525592295e-1, 9.8381267680405615e-1,
        -1.008646063203129e-1, -8.8533467474310124e-1, 4.5107358337815939e-1,
        -4.5107358337815939e-1, 8.8533467474310124e-1, 1.008646063203129e-1,
        -9.8381267680405615e-1, 6.3097643525592295e-1, -7.382031830574145e-1,
        9.7661937656574394e-1, -2.488545706442738e-1, 3.1850128869357808e-1,
        7.8263675232084962e-1, -9.1119468388186886e-1, -5.598744500532884e-1,
        -8.4637046955403673e-3, 9.2013476322939203e-1, 5.3757364913975003e-1,
        -9.8671319716027217e-1, -7.8610397446175484e-1, -3.348609125819369e-1,
        9.9403325731579883e-1, 7.6281130860687185e-1, 2.4428998403005711e-1,
        -9.3921460084217556e-1, -5.8730381940120391e-1, -8.2266158235340714e-1,
        9.2167259542734514e-1, -9.2509291060985363e-2, 5.3504139620531876e-1
      ]
    ]
  }
}
