{
  "name": "Beckers-Haegemans 9",
  "domain": "T3",
  "degree": 9,
  "test_tolerance": 4.758e-17,
  "weight factor": 6.0,
  "data": {
    "s4": [[-0.13779903832610864]],
    "s31": [
      [
        1.8653365690852895e-3, 4.3094239694934006e-3, -0.090184766481201525,
        0.044672576202511444
      ],
      [
        0.04835103854973674, 0.32457928011788236, 0.11461654022399521,
        0.22548995191151391
      ]
    ],
    "s211": [
      [0.034700405884550761, 3.3525839026606469e-3, 4.3162887555699692e-4],
      [0.1316278092468698, 0.43395146141140677, -1.3762773181382007e-3],
      [0.083664701617184967, 0.10776985954942861, 0.27655347263680734]
    ]
  }
}
