{
  "name": "Beckers-Haegemans 8",
  "domain": "T3",
  "degree": 8,
  "test_tolerance": 4.758e-17,
  "weight factor": 6.0,
  "data": {
    "s4": [[-0.020500188658639915]],
    "s31": [
      [0.014250305822866901, 1.9670333131339009e-3, 1.6983410909288737e-4],
      [0.2068299316106732, 0.082103588310546723, 5.7819505051979972e-3]
    ],
    "s22": [[4.5796838244672818e-3], [0.44946725998110577]],
    "s211": [
      [5.7044858086819185e-3, 2.1405191411620925e-3],
      [0.22906653611681113, 0.036607749553197423],
      [0.506227344977843697, 0.19048604193463345]
    ]
  }
}
