{
  "name": "Haegemans-Piessens a",
  "domain": "E2r",
  "degree": 7,
  "test_tolerance": 4.007e-16,
  "weight factor": 0.159154943091895335768883763372514362034459645740456448747,
  "data": {
    "d4_aa": [[0.53428446489622333987e-1], [0.45825756949558400066e1]],
    "c2_a0": [
      [0.32645130906584894203e-1, 0.20960123475066223175e1],
      [0.70236144020646152963e1, 0.16302145109770590301e1]
    ],
    "c2_0a": [
      [0.74005652121778807454e-2, 0.89867771698516347806],
      [-0.88693729743104806995e1, 0.27097193301071890633e1]
    ]
  }
}
