{
  "name": "Haegemans-Piessens b",
  "domain": "E2r",
  "degree": 9,
  "test_tolerance": 6.535e-16,
  "weight factor": 0.159154943091895335768883763372514362034459645740456448747,
  "data": {
    "sxy": [
      [
        0.42891635372364421816, 0.21828892485177877829e-2,
        0.93469649142381572351e-2
      ],
      [
        0.31445132948861316205e1, 0.81288621554158904245e1,
        0.31047512376040704732e1
      ],
      [
        0.17968204012034815825e1, 0.56975989672929856102e1,
        0.75872948955819104799e1
      ]
    ],
    "c2_a0": [[0.61187144873852822063e-2], [0.88003944155658680273e1]],
    "c2_0a": [
      [0.46279666238296101906, 0.54938772079738427117e-4],
      [-0.34241487633426925811e1, 0.14237038816700630838e2]
    ],
    "zero2": [[0.35834598443491337448e1]]
  }
}
