{
  "name": "Wandzura-Xiao 1",
  "domain": "T2",
  "degree": 5,
  "test_tolerance": 4.267e-16,
  "data": {
    "centroid": [[0.225]],
    "d3_aa": [
      [0.13239415278850622, 0.12593918054482714],
      [0.4701420641051151, 0.10128650732345637]
    ]
  }
}
