{
  "name": "Wandzura-Xiao 2",
  "domain": "T2",
  "degree": 10,
  "test_tolerance": 8.327e-16,
  "data": {
    "centroid": [[0.08352339980519638]],
    "d3_aa": [
      [
        0.007229850592056743, 0.0744921779209805, 0.07864647340310853,
        0.006928323087107504
      ],
      [
        0.4978654329544749, 0.4280124497290562, 0.1847564127432246,
        0.02048121857167755
      ]
    ],
    "d3_ab": [
      [0.0295183203347794, 0.03957936719606124],
      [0.1365735762560334, 0.3327436005886387],
      [0.03500298989727198, 0.03754907025844267]
    ]
  }
}
