{
  "name": "Wandzura-Xiao 3",
  "domain": "T2",
  "degree": 15,
  "test_tolerance": 1.235123114895487e-15,
  "data": {
    "d3_aa": [
      [
        3.266181890967709e-2, 2.741281803273868e-2, 2.6510036339509e-2,
        2.921596213976074e-2, 1.05846080941608e-2, 3.614643084144351e-3
      ],
      [
        4.582807962791036e-1, 4.036104642777942e-1, 2.931971680927362e-1,
        1.464677870123555e-1, 5.636286788028697e-2, 1.657512690791699e-2
      ]
    ],
    "d3_ab": [
      [
        8.527748114769796e-3, 1.391617654275252e-2, 4.291932971761534e-3,
        1.623532925730702e-2, 2.56073409303111e-2, 3.308819554976937e-2
      ],
      [
        2.395345541807787e-1, 4.048788073127437e-1, 9.500211316993795e-2,
        1.497531075441651e-1, 2.869196124764999e-1, 2.818356681861913e-1
      ],
      [
        9.912203330921163e-3, 1.580377066165375e-2, 5.143608916372533e-3,
        4.892232582302224e-2, 6.876874874487501e-2, 1.684044183257278e-1
      ]
    ]
  }
}
