{
  "name": "Wandzura-Xiao 4",
  "domain": "T2",
  "degree": 20,
  "test_tolerance": 1.077e-15,
  "data": {
    "centroid": [[0.02761042699769952]],
    "d3_aa": [
      [
        0.00177902954732674, 0.02011239811396117, 0.02681784725933157,
        0.02452313380150201, 0.01639457841069539, 0.0147959073986496,
        0.004579282277704251, 0.001651826515576217
      ],
      [
        0.4992496753377855, 0.4529301240305246, 0.3977639379552368,
        0.2645002025327873, 0.2110189640920768, 0.1077356071712713,
        0.03906908783780266, 0.01117437972932958
      ]
    ],
    "d3_ab": [
      [
        0.002349170908575584, 0.004465925754181793, 0.006099566807907972,
        0.006891081327188203, 0.007997475072478163, 0.007386134285336024,
        0.01279933187864826, 0.01725807117569655, 0.01867294590293547,
        0.02281822405839526
      ],
      [
        0.0635496659083522, 0.157106918940707, 0.3956421143643741,
        0.2731675707129105, 0.1017853824850171, 0.4466585491764138,
        0.1990107941495031, 0.3242611836922827, 0.2085313632101329,
        0.3231705665362575
      ],
      [
        0.005349618187337257, 0.007954817066198938, 0.01042239828126379,
        0.01096441479612335, 0.03856671208546233, 0.03558050781721819,
        0.04967081636276412, 0.05851972508433175, 0.1214977870043942,
        0.1407108449439387
      ]
    ]
  }
}
