{
  "name": "Wandzura-Xiao 5",
  "domain": "T2",
  "degree": 25,
  "test_tolerance": 9.368e-16,
  "data": {
    "d3_aa": [
      [
        0.008005581880020417, 0.0159470768323905, 0.01310914123079553,
        0.01958300096563562, 0.01647088544153727, 0.0085472790740921,
        0.008161885857226492, 0.006121146539983779, 0.002908498264936665,
        0.0006922752456619963
      ],
      [
        0.4860267584634129, 0.4344106993361743, 0.3898891352439638,
        0.2984432340198044, 0.2340441723373718, 0.1514683346090176,
        0.1127338935459936, 0.07771569209152626, 0.03489309361429704,
        0.00725818462093234
      ]
    ],
    "d3_ab": [
      [
        0.001248289199277397, 0.003404752908803022, 0.003359654326064051,
        0.001716156539496754, 0.001480856316715606, 0.003511312610728685,
        0.007393550149706484, 0.007983087477376558, 0.004355962613158041,
        0.007365056701417832, 0.01096357284641955, 0.01174996174354112,
        0.01001560071379857, 0.01330964078762868, 0.01415444650522614,
        0.01488137956116801
      ],
      [
        0.2272144521533641, 0.4350105548535717, 0.3203095992722045,
        0.0917503222800052, 0.03801083585872434, 0.1574252184853117,
        0.2398896597785332, 0.3619431181260605, 0.08355196095482852,
        0.1484432207324181, 0.283739708727535, 0.4068993751187875,
        0.1941139870248925, 0.3241343470007031, 0.229277483555981,
        0.3256181225959837
      ],
      [
        0.001292352704442205, 0.005399701272116197, 0.006384003033975016,
        0.005028211501993063, 0.006826758621781874, 0.01001619963992954,
        0.02575781317338999, 0.03022789811991581, 0.03050499010716208,
        0.04595654736256934, 0.06744280054027756, 0.0700450914159106,
        0.0839115246401166, 0.1203755356771527, 0.1480668991573667,
        0.1917718658673251
      ]
    ]
  }
}
