{
  "name": "Wandzura-Xiao 6",
  "domain": "T2",
  "degree": 30,
  "test_tolerance": 1.62e-15,
  "data": {
    "centroid": [[0.0155799602028992]],
    "d3_aa": [
      [
        0.003177233700534134, 0.01048342663573077, 0.01320945957774363,
        0.0149750069662715, 0.01498790444338419, 0.01333886474102166,
        0.01088917111390201, 0.00818944066089346, 0.005575387588607785,
        0.003191216473411976, 0.001296715144327045, 0.0002982628261349172
      ],
      [
        0.4963349417836173, 0.4585021620985177, 0.4245095219372948,
        0.3820470700539167, 0.2809878457960759, 0.2273489758540344,
        0.1745591115087298, 0.1232584272014366, 0.08008422889219684,
        0.04777446740789878, 0.02172051468014151, 0.004764677615437014
      ]
    ],
    "d3_ab": [
      [
        0.0009989056850788964, 0.0004628508491732533, 0.001234451336382413,
        0.0005707198522432062, 0.001126946125877624, 0.001747866949407337,
        0.001182818815031657, 0.001990839294675034, 0.00190041279503598,
        0.004498365808817451, 0.003478719460274719, 0.004102399036723953,
        0.004021761549744162, 0.006033164660795066, 0.003946290302129598,
        0.006644044537680268, 0.008254305856078458, 0.006496056633406411,
        0.009252778144146602, 0.00916492072629428, 0.01156952462809767,
        0.01176111646760917, 0.0138247021821654
      ],
      [
        0.4152952709133117, 0.06118990978534904, 0.1649086901369066,
        0.02503506223200247, 0.3060644651510957, 0.1070732837302181,
        0.2299575493455843, 0.3370366333057829, 0.05625657618206073,
        0.402451375212401, 0.2436547020108285, 0.1653895856145327,
        0.09930187449584685, 0.3084783330690551, 0.460668318592113,
        0.2188152994539296, 0.3792095515602741, 0.1429608194181854,
        0.283731282105925, 0.1967374410044408, 0.3558891412116621,
        0.2598186853519115, 0.3219231812312984
      ],
      [
        0.0009253711933464581, 0.001385925855563926, 0.003682415455910748,
        0.003903223424159349, 0.003233248155010545, 0.006467432112236475,
        0.003247475491332678, 0.008675090806753808, 0.01559702646731387,
        0.01797672125368521, 0.01712424535388934, 0.02288340534658188,
        0.03273759728776667, 0.03382101234234092, 0.03554761446001527,
        0.05053979030686654, 0.05701471491573221, 0.0641528064212034,
        0.0805011482876256, 0.1043670681345305, 0.1138448944287513,
        0.1453634877155237, 0.1899456528219787
      ]
    ]
  }
}
