{
  "name": "Haegemans-Piessens",
  "degree": 9,
  "test_tolerance": 6.594e-16,
  "weight factor": 0.318309886183790671537767526745028724068919291480912897495,
  "data": {
    "zero2": [[0.3378210604282018145]],
    "c2_a0": [[0.13413379835073218915], [0.9041268162836716444]],
    "c2_0a": [
      [0.34823837217490051775e-1, 0.25124094894580772473],
      [0.98342353303608571086, 0.57370456740697895987]
    ],
    "sxy": [
      [
        0.26278277957889186181, 0.92628529230400928736e-1, 0.1354322972240900826
      ],
      [0.51403903063812387088, 0.772041177790563106, 0.35302323936616416863],
      [0.29354430793380028577, 0.53170030383249178943, 0.8121690308348168087]
    ]
  }
}
