{
  "name": "Cools-Kim 3",
  "domain": "S2",
  "degree": 21,
  "test_tolerance": 2.523e-15,
  "weight factor": 0.318309886183790671537767526745028724068919291480912897495,
  "data": {
    "d4_a0": [
      [0.064712088156233115, 0.012203257346077736],
      [0.18089963670914432, 0.98391537714755427]
    ],
    "d4_aa": [
      [
        4.6214466764876138e-5, 0.02094112367408499, 0.044321766954122515,
        0.0527156911492697
      ],
      [
        0.77364389614737803, 0.67975937134823609, 0.59230560995561076,
        0.4177444474035338
      ]
    ],
    "d4_ab": [
      [
        0.028690025849304919, 0.01381970934464873, 0.037034888202855274,
        0.047520136607474831, 0.014296165120136605, 0.042923763669888949,
        0.047444099811669938, 0.063500222219468438
      ],
      [
        0.89789289495208579, 0.93927352486965313, 0.79099671385625722,
        0.56605481445792489, 0.83180776464845906, 0.76010583069266321,
        0.62209339812108792, 0.36200059276768541
      ],
      [
        0.13375169526590821, 0.27985732696474981, 0.39385576573951899,
        0.10885005806786229, 0.51224072541565606, 0.12830595415488073,
        0.34691040719842391, 0.16676191877222966
      ]
    ]
  }
}
