{
  "name": "Cools-Kim 1",
  "domain": "S2",
  "degree": 17,
  "test_tolerance": 1.482e-15,
  "weight factor": 3.183098861837907e-1,
  "comments": ["precision improved with quadpy-optimize"],
  "data": {
    "zero2": [[1.149833417999856e-1]],
    "d4_aa": [
      [1.915652221885554e-2, 6.20857222731392e-2, 9.566496282041817e-2],
      [6.878535408269927e-1, 5.966476778145571e-1, 2.356225209153083e-1]
    ],
    "d4_a0": [
      [4.266628153938678e-2, 8.793832535714541e-2, 7.620657046179315e-2],
      [8.869676631639372e-1, 4.246339037432336e-1, 6.944690230808345e-1]
    ],
    "d4_ab": [
      [
        8.516253360428871e-2, 2.020123798956548e-2, 5.683457171315689e-2,
        2.426862833134557e-2
      ],
      [
        3.1294754888344e-1, 9.612122850461786e-1, 3.053873222521473e-1,
        8.49372904096328e-1
      ],
      [
        5.489402552370146e-1, 1.738574508868362e-1, 7.903548753114862e-1,
        4.627005659829375e-1
      ]
    ]
  }
}
