{
  "name": "Cools-Kim 2",
  "domain": "S2",
  "degree": 19,
  "test_tolerance": 1.714e-15,
  "weight factor": 3.183098861837907e-1,
  "comments": ["precision improved with quadpy-optimize"],
  "data": {
    "zero2": [[9.2826182741729e-2]],
    "d4_a0": [
      [6.121064971417158e-2, 8.470130507409269e-2, 6.491852974192222e-3],
      [7.983661095793183e-1, 3.004229233677078e-1, 9.961533343863167e-1]
    ],
    "d4_aa": [
      [
        1.410434731711372e-2, 7.759093834919634e-2, 4.684192284883145e-2,
        7.152345880301068e-2
      ],
      [
        6.958319163744974e-1, 2.867039116823771e-1, 6.166787816358777e-1,
        4.721421263753088e-1
      ]
    ],
    "d4_ab": [
      [
        7.726777790542048e-2, 3.435058365789669e-2, 2.83689493845161e-2,
        1.86690743207511e-3, 5.80093529357953e-2
      ],
      [
        5.668608215785862e-1, 9.255512731085483e-1, 8.382214435505526e-1,
        9.667087658004858e-1, 7.377339001238997e-1
      ],
      [
        1.558778337876224e-1, 1.734769547117253e-1, 4.60259965637246e-1,
        3.373792590174047e-1, 3.268524087084572e-1
      ]
    ]
  }
}
