{
  "name": "Laursen-Gellert 12",
  "domain": "T2",
  "degree": 8,
  "test_tolerance": 1.7740573531211778e-15,
  "comments": ["precision improved with quadpy-optimize"],
  "data": {
    "centroid": [[1.443156076777872e-1]],
    "d3_aa": [
      [1.0321737053471827e-1, 3.2458497623198121e-2, 9.5091634267284647e-2],
      [1.7056930775176021e-1, 5.0547228317030991e-2, 4.5929258829272313e-1]
    ],
    "d3_ab": [
      [2.7230314174435027e-2],
      [8.3947774099576798e-3],
      [2.6311282963463811e-1]
    ]
  }
}
