{
  "name": "Laursen-Gellert 15a",
  "domain": "T2",
  "degree": 10,
  "test_tolerance": 1.8355565459196071e-15,
  "comments": ["precision improved with quadpy-optimize"],
  "data": {
    "centroid": [[7.9894504741239741e-2]],
    "d3_aa": [
      [7.1123802232377228e-2, 8.2238186904641884e-3],
      [4.2508621060209062e-1, 2.3308867510000227e-2]
    ],
    "d3_ab": [
      [4.5430592296169948e-2, 3.7359856234305266e-2, 3.0886656884564025e-2],
      [1.4792562620953448e-1, 2.9946031954170914e-2, 3.5632559587503512e-2],
      [2.2376697357697301e-1, 3.5874014186443148e-1, 1.4329537042686713e-1]
    ]
  }
}
