{
  "name": "Laursen-Gellert 11",
  "domain": "T2",
  "degree": 7,
  "test_tolerance": 9.8647940224120858e-16,
  "comments": ["precision improved with quadpy-optimize"],
  "data": {
    "d3_aa": [[5.3077801790232484e-2], [6.4930513159164857e-2]],
    "d3_ab": [
      [7.0853083692133653e-2, 6.9274682079417005e-2],
      [2.8457558424917029e-1, 3.1355918438493152e-1],
      [5.17039939069323e-1, 4.3863471792372488e-2]
    ]
  }
}
