{
  "name": "Laursen-Gellert 15b",
  "domain": "T2",
  "degree": 10,
  "test_tolerance": 1.7690944553802869e-15,
  "comments": ["precision improved with quadpy-optimize"],
  "data": {
    "centroid": [[8.1743329146285973e-2]],
    "d3_aa": [
      [4.595796360474478e-2, 1.3352968813149527e-2],
      [1.4216110105656449e-1, 3.2055373216943517e-2]
    ],
    "d3_ab": [
      [6.3904906396424016e-2, 3.4184648162959422e-2, 2.5297757707288409e-2],
      [1.4813288578382056e-1, 2.9619889488729782e-2, 2.836766533993848e-2],
      [3.2181299528883545e-1, 3.6914678182781091e-1, 1.6370173373718244e-1]
    ]
  }
}
