{
  "name": "Laursen-Gellert 13",
  "domain": "T2",
  "degree": 9,
  "test_tolerance": 1.8597503231340101e-15,
  "comments": ["precision improved with quadpy-optimize"],
  "data": {
    "centroid": [[9.7135796282798531e-2]],
    "d3_aa": [
      [
        3.1334700227139287e-2, 7.7827541004774237e-2, 7.9647738927210152e-2,
        2.5577675658698014e-2
      ],
      [
        4.8968251919873751e-1, 4.3708959149293641e-1, 1.8820353561903266e-1,
        4.4729513394452719e-2
      ]
    ],
    "d3_ab": [
      [4.3283539377289341e-2],
      [3.68384120547363e-2],
      [2.2196298916076582e-1]
    ]
  }
}
