{
  "name": "Luo-Meng 7",
  "domain": "S2",
  "degree": 17,
  "test_tolerance": 1.0e-100,
  "weight factor": 0.318309886183790671537767526745028724068919291480912897495,
  "data": {
    "zero2": [[0.62831853071796]],
    "c2_a0": [
      [0.04172134401374, 2.312500019706606e-5],
      [1.60363181798263, 3.30966679783376]
    ],
    "sxy": [
      [
        0.15739501981117, 0.15739501981117, 0.15739501981117, 0.04163923078518,
        0.04166872260747, 0.04170520866795, 0.00248954249688, 0.00252313408619,
        0.00256386275246, 0.00258875098551, 1.709615741554363e-5,
        2.053886363962915e-5, 2.222665327035189e-5, 2.292272152266965e-5
      ],
      [
        0.22313923447538, 0.60962772574453, 0.83276696021278, 0.35648911914249,
        0.99921385294824, 1.44454064039602, 0.45703259734803, 1.31014474018574,
        1.97776433468844, 2.34618078213053, 0.4530493717044, 1.44579291938731,
        2.39757845514132, 3.06875713971016
      ],
      [
        0.83276696021106, 0.60962772573512, 0.22313923446896, 1.56350584123606,
        1.25427536200095, 0.69637442937729, 2.34995743719975, 2.00367150787068,
        1.3489355018397, 0.47604042816812, 3.27851194591105, 2.97717603559694,
        2.28155908626652, 1.23960636097153
      ]
    ]
  }
}
