{
  "name": "Luo-Meng 5",
  "domain": "S2",
  "degree": 15,
  "test_tolerance": 4.055e-15,
  "weight factor": 3.1830988618379069e-1,
  "comments": ["precision improved with quadpy-optimize"],
  "data": {
    "c2_a0": [
      [5.4640911377808195e-2, 7.3843446845199626e-2],
      [2.6349922998460873e-1, 8.1852948743014009e-1]
    ],
    "sxy": [
      [
        5.464091124511139e-2, 5.464091131591476e-2, 8.535187281721901e-2,
        8.5365607033630803e-2, 8.5379323597944409e-2, 7.2540800172717662e-2,
        7.3031554826648415e-2, 7.36027250268282e-2, 3.2551398774285964e-2,
        3.3649476683176208e-2, 3.4857594245180368e-2, 3.5543808547287691e-2
      ],
      [
        8.142573997926475e-2, 2.1317535496856488e-1, 1.4865659379776686e-1,
        4.0617004423167835e-1, 5.5488321130795981e-1, 1.8047783326860145e-1,
        5.0739130020592704e-1, 7.3617733529728269e-1, 1.7885299875231075e-1,
        5.1771758964947567e-1, 7.906275860165568e-1, 9.4452004763165354e-1
      ],
      [
        2.5060265974297358e-1, 1.5488096151172548e-1, 5.5489701326235541e-1,
        4.0624545951421831e-1, 1.4870810340113522e-1, 7.9838479036806564e-1,
        6.422963414709526e-1, 3.5781762503786607e-1, 9.4793447064360858e-1,
        8.1396354535342041e-1, 5.5269899224331243e-1, 1.9608680582591595e-1
      ]
    ]
  }
}
