{
  "name": "Luo-Meng 3",
  "domain": "S2",
  "degree": 11,
  "test_tolerance": 4.219e-15,
  "weight factor": 3.183098861837907e-1,
  "comments": ["precision improved with quadpy-optimize"],
  "data": {
    "c2_a0": [[1.398062018621076e-1], [7.071067811865476e-1]],
    "sxy": [
      [
        1.394804395076672e-1, 1.396823099601457e-1, 7.075156570176307e-2,
        7.284300646889769e-2, 7.457158432863092e-2
      ],
      [
        2.182525075456813e-1, 5.71806358998836e-1, 2.365511901974593e-1,
        6.559028277674561e-1, 9.08080909735395e-1
      ],
      [
        6.725814768115621e-1, 4.159777491747539e-1, 9.11779506809024e-1,
        6.760841775603068e-1, 2.503745114720727e-1
      ]
    ],
    "d4_ab": [
      [1.090830782496458e-1],
      [1.284709179903527e-1],
      [3.101562325828296e-1]
    ]
  }
}
