{
  "name": "Luo-Meng 1",
  "domain": "S2",
  "degree": 7,
  "test_tolerance": 1.076e-15,
  "weight factor": 3.183098861837907e-1,
  "comments": ["precision improved with quadpy-optimize"],
  "data": {
    "c2_a0": [[2.617993760370945e-1], [4.597008574874635e-1]],
    "sxy": [
      [2.617993936801769e-1, 1.950140789475021e-1, 1.976850027512217e-1],
      [2.298504230740019e-1, 3.370397512080423e-1, 8.1932059135959e-1],
      [3.981125995659132e-1, 8.216321185459738e-1, 3.426206438754766e-1]
    ]
  }
}
