{
  "name": "Luo-Meng 2",
  "domain": "S2",
  "degree": 9,
  "test_tolerance": 6.758e-16,
  "weight factor": 3.183098861837907e-1,
  "comments": ["precision improved with quadpy-optimize"],
  "data": {
    "zero2": [[3.49065850398866e-1]],
    "d4_ab": [
      [2.012527133278051e-1],
      [2.280263556769715e-1],
      [5.505043204538558e-1]
    ],
    "sxy": [
      [1.166103997667332e-1, 1.18911625353344e-1],
      [2.79593873770583e-1, 7.393051718617614e-1],
      [8.756576043341811e-1, 5.462388096215514e-1]
    ],
    "c2_a0": [[1.20208498044089e-1], [9.192110607898046e-1]]
  }
}
