{
  "name": "Luo-Meng 4",
  "domain": "S2",
  "degree": 13,
  "test_tolerance": 2.153e-15,
  "weight factor": 3.183098861837907e-1,
  "comments": ["precision improved with quadpy-optimize"],
  "data": {
    "zero2": [[1.96349540849362e-1]],
    "c2_a0": [
      [5.118841995038547e-2, 1.033094899829502e-1],
      [9.546790248493252e-1, 4.608042298403351e-1]
    ],
    "sxy": [
      [
        1.033094899821707e-1, 1.03309489982376e-1, 1.013019642883961e-1,
        1.016315917681588e-1, 1.019528814157568e-1, 4.772103677724791e-2,
        4.919131994148312e-2, 5.064404906285075e-2
      ],
      [
        1.423963381002918e-1, 3.727984530208387e-1, 1.982017738364853e-1,
        5.423787774929016e-1, 7.420938368731655e-1, 2.043567172737364e-1,
        5.813572776870819e-1, 8.542887598558982e-1
      ],
      [
        4.382508655264175e-1, 2.708539304953e-1, 7.42461576384414e-1,
        5.443880943635553e-1, 1.995742288824467e-1, 9.325504665123308e-1,
        7.572554101276578e-1, 4.26148747823072e-1
      ]
    ]
  }
}
