{
  "name": "Luo-Meng 6",
  "domain": "S2",
  "degree": 17,
  "test_tolerance": 4.941e-14,
  "weight factor": 3.1830988618379069e-1,
  "comments": ["precision improved with quadpy-optimize"],
  "data": {
    "zero2": [[1.2566370614359254e-1]],
    "c2_a0": [
      [7.0032904822492456e-2, 2.6282427565986761e-2],
      [6.452980455880204e-1, 9.7102821992273292e-1]
    ],
    "sxy": [
      [
        5.8408464753149855e-2, 5.8408464679087335e-2, 5.8408464725605749e-2,
        6.9920182230925609e-2, 6.9960621124088546e-2, 7.0010722677498888e-2,
        5.4512219941019721e-2, 5.4970500732986087e-2, 5.5557967001423299e-2,
        5.5935809883782238e-2, 2.3736044177527324e-2, 2.4505549972273537e-2,
        2.5426374419741379e-2, 2.6063184348200916e-2
      ],
      [
        9.6758129932887113e-2, 3.6110625675464947e-1, 2.6434812694048582e-1,
        1.4347639333999329e-1, 4.0212812179004975e-1, 5.8130075071570331e-1,
        1.635987747570696e-1, 4.6782321680540506e-1, 7.0405774446983616e-1,
        8.3361584135439837e-1, 1.5912091677021711e-1, 4.6530163489699916e-1,
        7.2779904913939264e-1, 9.0714987061314867e-1
      ],
      [
        3.6110625671910956e-1, 9.6758129800255666e-2, 2.643481267472918e-1,
        6.2914552544718849e-1, 5.046806329646838e-1, 2.8017673858868331e-1,
        8.3450130453015192e-1, 7.1013972158815664e-1, 4.7692733074428506e-1,
        1.6805241863087539e-1, 9.5790205017646479e-1, 8.5228527644645791e-1,
        6.4280972920176738e-1, 3.4637395417686645e-1
      ]
    ]
  }
}
