{
  "name": "Piessens-Haegemans 2",
  "domain": "C2",
  "degree": 9,
  "test_tolerance": 8.049e-16,
  "weight factor": 0.25,
  "data": {
    "sxy": [
      [
        0.42853317248897088536e-1, 0.25788406360659644304,
        0.19397744037003970872
      ],
      [0.93742666622066710914, 0.57077001686857404415, 0.8977422417984857297],
      [0.94145119299928430974, 0.79214654516847247531, 0.4000173389763369286]
    ],
    "c2": [
      [0.45212398131214854997, 0.10243215270991495821, 0.45601422352687001122],
      [0.49471787965159623409, 0, 0],
      [0, 0.98085697194664054422, 0.48311469619727965642]
    ]
  }
}
