{
  "name": "Piessens-Haegemans 1",
  "domain": "C2",
  "degree": 9,
  "test_tolerance": 8.882e-16,
  "weight factor": 0.25,
  "data": {
    "sxy": [
      [
        0.68416522462309305679e-1, 0.27903384209687301395,
        0.16806533822999587126
      ],
      [0.87980721399752853896, 0.50445910315479838456, 0.91531235408227324183],
      [0.92797961509268528861, 0.7534719910316150538, 0.42299357094876513066]
    ],
    "c2": [
      [0.40927359555433144329, 0.10648011781560231854, 0.45321488105170985638],
      [0.57882826011929170546, 0, 0],
      [0, 0.97700090158004246059, 0.39364057271848893512]
    ]
  }
}
