{
  "name": "Shunn-Ham 4",
  "domain": "T3",
  "degree": 5,
  "test_tolerance": 3.331e-16,
  "data": {
    "s31": [
      [0.0070670747944695, 0.101936918289868],
      [0.0323525947272439, 0.309769304272862]
    ],
    "s211": [[0.0469986689718877], [0.0603604415251421], [0.262682583887779]]
  }
}
