{
  "name": "Shunn-Ham 3",
  "domain": "T3",
  "degree": 3,
  "test_tolerance": 1.903e-16,
  "data": {
    "s31": [[0.0476331348432089], [0.0738349017262234]],
    "s22": [[0.134911243437861], [0.0937556561159491]]
  }
}
