{
  "name": "Shunn-Ham 5",
  "domain": "T3",
  "degree": 6,
  "test_tolerance": 9.516e-17,
  "data": {
    "s4": [[0.093174573119534]],
    "s31": [[0.0021900463965388], [0.0267367755543735]],
    "s22": [[0.0250305395686746], [0.0452454000155172]],
    "s211": [
      [0.0143395670177665, 0.0479839333057554],
      [0.0391022406356488, 0.223201037962315],
      [0.747759888481809, 0.050479279060772]
    ]
  }
}
