{
  "name": "Shunn-Ham 6",
  "domain": "T3",
  "degree": 8,
  "test_tolerance": 1.665e-16,
  "data": {
    "s31": [
      [0.001037311233614, 0.0366291366405108],
      [0.0149520651530592, 0.134478334792994]
    ],
    "s211": [
      [
        0.009601664539948, 0.0164493976798232, 0.015374776651331,
        0.029352011837523
      ],
      [
        0.0340960211962615, 0.0462051504150017, 0.228190461068761,
        0.352305260087994
      ],
      [
        0.151831949165937, 0.552655643106017, 0.0055147549744775,
        0.099205720249453
      ]
    ]
  }
}
