{
  "name": "Gatermann",
  "domain": "T2",
  "degree": 7,
  "test_tolerance": 1.4445166104262934e-15,
  "weight factor": 2.0,
  "comments": ["precision improved with quadpy-optimize"],
  "data": {
    "c3_ab": [
      [
        2.651702815743626e-2, 4.3881408714446068e-2, 2.8775042784981629e-2,
        6.749318700980278e-2
      ],
      [
        6.238226509440209e-2, 5.5225456656926609e-2, 3.4324302945097175e-2,
        5.1584233435359172e-1
      ],
      [
        6.7517867073916105e-2, 3.2150249385198182e-1, 6.6094919618673564e-1,
        2.7771616697639184e-1
      ]
    ]
  }
}
