{
  "name": "Cools-Haegemans 1988 1",
  "domain": "C2",
  "degree": 11,
  "test_tolerance": 4.441e-16,
  "weight factor": 0.25,
  "data": {
    "c4": [
      [
        0.0480207633507238145627631759775806,
        0.0660713291645505956736350808495464,
        0.0973867773586681641961204397995472,
        0.211736349998948600503931661356261, 0.22562606172886338740315801620849,
        0.351158718398245437660391625808574
      ],
      [
        0.982639223540855472952491497004009, 0.82577583590296393730227458528994,
        0.188586138718641954600324568182745,
        0.812520548304813100489382581912299,
        0.525320250364547762341631887140024,
        0.0416580719120223682735468045377018
      ],
      [
        0.698076104549567564776469806174958,
        0.939486382816736907206432362169896,
        0.953539528201532015845004266823976,
        0.315623432915254195985609716402104,
        0.712001913075336306549065895123759, 0.424847248848669250615430111511957
      ]
    ]
  }
}
