{
  "name": "Cools-Haegemans 1988 2",
  "domain": "C2",
  "degree": 13,
  "test_tolerance": 6.661e-16,
  "weight factor": 0.25,
  "data": {
    "zero2": [[0.30038211543122536139]],
    "c4": [
      [
        0.29991838864499131666e-1, 0.3817442131708366964e-1,
        0.60424923817749980681e-1, 0.77492738533105339358e-1,
        0.11884466730059560108, 0.12976355037000271129, 0.21334158145718938943,
        0.25687074948196783651
      ],
      [
        0.77880971155441942252, 0.95729769978630736566, 0.13818345986246535375,
        0.94132722587292523695, 0.47580862521827590507, 0.75580535657208143627,
        0.69625007849174941396, 0.34271655604040678941
      ],
      [
        0.98348668243987226379, 0.85955600564163892859, 0.95892517028753485754,
        0.39073621612946100068, 0.85007667369974857597, 0.64782163718701073204,
        0.70741508996444936217e-1, 0.4093045616940388433
      ]
    ]
  }
}
